account_name,account_number,bank_name,currency,location,bic,iban,account_status,account_type,closing_ledger_balance,closing_ledger_brought_forward_from,closing_available_balance,closing_available_brought_forward_from,current_ledger_balance,current_ledger_as_at,current_available_balance,current_available_as_at,bank_reference,narrative,customer_reference,TRN_type,value_date,credit_amount,debit_amount,balance,time,post_date
Demo Company Pvt Ltd,1234567890,Demo Bank Ltd,INR,Coimbatore,DEMOINCCXXX,IN00DEMO1234567890,ACTIVE,CURRENT,106558.71,2026-01-31,106558.71,2026-01-31,106558.71,2026-02-01 00:22:32,106558.71,2026-02-01 00:22:32,BNK-D2EB2C629608,GL-C98409F07EC7 Customer collection BANK,CUST-2BAD1122,TRANSFER,2026-02-01,6558.71,0.00,106558.71,00:22:32,2026-02-01
Demo Company Pvt Ltd,1234567890,Demo Bank Ltd,INR,Coimbatore,DEMOINCCXXX,IN00DEMO1234567890,ACTIVE,CURRENT,116915.04,2026-01-31,116915.04,2026-01-31,116915.04,2026-02-01 01:12:42,116915.04,2026-02-01 01:12:42,BNK-3008999F523C,GL-984ED9DA5131 Invoice settlement,CUST-4275D833,TRANSFER,2026-02-01,10356.33,0.00,116915.04,01:12:42,2026-02-02
Demo Company Pvt Ltd,1234567890,Demo Bank Ltd,INR,Coimbatore,DEMOINCCXXX,IN00DEMO1234567890,ACTIVE,CURRENT,133404.67,2026-01-31,133404.67,2026-01-31,133404.67,2026-02-01 01:35:56,133404.67,2026-02-01 01:35:56,BNK-F49E6F4F4D17,GL-1FCE619260C9 Invoice settlement,CUST-C1666831,RECEIPT,2026-02-01,16489.63,0.00,133404.67,01:35:56,2026-02-02
Demo Company Pvt Ltd,1234567890,Demo Bank Ltd,INR,Coimbatore,DEMOINCCXXX,IN00DEMO1234567890,ACTIVE,CURRENT,144463.11,2026-01-31,144463.11,2026-01-31,144463.11,2026-02-01 02:19:31,144463.11,2026-02-01 02:19:31,BNK-1E55B6C77822,GL-5D2AC1BD98AD NEFT transfer,CUST-9A83B517,TRANSFER,2026-02-01,11058.44,0.00,144463.11,02:19:31,2026-02-02
Demo Company Pvt Ltd,1234567890,Demo Bank Ltd,INR,Coimbatore,DEMOINCCXXX,IN00DEMO1234567890,ACTIVE,CURRENT,124198.23,2026-01-31,124198.23,2026-01-31,124198.23,2026-02-01 02:39:27,124198.23,2026-02-01 02:39:27,BNK-084A80AA4C8F,GL-9E2DB46F7596 Customer collection BANK,CUST-C4596658,PAYMENT,2026-02-01,0.00,20264.88,124198.23,02:39:27,2026-02-02
Demo Company Pvt Ltd,1234567890,Demo Bank Ltd,INR,Coimbatore,DEMOINCCXXX,IN00DEMO1234567890,ACTIVE,CURRENT,151833.11,2026-01-31,151833.11,2026-01-31,151833.11,2026-02-01 03:35:22,151833.11,2026-02-01 03:35:22,BNK-AE196E91A1A6,GL-C7AE0E1475F7 NEFT transfer BANK,CUST-B71DC4E4,CHARGEBACK,2026-02-01,27634.88,0.00,151833.11,03:35:22,2026-02-02
Demo Company Pvt Ltd,1234567890,Demo Bank Ltd,INR,Coimbatore,DEMOINCCXXX,IN00DEMO1234567890,ACTIVE,CURRENT,153221.23,2026-01-31,153221.23,2026-01-31,153221.23,2026-02-01 04:22:55,153221.23,2026-02-01 04:22:55,BNK-CB47E70DCE73,GL-D1A406B2C2BB Customer collection,CUST-008CF258,CHARGEBACK,2026-02-01,1388.12,0.00,153221.23,04:22:55,2026-02-02
Demo Company Pvt Ltd,1234567890,Demo Bank Ltd,INR,Coimbatore,DEMOINCCXXX,IN00DEMO1234567890,ACTIVE,CURRENT,177904.83,2026-01-31,177904.83,2026-01-31,177904.83,2026-02-01 04:56:21,177904.83,2026-02-01 04:56:21,BNK-94A051418B75,GL-5C6E16DCFEEF Customer collection BANK,CUST-42AB8FF2,PAYMENT,2026-02-03,24683.60,0.00,177904.83,04:56:21,2026-02-04
Demo Company Pvt Ltd,1234567890,Demo Bank Ltd,INR,Coimbatore,DEMOINCCXXX,IN00DEMO1234567890,ACTIVE,CURRENT,181936.37,2026-01-31,181936.37,2026-01-31,181936.37,2026-02-01 05:51:25,181936.37,2026-02-01 05:51:25,BNK-D83B389C2391,GL-1887CFA1AFBD Customer collection BANK,CUST-04B7E604,CHARGEBACK,2026-02-03,4031.54,0.00,181936.37,05:51:25,2026-02-04
Demo Company Pvt Ltd,1234567890,Demo Bank Ltd,INR,Coimbatore,DEMOINCCXXX,IN00DEMO1234567890,ACTIVE,CURRENT,198776.67,2026-01-31,198776.67,2026-01-31,198776.67,2026-02-01 06:48:10,198776.67,2026-02-01 06:48:10,BNK-781B9709C469,GL-E2FB6E831E5D Invoice settlement,CUST-EB3CD27E,PAYMENT,2026-02-03,16840.30,0.00,198776.67,06:48:10,2026-02-04
Demo Company Pvt Ltd,1234567890,Demo Bank Ltd,INR,Coimbatore,DEMOINCCXXX,IN00DEMO1234567890,ACTIVE,CURRENT,191233.56,2026-01-31,191233.56,2026-01-31,191233.56,2026-02-01 07:40:17,191233.56,2026-02-01 07:40:17,BNK-18B402D4EE4E,GL-C4D10BCB771E Vendor payout BANK,CUST-EABF7981,TRANSFER,2026-02-03,0.00,7543.11,191233.56,07:40:17,2026-02-04
Demo Company Pvt Ltd,1234567890,Demo Bank Ltd,INR,Coimbatore,DEMOINCCXXX,IN00DEMO1234567890,ACTIVE,CURRENT,210252.36,2026-01-31,210252.36,2026-01-31,210252.36,2026-02-01 08:34:44,210252.36,2026-02-01 08:34:44,BNK-06EFEF4A5DDD,GL-E6E7C6576287 Customer collection BANK,CUST-F97676B0,CHARGEBACK,2026-02-03,19018.80,0.00,210252.36,08:34:44,2026-02-04
Demo Company Pvt Ltd,1234567890,Demo Bank Ltd,INR,Coimbatore,DEMOINCCXXX,IN00DEMO1234567890,ACTIVE,CURRENT,222590.96,2026-01-31,222590.96,2026-01-31,222590.96,2026-02-01 09:15:41,222590.96,2026-02-01 09:15:41,BNK-3AA4670E86EF,GL-A4960FF3FEF7 UPI transfer,CUST-061B3027,TRANSFER,2026-02-03,12338.60,0.00,222590.96,09:15:41,2026-02-04
Demo Company Pvt Ltd,1234567890,Demo Bank Ltd,INR,Coimbatore,DEMOINCCXXX,IN00DEMO1234567890,ACTIVE,CURRENT,241789.70,2026-01-31,241789.70,2026-01-31,241789.70,2026-02-01 10:06:20,241789.70,2026-02-01 10:06:20,BNK-9A16762A86A6,GL-880D570C4822 UPI transfer BANK,,RECEIPT,2026-02-03,19198.74,0.00,241789.70,10:06:20,2026-02-04
Demo Company Pvt Ltd,1234567890,Demo Bank Ltd,INR,Coimbatore,DEMOINCCXXX,IN00DEMO1234567890,ACTIVE,CURRENT,232565.04,2026-01-31,232565.04,2026-01-31,232565.04,2026-02-01 10:26:13,232565.04,2026-02-01 10:26:13,BNK-9706790547A6,GL-198CDF5A0C2C Vendor payout BANK,CUST-47AC88A2,PAYMENT,2026-02-03,0.00,9224.66,232565.04,10:26:13,2026-02-04
Demo Company Pvt Ltd,1234567890,Demo Bank Ltd,INR,Coimbatore,DEMOINCCXXX,IN00DEMO1234567890,ACTIVE,CURRENT,216028.05,2026-01-31,216028.05,2026-01-31,216028.05,2026-02-01 10:41:41,216028.05,2026-02-01 10:41:41,,GL-83E7C75AF3EA Invoice settlement BANK REFERENCE_DROP,,TRANSFER,2026-02-03,0.00,16536.99,216028.05,10:41:41,2026-02-04
Demo Company Pvt Ltd,1234567890,Demo Bank Ltd,INR,Coimbatore,DEMOINCCXXX,IN00DEMO1234567890,ACTIVE,CURRENT,217549.31,2026-01-31,217549.31,2026-01-31,217549.31,2026-02-01 11:18:20,217549.31,2026-02-01 11:18:20,BNK-EEE8A15EEBEA,GL-F954053AFAF9 Invoice settlement,CUST-3D6A4F42,PAYMENT,2026-02-03,1521.26,0.00,217549.31,11:18:20,2026-02-04
Demo Company Pvt Ltd,1234567890,Demo Bank Ltd,INR,Coimbatore,DEMOINCCXXX,IN00DEMO1234567890,ACTIVE,CURRENT,233287.19,2026-01-31,233287.19,2026-01-31,233287.19,2026-02-01 12:00:37,233287.19,2026-02-01 12:00:37,BNK-1B5357F7C794,GL-1D964959B7EA Vendor payout BANK,,TRANSFER,2026-02-03,15737.88,0.00,233287.19,12:00:37,2026-02-04
Demo Company Pvt Ltd,1234567890,Demo Bank Ltd,INR,Coimbatore,DEMOINCCXXX,IN00DEMO1234567890,ACTIVE,CURRENT,254145.67,2026-01-31,254145.67,2026-01-31,254145.67,2026-02-01 13:00:29,254145.67,2026-02-01 13:00:29,,GL-8EFCF455CC86 Invoice settlement BANK REFERENCE_DROP,,RECEIPT,2026-02-03,20858.48,0.00,254145.67,13:00:29,2026-02-04
Demo Company Pvt Ltd,1234567890,Demo Bank Ltd,INR,Coimbatore,DEMOINCCXXX,IN00DEMO1234567890,ACTIVE,CURRENT,279561.73,2026-01-31,279561.73,2026-01-31,279561.73,2026-02-01 13:35:10,279561.73,2026-02-01 13:35:10,BNK-1D57F24FF6DD,GL-FAA036AF5D76 NEFT transfer BANK,CUST-1A7FD8D9,TRANSFER,2026-02-03,25416.06,0.00,279561.73,13:35:10,2026-02-04
Demo Company Pvt Ltd,1234567890,Demo Bank Ltd,INR,Coimbatore,DEMOINCCXXX,IN00DEMO1234567890,ACTIVE,CURRENT,257867.24,2026-01-31,257867.24,2026-01-31,257867.24,2026-02-01 14:34:40,257867.24,2026-02-01 14:34:40,BNK-8C60CD761024,GL-613FEF192488 Customer collection BANK,,PAYMENT,2026-02-03,0.00,21694.49,257867.24,14:34:40,2026-02-04
Demo Company Pvt Ltd,1234567890,Demo Bank Ltd,INR,Coimbatore,DEMOINCCXXX,IN00DEMO1234567890,ACTIVE,CURRENT,252497.06,2026-01-31,252497.06,2026-01-31,252497.06,2026-02-01 15:16:31,252497.06,2026-02-01 15:16:31,BNK-65556E3B2AD0,GL-6518D2E1DDB5 UPI transfer BANK,CUST-CD04306F,TRANSFER,2026-02-03,0.00,5370.18,252497.06,15:16:31,2026-02-04
Demo Company Pvt Ltd,1234567890,Demo Bank Ltd,INR,Coimbatore,DEMOINCCXXX,IN00DEMO1234567890,ACTIVE,CURRENT,262576.90,2026-01-31,262576.90,2026-01-31,262576.90,2026-02-01 15:32:11,262576.90,2026-02-01 15:32:11,BNK-04A03D68D17D,GL-FC6462C1583F Customer collection,,CHARGEBACK,2026-02-03,10079.84,0.00,262576.90,15:32:11,2026-02-04
Demo Company Pvt Ltd,1234567890,Demo Bank Ltd,INR,Coimbatore,DEMOINCCXXX,IN00DEMO1234567890,ACTIVE,CURRENT,244689.97,2026-01-31,244689.97,2026-01-31,244689.97,2026-02-01 16:23:00,244689.97,2026-02-01 16:23:00,BNK-0C080AE0E715,GL-3380FF22B757 NEFT transfer BANK,CUST-7DE1BDCE,PAYMENT,2026-02-03,0.00,17886.93,244689.97,16:23:00,2026-02-04
Demo Company Pvt Ltd,1234567890,Demo Bank Ltd,INR,Coimbatore,DEMOINCCXXX,IN00DEMO1234567890,ACTIVE,CURRENT,251692.11,2026-01-31,251692.11,2026-01-31,251692.11,2026-02-01 16:51:32,251692.11,2026-02-01 16:51:32,BNK-C6D809A88B63,GL-2367B653E93E Invoice settlement BANK,CUST-09FB7C90,TRANSFER,2026-02-03,7002.14,0.00,251692.11,16:51:32,2026-02-04
Demo Company Pvt Ltd,1234567890,Demo Bank Ltd,INR,Coimbatore,DEMOINCCXXX,IN00DEMO1234567890,ACTIVE,CURRENT,244638.20,2026-01-31,244638.20,2026-01-31,244638.20,2026-02-01 17:27:24,244638.20,2026-02-01 17:27:24,,GL-9FFED800BFB8 Customer collection BANK REFERENCE_DROP,,CHARGEBACK,2026-02-03,0.00,7053.91,244638.20,17:27:24,2026-02-04
Demo Company Pvt Ltd,1234567890,Demo Bank Ltd,INR,Coimbatore,DEMOINCCXXX,IN00DEMO1234567890,ACTIVE,CURRENT,226421.50,2026-01-31,226421.50,2026-01-31,226421.50,2026-02-01 18:24:00,226421.50,2026-02-01 18:24:00,BNK-518D77E93C10,GL-EA4B83522772 UPI transfer BANK,CUST-740DADE2,PAYMENT,2026-02-03,0.00,18216.70,226421.50,18:24:00,2026-02-04
Demo Company Pvt Ltd,1234567890,Demo Bank Ltd,INR,Coimbatore,DEMOINCCXXX,IN00DEMO1234567890,ACTIVE,CURRENT,220331.85,2026-01-31,220331.85,2026-01-31,220331.85,2026-02-01 19:10:20,220331.85,2026-02-01 19:10:20,BNK-C8F7DDA39723,GL-56576D84AB4A Vendor payout BANK,CUST-30701177,PAYMENT,2026-02-03,0.00,6089.65,220331.85,19:10:20,2026-02-04
Demo Company Pvt Ltd,1234567890,Demo Bank Ltd,INR,Coimbatore,DEMOINCCXXX,IN00DEMO1234567890,ACTIVE,CURRENT,230770.89,2026-01-31,230770.89,2026-01-31,230770.89,2026-02-01 20:03:54,230770.89,2026-02-01 20:03:54,BNK-6EACB40497A2,GL-B9969016F1BD Vendor payout,,CHARGEBACK,2026-02-03,10439.04,0.00,230770.89,20:03:54,2026-02-04
Demo Company Pvt Ltd,1234567890,Demo Bank Ltd,INR,Coimbatore,DEMOINCCXXX,IN00DEMO1234567890,ACTIVE,CURRENT,207999.69,2026-01-31,207999.69,2026-01-31,207999.69,2026-02-01 20:28:47,207999.69,2026-02-01 20:28:47,BNK-AE53306B1039,GL-AA724BB2FDDA Invoice settlement BANK,,PAYMENT,2026-02-03,0.00,22771.20,207999.69,20:28:47,2026-02-04
Demo Company Pvt Ltd,1234567890,Demo Bank Ltd,INR,Coimbatore,DEMOINCCXXX,IN00DEMO1234567890,ACTIVE,CURRENT,197237.40,2026-01-31,197237.40,2026-01-31,197237.40,2026-02-01 20:48:44,197237.40,2026-02-01 20:48:44,BNK-C9710E68EA34,GL-654193D090BC Customer collection,,RECEIPT,2026-02-04,0.00,10762.29,197237.40,20:48:44,2026-02-05
Demo Company Pvt Ltd,1234567890,Demo Bank Ltd,INR,Coimbatore,DEMOINCCXXX,IN00DEMO1234567890,ACTIVE,CURRENT,186459.26,2026-01-31,186459.26,2026-01-31,186459.26,2026-02-01 21:18:09,186459.26,2026-02-01 21:18:09,BNK-1CE6E4A4CCB3,GL-491A164BD29A Invoice settlement,,RECEIPT,2026-02-04,0.00,10778.14,186459.26,21:18:09,2026-02-05
Demo Company Pvt Ltd,1234567890,Demo Bank Ltd,INR,Coimbatore,DEMOINCCXXX,IN00DEMO1234567890,ACTIVE,CURRENT,173949.68,2026-01-31,173949.68,2026-01-31,173949.68,2026-02-01 22:15:11,173949.68,2026-02-01 22:15:11,BNK-4FB1D933C1C8,GL-339618EEE031 Customer collection,CUST-A46879BB,TRANSFER,2026-02-04,0.00,12509.58,173949.68,22:15:11,2026-02-05
Demo Company Pvt Ltd,1234567890,Demo Bank Ltd,INR,Coimbatore,DEMOINCCXXX,IN00DEMO1234567890,ACTIVE,CURRENT,154467.10,2026-01-31,154467.10,2026-01-31,154467.10,2026-02-01 22:44:23,154467.10,2026-02-01 22:44:23,BNK-3245E4F6F75A,GL-F62CD47A69F9 Invoice settlement BANK,CUST-139BF760,CHARGEBACK,2026-02-04,0.00,19482.58,154467.10,22:44:23,2026-02-05
Demo Company Pvt Ltd,1234567890,Demo Bank Ltd,INR,Coimbatore,DEMOINCCXXX,IN00DEMO1234567890,ACTIVE,CURRENT,140167.65,2026-01-31,140167.65,2026-01-31,140167.65,2026-02-01 23:22:29,140167.65,2026-02-01 23:22:29,BNK-FC7936E4E07D,GL-85C9FFDC5A05 UPI transfer BANK POLARITY_REVERSAL,CUST-EA8864F9,CHARGEBACK,2026-02-04,0.00,14299.45,140167.65,23:22:29,2026-02-05
Demo Company Pvt Ltd,1234567890,Demo Bank Ltd,INR,Coimbatore,DEMOINCCXXX,IN00DEMO1234567890,ACTIVE,CURRENT,150714.02,2026-02-01,150714.02,2026-02-01,150714.02,2026-02-02 00:22:14,150714.02,2026-02-02 00:22:14,BNK-31F569A62D08,GL-ED9C00FFB709 NEFT transfer,,CHARGEBACK,2026-02-04,10546.37,0.00,150714.02,00:22:14,2026-02-05
Demo Company Pvt Ltd,1234567890,Demo Bank Ltd,INR,Coimbatore,DEMOINCCXXX,IN00DEMO1234567890,ACTIVE,CURRENT,140576.20,2026-02-01,140576.20,2026-02-01,140576.20,2026-02-02 01:01:56,140576.20,2026-02-02 01:01:56,BNK-EC8800042EF2,GL-8BF4F368605F Invoice settlement,CUST-8815D428,TRANSFER,2026-02-04,0.00,10137.82,140576.20,01:01:56,2026-02-05
Demo Company Pvt Ltd,1234567890,Demo Bank Ltd,INR,Coimbatore,DEMOINCCXXX,IN00DEMO1234567890,ACTIVE,CURRENT,130438.38,2026-02-01,130438.38,2026-02-01,130438.38,2026-02-02 01:18:42,130438.38,2026-02-02 01:18:42,BNK-EC8800042EF2-DUP,GL-8BF4F368605F Invoice settlement DUPLICATE_POSTING,CUST-8815D428,TRANSFER,2026-02-04,0.00,10137.82,130438.38,01:18:42,2026-02-05
Demo Company Pvt Ltd,1234567890,Demo Bank Ltd,INR,Coimbatore,DEMOINCCXXX,IN00DEMO1234567890,ACTIVE,CURRENT,143021.92,2026-02-01,143021.92,2026-02-01,143021.92,2026-02-02 01:37:03,143021.92,2026-02-02 01:37:03,BNK-7421FEE7F4EF,GL-2F50834DB120 NEFT transfer BANK POLARITY_REVERSAL,CUST-A3437C1D,PAYMENT,2026-02-04,12583.54,0.00,143021.92,01:37:03,2026-02-05
Demo Company Pvt Ltd,1234567890,Demo Bank Ltd,INR,Coimbatore,DEMOINCCXXX,IN00DEMO1234567890,ACTIVE,CURRENT,126957.61,2026-02-01,126957.61,2026-02-01,126957.61,2026-02-02 02:13:07,126957.61,2026-02-02 02:13:07,BNK-B72F05A88FC9,GL-2E5756934AC4 Customer collection BANK,CUST-DB7FDB39,TRANSFER,2026-02-04,0.00,16064.31,126957.61,02:13:07,2026-02-05
Demo Company Pvt Ltd,1234567890,Demo Bank Ltd,INR,Coimbatore,DEMOINCCXXX,IN00DEMO1234567890,ACTIVE,CURRENT,141591.49,2026-02-01,141591.49,2026-02-01,141591.49,2026-02-02 03:11:01,141591.49,2026-02-02 03:11:01,BNK-B582725C2F37,GL-1758E65E640F NEFT transfer BANK,CUST-4D296767,RECEIPT,2026-02-04,14633.88,0.00,141591.49,03:11:01,2026-02-05
Demo Company Pvt Ltd,1234567890,Demo Bank Ltd,INR,Coimbatore,DEMOINCCXXX,IN00DEMO1234567890,ACTIVE,CURRENT,130606.59,2026-02-01,130606.59,2026-02-01,130606.59,2026-02-02 04:08:22,130606.59,2026-02-02 04:08:22,BNK-0D5E822ED5CF,GL-AA40D30EEC1C UPI transfer,CUST-EE133D5E,CHARGEBACK,2026-02-04,0.00,10984.90,130606.59,04:08:22,2026-02-05
Demo Company Pvt Ltd,1234567890,Demo Bank Ltd,INR,Coimbatore,DEMOINCCXXX,IN00DEMO1234567890,ACTIVE,CURRENT,119260.64,2026-02-01,119260.64,2026-02-01,119260.64,2026-02-02 05:07:41,119260.64,2026-02-02 05:07:41,BNK-D21AA6EB2B48,GL-C7A97ED06D29 UPI transfer,CUST-C234F8CE,TRANSFER,2026-02-04,0.00,11345.95,119260.64,05:07:41,2026-02-05
Demo Company Pvt Ltd,1234567890,Demo Bank Ltd,INR,Coimbatore,DEMOINCCXXX,IN00DEMO1234567890,ACTIVE,CURRENT,146332.77,2026-02-01,146332.77,2026-02-01,146332.77,2026-02-02 05:52:30,146332.77,2026-02-02 05:52:30,BNK-3F4D198D9E03,GL-73E3ACF965C5 NEFT transfer BANK,CUST-A5F68457,CHARGEBACK,2026-02-04,27072.13,0.00,146332.77,05:52:30,2026-02-05
Demo Company Pvt Ltd,1234567890,Demo Bank Ltd,INR,Coimbatore,DEMOINCCXXX,IN00DEMO1234567890,ACTIVE,CURRENT,122362.62,2026-02-01,122362.62,2026-02-01,122362.62,2026-02-02 06:14:19,122362.62,2026-02-02 06:14:19,BNK-CE1D26E6D6FB,GL-847B1C18599E Invoice settlement BANK,CUST-3D40E3A3,PAYMENT,2026-02-04,0.00,23970.15,122362.62,06:14:19,2026-02-05
Demo Company Pvt Ltd,1234567890,Demo Bank Ltd,INR,Coimbatore,DEMOINCCXXX,IN00DEMO1234567890,ACTIVE,CURRENT,131241.64,2026-02-01,131241.64,2026-02-01,131241.64,2026-02-02 06:38:25,131241.64,2026-02-02 06:38:25,BNK-0D3E41009A48,GL-F5A163AE7F99 Vendor payout POLARITY_REVERSAL,CUST-38ABBF30,TRANSFER,2026-02-04,8879.02,0.00,131241.64,06:38:25,2026-02-05
Demo Company Pvt Ltd,1234567890,Demo Bank Ltd,INR,Coimbatore,DEMOINCCXXX,IN00DEMO1234567890,ACTIVE,CURRENT,138452.64,2026-02-01,138452.64,2026-02-01,138452.64,2026-02-02 07:26:50,138452.64,2026-02-02 07:26:50,BNK-01582410DF03,GL-884D38A202C4 Customer collection BANK,CUST-5B9440A0,CHARGEBACK,2026-02-04,7211.00,0.00,138452.64,07:26:50,2026-02-05
Demo Company Pvt Ltd,1234567890,Demo Bank Ltd,INR,Coimbatore,DEMOINCCXXX,IN00DEMO1234567890,ACTIVE,CURRENT,139831.63,2026-02-01,139831.63,2026-02-01,139831.63,2026-02-02 08:26:26,139831.63,2026-02-02 08:26:26,BNK-A0A566696601,GL-4349091796CB Vendor payout BANK,,PAYMENT,2026-02-04,1378.99,0.00,139831.63,08:26:26,2026-02-05
Demo Company Pvt Ltd,1234567890,Demo Bank Ltd,INR,Coimbatore,DEMOINCCXXX,IN00DEMO1234567890,ACTIVE,CURRENT,156473.94,2026-02-01,156473.94,2026-02-01,156473.94,2026-02-02 09:07:51,156473.94,2026-02-02 09:07:51,BNK-FC45337EF920,GL-64569B0CA889 Invoice settlement,CUST-BF2A1EF7,CHARGEBACK,2026-02-04,16642.31,0.00,156473.94,09:07:51,2026-02-05
Demo Company Pvt Ltd,1234567890,Demo Bank Ltd,INR,Coimbatore,DEMOINCCXXX,IN00DEMO1234567890,ACTIVE,CURRENT,156147.10,2026-02-01,156147.10,2026-02-01,156147.10,2026-02-02 09:26:14,156147.10,2026-02-02 09:26:14,BNK-3295F1E3FAEC,Overdraft Charge,,BANK_ONLY,2026-02-04,0.00,326.84,156147.10,09:26:14,2026-02-05
Demo Company Pvt Ltd,1234567890,Demo Bank Ltd,INR,Coimbatore,DEMOINCCXXX,IN00DEMO1234567890,ACTIVE,CURRENT,156396.07,2026-02-01,156396.07,2026-02-01,156396.07,2026-02-02 10:20:09,156396.07,2026-02-02 10:20:09,BNK-B72539BB48D6,Sweep Interest,,BANK_ONLY,2026-02-04,248.97,0.00,156396.07,10:20:09,2026-02-05
Demo Company Pvt Ltd,1234567890,Demo Bank Ltd,INR,Coimbatore,DEMOINCCXXX,IN00DEMO1234567890,ACTIVE,CURRENT,156506.95,2026-02-01,156506.95,2026-02-01,156506.95,2026-02-02 10:55:09,156506.95,2026-02-02 10:55:09,BNK-B847BCD732F1,Sweep Interest,,BANK_ONLY,2026-02-04,110.88,0.00,156506.95,10:55:09,2026-02-05
Demo Company Pvt Ltd,1234567890,Demo Bank Ltd,INR,Coimbatore,DEMOINCCXXX,IN00DEMO1234567890,ACTIVE,CURRENT,156303.79,2026-02-01,156303.79,2026-02-01,156303.79,2026-02-02 11:38:54,156303.79,2026-02-02 11:38:54,BNK-4BE761D54553,Card Network Charge,,BANK_ONLY,2026-02-04,0.00,203.16,156303.79,11:38:54,2026-02-05
Demo Company Pvt Ltd,1234567890,Demo Bank Ltd,INR,Coimbatore,DEMOINCCXXX,IN00DEMO1234567890,ACTIVE,CURRENT,156613.57,2026-02-01,156613.57,2026-02-01,156613.57,2026-02-02 12:37:23,156613.57,2026-02-02 12:37:23,BNK-E078C10F5D8A,Sweep Interest,,BANK_ONLY,2026-02-04,309.78,0.00,156613.57,12:37:23,2026-02-05
Demo Company Pvt Ltd,1234567890,Demo Bank Ltd,INR,Coimbatore,DEMOINCCXXX,IN00DEMO1234567890,ACTIVE,CURRENT,156285.24,2026-02-01,156285.24,2026-02-01,156285.24,2026-02-02 13:05:09,156285.24,2026-02-02 13:05:09,BNK-0DB9A2407B54,Card Network Charge,,BANK_ONLY,2026-02-04,0.00,328.33,156285.24,13:05:09,2026-02-05
Demo Company Pvt Ltd,1234567890,Demo Bank Ltd,INR,Coimbatore,DEMOINCCXXX,IN00DEMO1234567890,ACTIVE,CURRENT,155817.95,2026-02-01,155817.95,2026-02-01,155817.95,2026-02-02 13:24:10,155817.95,2026-02-02 13:24:10,BNK-CA82B7642094,Card Network Charge AMOUNT_TYPO,,BANK_ONLY,2026-02-04,0.00,467.29,155817.95,13:24:10,2026-02-05
Demo Company Pvt Ltd,1234567890,Demo Bank Ltd,INR,Coimbatore,DEMOINCCXXX,IN00DEMO1234567890,ACTIVE,CURRENT,138552.58,2026-02-01,138552.58,2026-02-01,138552.58,2026-02-02 13:41:48,138552.58,2026-02-02 13:41:48,BNK-055F98326DB8,GL-0BB6F0AE31BC UPI transfer BANK,CUST-A9196964,TRANSFER,2026-02-04,0.00,17265.37,138552.58,13:41:48,2026-02-05
Demo Company Pvt Ltd,1234567890,Demo Bank Ltd,INR,Coimbatore,DEMOINCCXXX,IN00DEMO1234567890,ACTIVE,CURRENT,131694.66,2026-02-01,131694.66,2026-02-01,131694.66,2026-02-02 14:33:26,131694.66,2026-02-02 14:33:26,BNK-514687A1F499,GL-50CC66E3C30A Customer collection BANK,CUST-EB3006BD,CHARGEBACK,2026-02-04,0.00,6857.92,131694.66,14:33:26,2026-02-05
Demo Company Pvt Ltd,1234567890,Demo Bank Ltd,INR,Coimbatore,DEMOINCCXXX,IN00DEMO1234567890,ACTIVE,CURRENT,154509.29,2026-02-01,154509.29,2026-02-01,154509.29,2026-02-02 15:13:11,154509.29,2026-02-02 15:13:11,BNK-D3B946D77714,GL-5B0C7DC07E8E UPI transfer BANK,CUST-B19127CF,PAYMENT,2026-02-04,22814.63,0.00,154509.29,15:13:11,2026-02-05
Demo Company Pvt Ltd,1234567890,Demo Bank Ltd,INR,Coimbatore,DEMOINCCXXX,IN00DEMO1234567890,ACTIVE,CURRENT,164421.01,2026-02-01,164421.01,2026-02-01,164421.01,2026-02-02 15:42:36,164421.01,2026-02-02 15:42:36,BNK-BD672DC44084,GL-91BBA5E47FEE UPI transfer BANK,CUST-F0B56015,RECEIPT,2026-02-04,9911.72,0.00,164421.01,15:42:36,2026-02-05
Demo Company Pvt Ltd,1234567890,Demo Bank Ltd,INR,Coimbatore,DEMOINCCXXX,IN00DEMO1234567890,ACTIVE,CURRENT,185521.22,2026-02-01,185521.22,2026-02-01,185521.22,2026-02-02 16:01:05,185521.22,2026-02-02 16:01:05,BNK-242EA5E65E5B,GL-AC86742D88A3 UPI transfer DATE_POSTING_ERROR,,RECEIPT,2026-02-28,21100.21,0.00,185521.22,16:01:05,2026-02-28
Demo Company Pvt Ltd,1234567890,Demo Bank Ltd,INR,Coimbatore,DEMOINCCXXX,IN00DEMO1234567890,ACTIVE,CURRENT,203720.67,2026-02-01,203720.67,2026-02-01,203720.67,2026-02-02 16:40:13,203720.67,2026-02-02 16:40:13,BNK-081FCBFFB327,GL-8E525BD9B495 Invoice settlement,CUST-B9DF8E89,TRANSFER,2026-02-28,18199.45,0.00,203720.67,16:40:13,2026-02-28
Demo Company Pvt Ltd,1234567890,Demo Bank Ltd,INR,Coimbatore,DEMOINCCXXX,IN00DEMO1234567890,ACTIVE,CURRENT,224073.51,2026-02-01,224073.51,2026-02-01,224073.51,2026-02-02 17:36:40,224073.51,2026-02-02 17:36:40,BNK-3552CA1740A0,GL-197BF3F7F97A Vendor payout BANK DATE_POSTING_ERROR,CUST-4355BB6D,RECEIPT,2026-02-28,20352.84,0.00,224073.51,17:36:40,2026-02-28
Demo Company Pvt Ltd,1234567890,Demo Bank Ltd,INR,Coimbatore,DEMOINCCXXX,IN00DEMO1234567890,ACTIVE,CURRENT,228917.29,2026-02-01,228917.29,2026-02-01,228917.29,2026-02-02 18:35:19,228917.29,2026-02-02 18:35:19,BNK-894C4BEED5D5,GL-BA44F4698254 Vendor payout BANK,,PAYMENT,2026-02-28,4843.78,0.00,228917.29,18:35:19,2026-02-28
Demo Company Pvt Ltd,1234567890,Demo Bank Ltd,INR,Coimbatore,DEMOINCCXXX,IN00DEMO1234567890,ACTIVE,CURRENT,220352.17,2026-02-01,220352.17,2026-02-01,220352.17,2026-02-02 19:10:59,220352.17,2026-02-02 19:10:59,BNK-36134DDA1051,GL-BE94BE326E6B UPI transfer BANK,CUST-440DD065,PAYMENT,2026-02-28,0.00,8565.12,220352.17,19:10:59,2026-02-28
Demo Company Pvt Ltd,1234567890,Demo Bank Ltd,INR,Coimbatore,DEMOINCCXXX,IN00DEMO1234567890,ACTIVE,CURRENT,248267.39,2026-02-01,248267.39,2026-02-01,248267.39,2026-02-02 19:40:56,248267.39,2026-02-02 19:40:56,BNK-E0B0798BA34F,GL-48FA3595357F Customer collection,CUST-96553878,PAYMENT,2026-02-28,27915.22,0.00,248267.39,19:40:56,2026-02-28
Demo Company Pvt Ltd,1234567890,Demo Bank Ltd,INR,Coimbatore,DEMOINCCXXX,IN00DEMO1234567890,ACTIVE,CURRENT,246830.46,2026-02-01,246830.46,2026-02-01,246830.46,2026-02-02 20:10:18,246830.46,2026-02-02 20:10:18,BNK-9D5C392FF072,GL-F4E6EBF0F9E8 Vendor payout,CUST-06ECCE26,CHARGEBACK,2026-02-28,0.00,1436.93,246830.46,20:10:18,2026-02-28
Demo Company Pvt Ltd,1234567890,Demo Bank Ltd,INR,Coimbatore,DEMOINCCXXX,IN00DEMO1234567890,ACTIVE,CURRENT,236996.83,2026-02-01,236996.83,2026-02-01,236996.83,2026-02-02 20:47:06,236996.83,2026-02-02 20:47:06,,GL-3C12E2CBB016 Vendor payout BANK REFERENCE_DROP,,TRANSFER,2026-02-28,0.00,9833.63,236996.83,20:47:06,2026-02-28
Demo Company Pvt Ltd,1234567890,Demo Bank Ltd,INR,Coimbatore,DEMOINCCXXX,IN00DEMO1234567890,ACTIVE,CURRENT,211878.65,2026-02-01,211878.65,2026-02-01,211878.65,2026-02-02 21:29:09,211878.65,2026-02-02 21:29:09,BNK-014DB23B3DF0,GL-3FF56C381879 Vendor payout POLARITY_REVERSAL,CUST-61C3B027,CHARGEBACK,2026-02-28,0.00,25118.18,211878.65,21:29:09,2026-02-28
Demo Company Pvt Ltd,1234567890,Demo Bank Ltd,INR,Coimbatore,DEMOINCCXXX,IN00DEMO1234567890,ACTIVE,CURRENT,202608.47,2026-02-01,202608.47,2026-02-01,202608.47,2026-02-02 22:19:02,202608.47,2026-02-02 22:19:02,,GL-69987E74D057 Invoice settlement REFERENCE_DROP,,TRANSFER,2026-02-28,0.00,9270.18,202608.47,22:19:02,2026-02-28
Demo Company Pvt Ltd,1234567890,Demo Bank Ltd,INR,Coimbatore,DEMOINCCXXX,IN00DEMO1234567890,ACTIVE,CURRENT,180986.00,2026-02-01,180986.00,2026-02-01,180986.00,2026-02-02 23:12:47,180986.00,2026-02-02 23:12:47,BNK-6787B55AAB1B,GL-A611F17E7264 NEFT transfer BANK,CUST-5FA47E4F,RECEIPT,2026-02-28,0.00,21622.47,180986.00,23:12:47,2026-02-28
Demo Company Pvt Ltd,1234567890,Demo Bank Ltd,INR,Coimbatore,DEMOINCCXXX,IN00DEMO1234567890,ACTIVE,CURRENT,168805.25,2026-02-01,168805.25,2026-02-01,168805.25,2026-02-02 23:50:05,168805.25,2026-02-02 23:50:05,BNK-66C615C6994F,GL-0278A29DA253 UPI transfer DATE_POSTING_ERROR,CUST-F4113386,PAYMENT,2026-02-28,0.00,12180.75,168805.25,23:50:05,2026-02-28
Demo Company Pvt Ltd,1234567890,Demo Bank Ltd,INR,Coimbatore,DEMOINCCXXX,IN00DEMO1234567890,ACTIVE,CURRENT,179536.72,2026-02-02,179536.72,2026-02-02,179536.72,2026-02-03 00:31:34,179536.72,2026-02-03 00:31:34,BNK-5E5FA14A2F60,GL-F3CD2AEBA133 Customer collection BANK,CUST-5A7FA091,CHARGEBACK,2026-02-28,10731.47,0.00,179536.72,00:31:34,2026-02-28
Demo Company Pvt Ltd,1234567890,Demo Bank Ltd,INR,Coimbatore,DEMOINCCXXX,IN00DEMO1234567890,ACTIVE,CURRENT,198303.36,2026-02-02,198303.36,2026-02-02,198303.36,2026-02-03 01:16:04,198303.36,2026-02-03 01:16:04,BNK-1C580EEF85CD,GL-B4E025E14034 NEFT transfer,CUST-AADDC3CB,PAYMENT,2026-02-28,18766.64,0.00,198303.36,01:16:04,2026-02-28
Demo Company Pvt Ltd,1234567890,Demo Bank Ltd,INR,Coimbatore,DEMOINCCXXX,IN00DEMO1234567890,ACTIVE,CURRENT,205795.63,2026-02-02,205795.63,2026-02-02,205795.63,2026-02-03 01:43:46,205795.63,2026-02-03 01:43:46,BNK-ACD630DD620C,GL-11A3708C03CA NEFT transfer BANK,CUST-F0205118,CHARGEBACK,2026-02-28,7492.27,0.00,205795.63,01:43:46,2026-02-28
Demo Company Pvt Ltd,1234567890,Demo Bank Ltd,INR,Coimbatore,DEMOINCCXXX,IN00DEMO1234567890,ACTIVE,CURRENT,199666.59,2026-02-02,199666.59,2026-02-02,199666.59,2026-02-03 02:23:44,199666.59,2026-02-03 02:23:44,BNK-1BC6C661F2A9,GL-321D399B41AA UPI transfer BANK,CUST-56B2C344,TRANSFER,2026-02-28,0.00,6129.04,199666.59,02:23:44,2026-02-28
Demo Company Pvt Ltd,1234567890,Demo Bank Ltd,INR,Coimbatore,DEMOINCCXXX,IN00DEMO1234567890,ACTIVE,CURRENT,213054.39,2026-02-02,213054.39,2026-02-02,213054.39,2026-02-03 03:06:57,213054.39,2026-02-03 03:06:57,BNK-0DB6F2E148DF,GL-FCEE9AB2A2A0 Customer collection,CUST-D53124CF,CHARGEBACK,2026-02-28,13387.80,0.00,213054.39,03:06:57,2026-02-28
Demo Company Pvt Ltd,1234567890,Demo Bank Ltd,INR,Coimbatore,DEMOINCCXXX,IN00DEMO1234567890,ACTIVE,CURRENT,227091.74,2026-02-02,227091.74,2026-02-02,227091.74,2026-02-03 03:56:51,227091.74,2026-02-03 03:56:51,BNK-CB489060A64E,GL-2BFACC2F8579 Customer collection BANK,CUST-A6B2285B,RECEIPT,2026-02-28,14037.35,0.00,227091.74,03:56:51,2026-02-28
Demo Company Pvt Ltd,1234567890,Demo Bank Ltd,INR,Coimbatore,DEMOINCCXXX,IN00DEMO1234567890,ACTIVE,CURRENT,252843.49,2026-02-02,252843.49,2026-02-02,252843.49,2026-02-03 04:55:11,252843.49,2026-02-03 04:55:11,BNK-F6D8802F100C,GL-3AE9C1236B07 Invoice settlement BANK,CUST-F53505B5,PAYMENT,2026-02-28,25751.75,0.00,252843.49,04:55:11,2026-02-28
Demo Company Pvt Ltd,1234567890,Demo Bank Ltd,INR,Coimbatore,DEMOINCCXXX,IN00DEMO1234567890,ACTIVE,CURRENT,249308.12,2026-02-02,249308.12,2026-02-02,249308.12,2026-02-03 05:18:04,249308.12,2026-02-03 05:18:04,BNK-36C695A003A0,GL-0AC4F0CA7D9D Vendor payout BANK,CUST-88EC34F5,TRANSFER,2026-02-28,0.00,3535.37,249308.12,05:18:04,2026-02-28
Demo Company Pvt Ltd,1234567890,Demo Bank Ltd,INR,Coimbatore,DEMOINCCXXX,IN00DEMO1234567890,ACTIVE,CURRENT,225803.30,2026-02-02,225803.30,2026-02-02,225803.30,2026-02-03 05:33:50,225803.30,2026-02-03 05:33:50,BNK-B6D940C171B6,GL-D3A69333CEBD Invoice settlement AMOUNT_TYPO,CUST-CE678D09,CHARGEBACK,2026-02-28,0.00,23504.82,225803.30,05:33:50,2026-02-28
Demo Company Pvt Ltd,1234567890,Demo Bank Ltd,INR,Coimbatore,DEMOINCCXXX,IN00DEMO1234567890,ACTIVE,CURRENT,214561.04,2026-02-02,214561.04,2026-02-02,214561.04,2026-02-03 06:02:49,214561.04,2026-02-03 06:02:49,BNK-BF2117D6615F,GL-7B2FBD4D43DB Vendor payout BANK,CUST-AAA202C2,RECEIPT,2026-02-28,0.00,11242.26,214561.04,06:02:49,2026-02-28
Demo Company Pvt Ltd,1234567890,Demo Bank Ltd,INR,Coimbatore,DEMOINCCXXX,IN00DEMO1234567890,ACTIVE,CURRENT,224702.16,2026-02-02,224702.16,2026-02-02,224702.16,2026-02-03 06:33:23,224702.16,2026-02-03 06:33:23,BNK-05FA5FCE1380,GL-CF696D0292EC Customer collection BANK,CUST-084189EC,RECEIPT,2026-02-28,10141.12,0.00,224702.16,06:33:23,2026-02-28
Demo Company Pvt Ltd,1234567890,Demo Bank Ltd,INR,Coimbatore,DEMOINCCXXX,IN00DEMO1234567890,ACTIVE,CURRENT,208705.03,2026-02-02,208705.03,2026-02-02,208705.03,2026-02-03 06:50:42,208705.03,2026-02-03 06:50:42,BNK-D8CB85CA928E,GL-808297CA5A13 Customer collection BANK,CUST-844E0C5A,PAYMENT,2026-02-28,0.00,15997.13,208705.03,06:50:42,2026-02-28
Demo Company Pvt Ltd,1234567890,Demo Bank Ltd,INR,Coimbatore,DEMOINCCXXX,IN00DEMO1234567890,ACTIVE,CURRENT,202165.12,2026-02-02,202165.12,2026-02-02,202165.12,2026-02-03 07:50:01,202165.12,2026-02-03 07:50:01,BNK-8C4AFF468D2A,GL-5AC386A0F627 NEFT transfer BANK,CUST-E335BA1C,CHARGEBACK,2026-02-28,0.00,6539.91,202165.12,07:50:01,2026-02-28
Demo Company Pvt Ltd,1234567890,Demo Bank Ltd,INR,Coimbatore,DEMOINCCXXX,IN00DEMO1234567890,ACTIVE,CURRENT,214609.04,2026-02-02,214609.04,2026-02-02,214609.04,2026-02-03 08:40:36,214609.04,2026-02-03 08:40:36,BNK-BBA2C67950BC,GL-D463127BB71E Customer collection BANK,CUST-63383450,RECEIPT,2026-02-28,12443.92,0.00,214609.04,08:40:36,2026-02-28
Demo Company Pvt Ltd,1234567890,Demo Bank Ltd,INR,Coimbatore,DEMOINCCXXX,IN00DEMO1234567890,ACTIVE,CURRENT,227428.85,2026-02-02,227428.85,2026-02-02,227428.85,2026-02-03 09:20:20,227428.85,2026-02-03 09:20:20,BNK-9D30EB282D3F,GL-BFE0EA96D291 UPI transfer,,TRANSFER,2026-02-28,12819.81,0.00,227428.85,09:20:20,2026-02-28
Demo Company Pvt Ltd,1234567890,Demo Bank Ltd,INR,Coimbatore,DEMOINCCXXX,IN00DEMO1234567890,ACTIVE,CURRENT,252054.38,2026-02-02,252054.38,2026-02-02,252054.38,2026-02-03 09:59:28,252054.38,2026-02-03 09:59:28,BNK-D10D93A5895B,GL-02A74F29161E Customer collection BANK,CUST-E6079DBC,PAYMENT,2026-02-28,24625.53,0.00,252054.38,09:59:28,2026-02-28
Demo Company Pvt Ltd,1234567890,Demo Bank Ltd,INR,Coimbatore,DEMOINCCXXX,IN00DEMO1234567890,ACTIVE,CURRENT,269254.01,2026-02-02,269254.01,2026-02-02,269254.01,2026-02-03 10:41:33,269254.01,2026-02-03 10:41:33,BNK-3C37FD5BA7B2,GL-F4D545CFBC82 Vendor payout BANK,CUST-76D46350,PAYMENT,2026-02-28,17199.63,0.00,269254.01,10:41:33,2026-02-28
Demo Company Pvt Ltd,1234567890,Demo Bank Ltd,INR,Coimbatore,DEMOINCCXXX,IN00DEMO1234567890,ACTIVE,CURRENT,248066.47,2026-02-02,248066.47,2026-02-02,248066.47,2026-02-03 11:26:15,248066.47,2026-02-03 11:26:15,BNK-E595A937D660,GL-71B5CDA5C995 NEFT transfer BANK,,CHARGEBACK,2026-02-28,0.00,21187.54,248066.47,11:26:15,2026-02-28
Demo Company Pvt Ltd,1234567890,Demo Bank Ltd,INR,Coimbatore,DEMOINCCXXX,IN00DEMO1234567890,ACTIVE,CURRENT,236799.00,2026-02-02,236799.00,2026-02-02,236799.00,2026-02-03 11:47:35,236799.00,2026-02-03 11:47:35,BNK-5D4612D51EFA,GL-39DD05F86DEE Invoice settlement BANK,CUST-0F429977,CHARGEBACK,2026-02-28,0.00,11267.47,236799.00,11:47:35,2026-02-28
Demo Company Pvt Ltd,1234567890,Demo Bank Ltd,INR,Coimbatore,DEMOINCCXXX,IN00DEMO1234567890,ACTIVE,CURRENT,238195.23,2026-02-02,238195.23,2026-02-02,238195.23,2026-02-03 12:05:16,238195.23,2026-02-03 12:05:16,BNK-1A66E4CF7CD7,GL-A8B58CBD58E8 Customer collection BANK,,PAYMENT,2026-02-28,1396.23,0.00,238195.23,12:05:16,2026-02-28
Demo Company Pvt Ltd,1234567890,Demo Bank Ltd,INR,Coimbatore,DEMOINCCXXX,IN00DEMO1234567890,ACTIVE,CURRENT,247190.82,2026-02-02,247190.82,2026-02-02,247190.82,2026-02-03 12:51:37,247190.82,2026-02-03 12:51:37,BNK-972018617B98,GL-EB984BF9494C Customer collection BANK,CUST-10E86F17,TRANSFER,2026-02-28,8995.59,0.00,247190.82,12:51:37,2026-02-28
Demo Company Pvt Ltd,1234567890,Demo Bank Ltd,INR,Coimbatore,DEMOINCCXXX,IN00DEMO1234567890,ACTIVE,CURRENT,240149.23,2026-02-02,240149.23,2026-02-02,240149.23,2026-02-03 13:45:38,240149.23,2026-02-03 13:45:38,BNK-EE58FFF43FF6,GL-80EEE9FB8BBA Customer collection BANK,CUST-ADE02D0A,RECEIPT,2026-02-28,0.00,7041.59,240149.23,13:45:38,2026-02-28
Demo Company Pvt Ltd,1234567890,Demo Bank Ltd,INR,Coimbatore,DEMOINCCXXX,IN00DEMO1234567890,ACTIVE,CURRENT,260912.48,2026-02-02,260912.48,2026-02-02,260912.48,2026-02-03 14:31:59,260912.48,2026-02-03 14:31:59,BNK-74710E1B0431,GL-BBAD1BFF16F9 Customer collection BANK,,TRANSFER,2026-02-28,20763.25,0.00,260912.48,14:31:59,2026-02-28
Demo Company Pvt Ltd,1234567890,Demo Bank Ltd,INR,Coimbatore,DEMOINCCXXX,IN00DEMO1234567890,ACTIVE,CURRENT,280427.48,2026-02-02,280427.48,2026-02-02,280427.48,2026-02-03 15:26:21,280427.48,2026-02-03 15:26:21,BNK-2DF2C21EBFE6,GL-2DD74D25F5BE Customer collection,CUST-74CD5101,TRANSFER,2026-02-28,19515.00,0.00,280427.48,15:26:21,2026-02-28
Demo Company Pvt Ltd,1234567890,Demo Bank Ltd,INR,Coimbatore,DEMOINCCXXX,IN00DEMO1234567890,ACTIVE,CURRENT,266387.28,2026-02-02,266387.28,2026-02-02,266387.28,2026-02-03 15:46:04,266387.28,2026-02-03 15:46:04,BNK-FD0846C99D91,GL-E7597B533ADC Customer collection BANK,CUST-041018E9,PAYMENT,2026-02-28,0.00,14040.20,266387.28,15:46:04,2026-02-28
Demo Company Pvt Ltd,1234567890,Demo Bank Ltd,INR,Coimbatore,DEMOINCCXXX,IN00DEMO1234567890,ACTIVE,CURRENT,268920.16,2026-02-02,268920.16,2026-02-02,268920.16,2026-02-03 16:18:09,268920.16,2026-02-03 16:18:09,BNK-31DEF13AB5F5,GL-6C42CFBAF7A8 Vendor payout BANK,CUST-09403A0D,CHARGEBACK,2026-02-28,2532.88,0.00,268920.16,16:18:09,2026-02-28
Demo Company Pvt Ltd,1234567890,Demo Bank Ltd,INR,Coimbatore,DEMOINCCXXX,IN00DEMO1234567890,ACTIVE,CURRENT,296679.31,2026-02-02,296679.31,2026-02-02,296679.31,2026-02-03 16:59:12,296679.31,2026-02-03 16:59:12,BNK-2D3B144C37B2,GL-E0AB66129776 Invoice settlement BANK,CUST-F6D7D12B,CHARGEBACK,2026-02-28,27759.15,0.00,296679.31,16:59:12,2026-02-28
Demo Company Pvt Ltd,1234567890,Demo Bank Ltd,INR,Coimbatore,DEMOINCCXXX,IN00DEMO1234567890,ACTIVE,CURRENT,311327.26,2026-02-02,311327.26,2026-02-02,311327.26,2026-02-03 17:56:54,311327.26,2026-02-03 17:56:54,BNK-F2922A9B1F6F,GL-01127DCF088C Vendor payout,,CHARGEBACK,2026-02-28,14647.95,0.00,311327.26,17:56:54,2026-02-28
Demo Company Pvt Ltd,1234567890,Demo Bank Ltd,INR,Coimbatore,DEMOINCCXXX,IN00DEMO1234567890,ACTIVE,CURRENT,290690.16,2026-02-02,290690.16,2026-02-02,290690.16,2026-02-03 18:14:06,290690.16,2026-02-03 18:14:06,BNK-440A47E1D232,GL-73A468A2CDE5 Customer collection BANK,CUST-4135D34F,PAYMENT,2026-02-28,0.00,20637.10,290690.16,18:14:06,2026-02-28
Demo Company Pvt Ltd,1234567890,Demo Bank Ltd,INR,Coimbatore,DEMOINCCXXX,IN00DEMO1234567890,ACTIVE,CURRENT,296618.10,2026-02-02,296618.10,2026-02-02,296618.10,2026-02-03 19:01:13,296618.10,2026-02-03 19:01:13,BNK-63FEBC9096B7,GL-4AA801CA3DC6 Customer collection BANK,,PAYMENT,2026-02-28,5927.94,0.00,296618.10,19:01:13,2026-02-28
Demo Company Pvt Ltd,1234567890,Demo Bank Ltd,INR,Coimbatore,DEMOINCCXXX,IN00DEMO1234567890,ACTIVE,CURRENT,282192.68,2026-02-02,282192.68,2026-02-02,282192.68,2026-02-03 19:39:03,282192.68,2026-02-03 19:39:03,BNK-C9F0B6BE0617,GL-6662E451A26B NEFT transfer BANK,CUST-746FF790,PAYMENT,2026-02-28,0.00,14425.42,282192.68,19:39:03,2026-02-28
Demo Company Pvt Ltd,1234567890,Demo Bank Ltd,INR,Coimbatore,DEMOINCCXXX,IN00DEMO1234567890,ACTIVE,CURRENT,267868.95,2026-02-02,267868.95,2026-02-02,267868.95,2026-02-03 20:32:13,267868.95,2026-02-03 20:32:13,BNK-2F0DD643464E,GL-5E4EA1316A31 NEFT transfer BANK,CUST-F3A2D72D,PAYMENT,2026-02-28,0.00,14323.73,267868.95,20:32:13,2026-02-28
Demo Company Pvt Ltd,1234567890,Demo Bank Ltd,INR,Coimbatore,DEMOINCCXXX,IN00DEMO1234567890,ACTIVE,CURRENT,250275.58,2026-02-02,250275.58,2026-02-02,250275.58,2026-02-03 21:29:46,250275.58,2026-02-03 21:29:46,BNK-B0C8BBF7F77F,GL-A3B352769781 Invoice settlement,CUST-5B1FD642,TRANSFER,2026-02-28,0.00,17593.37,250275.58,21:29:46,2026-02-28
Demo Company Pvt Ltd,1234567890,Demo Bank Ltd,INR,Coimbatore,DEMOINCCXXX,IN00DEMO1234567890,ACTIVE,CURRENT,272927.85,2026-02-02,272927.85,2026-02-02,272927.85,2026-02-03 22:18:57,272927.85,2026-02-03 22:18:57,BNK-BAE093E94184,GL-021C3953EF44 Invoice settlement,,TRANSFER,2026-02-28,22652.27,0.00,272927.85,22:18:57,2026-02-28
Demo Company Pvt Ltd,1234567890,Demo Bank Ltd,INR,Coimbatore,DEMOINCCXXX,IN00DEMO1234567890,ACTIVE,CURRENT,245552.71,2026-02-02,245552.71,2026-02-02,245552.71,2026-02-03 22:41:18,245552.71,2026-02-03 22:41:18,BNK-8A2191BFA8D1,GL-E42727C3F7F6 Customer collection BANK,CUST-7E325613,TRANSFER,2026-02-28,0.00,27375.14,245552.71,22:41:18,2026-02-28
Demo Company Pvt Ltd,1234567890,Demo Bank Ltd,INR,Coimbatore,DEMOINCCXXX,IN00DEMO1234567890,ACTIVE,CURRENT,253682.11,2026-02-02,253682.11,2026-02-02,253682.11,2026-02-03 22:59:42,253682.11,2026-02-03 22:59:42,BNK-AA1DA0C44F8C,GL-FD81B491CEF5 Vendor payout BANK,CUST-CBF316AB,RECEIPT,2026-02-28,8129.40,0.00,253682.11,22:59:42,2026-02-28
Demo Company Pvt Ltd,1234567890,Demo Bank Ltd,INR,Coimbatore,DEMOINCCXXX,IN00DEMO1234567890,ACTIVE,CURRENT,242601.82,2026-02-02,242601.82,2026-02-02,242601.82,2026-02-03 23:52:47,242601.82,2026-02-03 23:52:47,BNK-37EE1B8BDF1F,GL-FEAFD2377365 NEFT transfer BANK,CUST-13EBA511,TRANSFER,2026-02-28,0.00,11080.29,242601.82,23:52:47,2026-02-28
Demo Company Pvt Ltd,1234567890,Demo Bank Ltd,INR,Coimbatore,DEMOINCCXXX,IN00DEMO1234567890,ACTIVE,CURRENT,241757.00,2026-02-03,241757.00,2026-02-03,241757.00,2026-02-04 00:24:02,241757.00,2026-02-04 00:24:02,BNK-E8B8B33443AC,GL-D6A9C794D4C4 NEFT transfer AMOUNT_TYPO,CUST-F557394C,CHARGEBACK,2026-02-28,0.00,844.82,241757.00,00:24:02,2026-02-28
Demo Company Pvt Ltd,1234567890,Demo Bank Ltd,INR,Coimbatore,DEMOINCCXXX,IN00DEMO1234567890,ACTIVE,CURRENT,230834.55,2026-02-03,230834.55,2026-02-03,230834.55,2026-02-04 01:16:06,230834.55,2026-02-04 01:16:06,BNK-2A7ECE1741FA,GL-8A16F04EECCD Customer collection BANK,CUST-F16E2A02,CHARGEBACK,2026-02-28,0.00,10922.45,230834.55,01:16:06,2026-02-28
Demo Company Pvt Ltd,1234567890,Demo Bank Ltd,INR,Coimbatore,DEMOINCCXXX,IN00DEMO1234567890,ACTIVE,CURRENT,216449.53,2026-02-03,216449.53,2026-02-03,216449.53,2026-02-04 02:00:51,216449.53,2026-02-04 02:00:51,BNK-9369CFB01818,GL-DFB21BE88BF2 Vendor payout,CUST-CEC2799B,RECEIPT,2026-02-28,0.00,14385.02,216449.53,02:00:51,2026-02-28
Demo Company Pvt Ltd,1234567890,Demo Bank Ltd,INR,Coimbatore,DEMOINCCXXX,IN00DEMO1234567890,ACTIVE,CURRENT,198605.76,2026-02-03,198605.76,2026-02-03,198605.76,2026-02-04 02:59:06,198605.76,2026-02-04 02:59:06,BNK-98A847164D28,GL-1D14C790B003 Invoice settlement BANK POLARITY_REVERSAL,CUST-C9B39588,PAYMENT,2026-02-28,0.00,17843.77,198605.76,02:59:06,2026-02-28
Demo Company Pvt Ltd,1234567890,Demo Bank Ltd,INR,Coimbatore,DEMOINCCXXX,IN00DEMO1234567890,ACTIVE,CURRENT,180761.99,2026-02-03,180761.99,2026-02-03,180761.99,2026-02-04 03:46:53,180761.99,2026-02-04 03:46:53,BNK-98A847164D28-DUP,GL-1D14C790B003 Invoice settlement BANK POLARITY_REVERSAL DUPLICATE_POSTING,CUST-C9B39588,PAYMENT,2026-02-28,0.00,17843.77,180761.99,03:46:53,2026-02-28
Demo Company Pvt Ltd,1234567890,Demo Bank Ltd,INR,Coimbatore,DEMOINCCXXX,IN00DEMO1234567890,ACTIVE,CURRENT,163036.67,2026-02-03,163036.67,2026-02-03,163036.67,2026-02-04 04:29:40,163036.67,2026-02-04 04:29:40,BNK-DBC8115FDA70,GL-EFD93FB76E5F Invoice settlement,CUST-F9C9AFD3,TRANSFER,2026-02-28,0.00,17725.32,163036.67,04:29:40,2026-02-28
Demo Company Pvt Ltd,1234567890,Demo Bank Ltd,INR,Coimbatore,DEMOINCCXXX,IN00DEMO1234567890,ACTIVE,CURRENT,146777.36,2026-02-03,146777.36,2026-02-03,146777.36,2026-02-04 05:27:54,146777.36,2026-02-04 05:27:54,BNK-08BF3BCD4E1F,GL-58653EF040EA NEFT transfer BANK,CUST-5015FAFC,RECEIPT,2026-02-28,0.00,16259.31,146777.36,05:27:54,2026-02-28
Demo Company Pvt Ltd,1234567890,Demo Bank Ltd,INR,Coimbatore,DEMOINCCXXX,IN00DEMO1234567890,ACTIVE,CURRENT,164987.24,2026-02-03,164987.24,2026-02-03,164987.24,2026-02-04 05:48:12,164987.24,2026-02-04 05:48:12,BNK-6C7AA414509B,GL-129417601427 NEFT transfer BANK,,RECEIPT,2026-02-28,18209.88,0.00,164987.24,05:48:12,2026-02-28
Demo Company Pvt Ltd,1234567890,Demo Bank Ltd,INR,Coimbatore,DEMOINCCXXX,IN00DEMO1234567890,ACTIVE,CURRENT,172180.67,2026-02-03,172180.67,2026-02-03,172180.67,2026-02-04 06:25:13,172180.67,2026-02-04 06:25:13,BNK-4BA357FE71B3,GL-1FE4B6337ADE Customer collection,,PAYMENT,2026-02-28,7193.43,0.00,172180.67,06:25:13,2026-02-28
Demo Company Pvt Ltd,1234567890,Demo Bank Ltd,INR,Coimbatore,DEMOINCCXXX,IN00DEMO1234567890,ACTIVE,CURRENT,169061.25,2026-02-03,169061.25,2026-02-03,169061.25,2026-02-04 06:57:45,169061.25,2026-02-04 06:57:45,BNK-E9D66E6EB0CE,GL-4E317680AF5D Vendor payout,CUST-9926F010,TRANSFER,2026-02-28,0.00,3119.42,169061.25,06:57:45,2026-02-28
Demo Company Pvt Ltd,1234567890,Demo Bank Ltd,INR,Coimbatore,DEMOINCCXXX,IN00DEMO1234567890,ACTIVE,CURRENT,183687.46,2026-02-03,183687.46,2026-02-03,183687.46,2026-02-04 07:15:22,183687.46,2026-02-04 07:15:22,BNK-4CA30926FC84,GL-F0D0D79078AF Vendor payout,CUST-40D1E3EB,RECEIPT,2026-02-28,14626.21,0.00,183687.46,07:15:22,2026-02-28
Demo Company Pvt Ltd,1234567890,Demo Bank Ltd,INR,Coimbatore,DEMOINCCXXX,IN00DEMO1234567890,ACTIVE,CURRENT,156037.66,2026-02-03,156037.66,2026-02-03,156037.66,2026-02-04 07:52:51,156037.66,2026-02-04 07:52:51,,GL-DF3D268BF70B Vendor payout BANK REFERENCE_DROP,,TRANSFER,2026-02-28,0.00,27649.80,156037.66,07:52:51,2026-02-28
Demo Company Pvt Ltd,1234567890,Demo Bank Ltd,INR,Coimbatore,DEMOINCCXXX,IN00DEMO1234567890,ACTIVE,CURRENT,168718.87,2026-02-03,168718.87,2026-02-03,168718.87,2026-02-04 08:08:13,168718.87,2026-02-04 08:08:13,BNK-58A4E066FAFE,GL-716B5840D3EB Invoice settlement BANK,CUST-8C36E076,PAYMENT,2026-02-28,12681.21,0.00,168718.87,08:08:13,2026-02-28
Demo Company Pvt Ltd,1234567890,Demo Bank Ltd,INR,Coimbatore,DEMOINCCXXX,IN00DEMO1234567890,ACTIVE,CURRENT,194695.51,2026-02-03,194695.51,2026-02-03,194695.51,2026-02-04 09:05:55,194695.51,2026-02-04 09:05:55,BNK-4A5E96275552,GL-9E453FB8F5E8 Vendor payout BANK,,PAYMENT,2026-02-28,25976.64,0.00,194695.51,09:05:55,2026-02-28
Demo Company Pvt Ltd,1234567890,Demo Bank Ltd,INR,Coimbatore,DEMOINCCXXX,IN00DEMO1234567890,ACTIVE,CURRENT,178442.96,2026-02-03,178442.96,2026-02-03,178442.96,2026-02-04 10:04:11,178442.96,2026-02-04 10:04:11,BNK-FAC0849DB026,GL-374BA8A71A58 NEFT transfer,CUST-2FF46D3A,CHARGEBACK,2026-02-28,0.00,16252.55,178442.96,10:04:11,2026-02-28
Demo Company Pvt Ltd,1234567890,Demo Bank Ltd,INR,Coimbatore,DEMOINCCXXX,IN00DEMO1234567890,ACTIVE,CURRENT,189124.84,2026-02-03,189124.84,2026-02-03,189124.84,2026-02-04 10:50:42,189124.84,2026-02-04 10:50:42,BNK-702F990EBB2A,GL-1E566435C331 Vendor payout,CUST-04AD1C73,CHARGEBACK,2026-02-28,10681.88,0.00,189124.84,10:50:42,2026-02-28
Demo Company Pvt Ltd,1234567890,Demo Bank Ltd,INR,Coimbatore,DEMOINCCXXX,IN00DEMO1234567890,ACTIVE,CURRENT,170044.30,2026-02-03,170044.30,2026-02-03,170044.30,2026-02-04 11:07:22,170044.30,2026-02-04 11:07:22,BNK-BAE4E434B644,GL-D6CFEC840F53 UPI transfer BANK,CUST-E1636A45,TRANSFER,2026-02-28,0.00,19080.54,170044.30,11:07:22,2026-02-28
Demo Company Pvt Ltd,1234567890,Demo Bank Ltd,INR,Coimbatore,DEMOINCCXXX,IN00DEMO1234567890,ACTIVE,CURRENT,178243.65,2026-02-03,178243.65,2026-02-03,178243.65,2026-02-04 11:51:45,178243.65,2026-02-04 11:51:45,BNK-9780B5A6B761,GL-C78E511341F6 Vendor payout BANK,CUST-DF42568B,TRANSFER,2026-02-28,8199.35,0.00,178243.65,11:51:45,2026-02-28
Demo Company Pvt Ltd,1234567890,Demo Bank Ltd,INR,Coimbatore,DEMOINCCXXX,IN00DEMO1234567890,ACTIVE,CURRENT,169432.21,2026-02-03,169432.21,2026-02-03,169432.21,2026-02-04 12:24:40,169432.21,2026-02-04 12:24:40,BNK-7F899145481E,GL-C3962682F282 Invoice settlement,CUST-1D4F0F26,PAYMENT,2026-02-28,0.00,8811.44,169432.21,12:24:40,2026-02-28
Demo Company Pvt Ltd,1234567890,Demo Bank Ltd,INR,Coimbatore,DEMOINCCXXX,IN00DEMO1234567890,ACTIVE,CURRENT,187957.19,2026-02-03,187957.19,2026-02-03,187957.19,2026-02-04 13:13:30,187957.19,2026-02-04 13:13:30,BNK-9CD8C1CAF0E0,GL-067596C0C611 Vendor payout BANK,CUST-76B314FD,TRANSFER,2026-02-28,18524.98,0.00,187957.19,13:13:30,2026-02-28
Demo Company Pvt Ltd,1234567890,Demo Bank Ltd,INR,Coimbatore,DEMOINCCXXX,IN00DEMO1234567890,ACTIVE,CURRENT,173594.23,2026-02-03,173594.23,2026-02-03,173594.23,2026-02-04 13:34:04,173594.23,2026-02-04 13:34:04,BNK-D172660181E6,GL-3F0BB293CD46 Invoice settlement,CUST-D699CD60,TRANSFER,2026-02-28,0.00,14362.96,173594.23,13:34:04,2026-02-28
Demo Company Pvt Ltd,1234567890,Demo Bank Ltd,INR,Coimbatore,DEMOINCCXXX,IN00DEMO1234567890,ACTIVE,CURRENT,161129.56,2026-02-03,161129.56,2026-02-03,161129.56,2026-02-04 13:52:57,161129.56,2026-02-04 13:52:57,BNK-2977AECBBF16,GL-D0E573B53D7E Invoice settlement BANK,CUST-37120A08,TRANSFER,2026-02-28,0.00,12464.67,161129.56,13:52:57,2026-02-28
Demo Company Pvt Ltd,1234567890,Demo Bank Ltd,INR,Coimbatore,DEMOINCCXXX,IN00DEMO1234567890,ACTIVE,CURRENT,162197.07,2026-02-03,162197.07,2026-02-03,162197.07,2026-02-04 14:26:56,162197.07,2026-02-04 14:26:56,BNK-D1F3ED0872AB,GL-DA096C6D6A75 Invoice settlement BANK,CUST-1325F9D3,CHARGEBACK,2026-02-28,1067.51,0.00,162197.07,14:26:56,2026-02-28
Demo Company Pvt Ltd,1234567890,Demo Bank Ltd,INR,Coimbatore,DEMOINCCXXX,IN00DEMO1234567890,ACTIVE,CURRENT,176327.22,2026-02-03,176327.22,2026-02-03,176327.22,2026-02-04 14:44:22,176327.22,2026-02-04 14:44:22,BNK-3360D93280D4,GL-A7B2DE686F68 Invoice settlement,,RECEIPT,2026-02-28,14130.15,0.00,176327.22,14:44:22,2026-02-28
Demo Company Pvt Ltd,1234567890,Demo Bank Ltd,INR,Coimbatore,DEMOINCCXXX,IN00DEMO1234567890,ACTIVE,CURRENT,188519.30,2026-02-03,188519.30,2026-02-03,188519.30,2026-02-04 15:11:35,188519.30,2026-02-04 15:11:35,,GL-F9F1DC89DB08 Customer collection BANK REFERENCE_DROP,,CHARGEBACK,2026-02-28,12192.08,0.00,188519.30,15:11:35,2026-02-28
Demo Company Pvt Ltd,1234567890,Demo Bank Ltd,INR,Coimbatore,DEMOINCCXXX,IN00DEMO1234567890,ACTIVE,CURRENT,209067.38,2026-02-03,209067.38,2026-02-03,209067.38,2026-02-04 15:45:29,209067.38,2026-02-04 15:45:29,BNK-AFFF6B201C82,GL-BA20A708722C Vendor payout BANK,,TRANSFER,2026-02-28,20548.08,0.00,209067.38,15:45:29,2026-02-28
Demo Company Pvt Ltd,1234567890,Demo Bank Ltd,INR,Coimbatore,DEMOINCCXXX,IN00DEMO1234567890,ACTIVE,CURRENT,215427.65,2026-02-03,215427.65,2026-02-03,215427.65,2026-02-04 16:07:37,215427.65,2026-02-04 16:07:37,BNK-C5F6980981CB,GL-A3179D8DA209 Customer collection BANK,,CHARGEBACK,2026-02-28,6360.27,0.00,215427.65,16:07:37,2026-02-28
Demo Company Pvt Ltd,1234567890,Demo Bank Ltd,INR,Coimbatore,DEMOINCCXXX,IN00DEMO1234567890,ACTIVE,CURRENT,209991.98,2026-02-03,209991.98,2026-02-03,209991.98,2026-02-04 16:22:58,209991.98,2026-02-04 16:22:58,BNK-D7661A7E693F,GL-175EB12DF13B Vendor payout BANK,,CHARGEBACK,2026-02-28,0.00,5435.67,209991.98,16:22:58,2026-02-28
Demo Company Pvt Ltd,1234567890,Demo Bank Ltd,INR,Coimbatore,DEMOINCCXXX,IN00DEMO1234567890,ACTIVE,CURRENT,192462.97,2026-02-03,192462.97,2026-02-03,192462.97,2026-02-04 17:14:41,192462.97,2026-02-04 17:14:41,BNK-C4F66F1587D1,GL-286A94E55959 UPI transfer BANK,CUST-965FB6B7,PAYMENT,2026-02-28,0.00,17529.01,192462.97,17:14:41,2026-02-28
Demo Company Pvt Ltd,1234567890,Demo Bank Ltd,INR,Coimbatore,DEMOINCCXXX,IN00DEMO1234567890,ACTIVE,CURRENT,194076.93,2026-02-03,194076.93,2026-02-03,194076.93,2026-02-04 17:32:47,194076.93,2026-02-04 17:32:47,BNK-705F21E49C62,GL-8D3587A549D7 UPI transfer BANK,CUST-3DDDD8B6,TRANSFER,2026-02-28,1613.96,0.00,194076.93,17:32:47,2026-02-28
Demo Company Pvt Ltd,1234567890,Demo Bank Ltd,INR,Coimbatore,DEMOINCCXXX,IN00DEMO1234567890,ACTIVE,CURRENT,217844.35,2026-02-03,217844.35,2026-02-03,217844.35,2026-02-04 17:52:04,217844.35,2026-02-04 17:52:04,BNK-63CE0B8DA3B7,GL-C5941DCD56E5 Customer collection BANK,CUST-2E5F0315,PAYMENT,2026-02-28,23767.42,0.00,217844.35,17:52:04,2026-02-28
Demo Company Pvt Ltd,1234567890,Demo Bank Ltd,INR,Coimbatore,DEMOINCCXXX,IN00DEMO1234567890,ACTIVE,CURRENT,243826.97,2026-02-03,243826.97,2026-02-03,243826.97,2026-02-04 18:51:30,243826.97,2026-02-04 18:51:30,BNK-851D99C9B6FF,GL-A1F5847DDEDF Invoice settlement BANK AMOUNT_TYPO,CUST-E3CC62A0,RECEIPT,2026-02-28,25982.62,0.00,243826.97,18:51:30,2026-02-28
Demo Company Pvt Ltd,1234567890,Demo Bank Ltd,INR,Coimbatore,DEMOINCCXXX,IN00DEMO1234567890,ACTIVE,CURRENT,224216.27,2026-02-03,224216.27,2026-02-03,224216.27,2026-02-04 19:25:51,224216.27,2026-02-04 19:25:51,BNK-C6AABAC5EEBF,GL-5A71BF08386B Vendor payout BANK,CUST-89E35678,TRANSFER,2026-02-28,0.00,19610.70,224216.27,19:25:51,2026-02-28
Demo Company Pvt Ltd,1234567890,Demo Bank Ltd,INR,Coimbatore,DEMOINCCXXX,IN00DEMO1234567890,ACTIVE,CURRENT,216618.92,2026-02-03,216618.92,2026-02-03,216618.92,2026-02-04 20:03:48,216618.92,2026-02-04 20:03:48,BNK-506C7AA40DF1,GL-73CEC15F510F Invoice settlement BANK,CUST-D6EF388C,RECEIPT,2026-02-28,0.00,7597.35,216618.92,20:03:48,2026-02-28
Demo Company Pvt Ltd,1234567890,Demo Bank Ltd,INR,Coimbatore,DEMOINCCXXX,IN00DEMO1234567890,ACTIVE,CURRENT,196756.80,2026-02-03,196756.80,2026-02-03,196756.80,2026-02-04 20:27:57,196756.80,2026-02-04 20:27:57,BNK-4D710A4A7E00,GL-70BF831844DB Customer collection,CUST-3F80680E,PAYMENT,2026-02-28,0.00,19862.12,196756.80,20:27:57,2026-02-28
Demo Company Pvt Ltd,1234567890,Demo Bank Ltd,INR,Coimbatore,DEMOINCCXXX,IN00DEMO1234567890,ACTIVE,CURRENT,191969.62,2026-02-03,191969.62,2026-02-03,191969.62,2026-02-04 21:26:20,191969.62,2026-02-04 21:26:20,BNK-EAFCF8F76C4D,GL-5C73D6FEB601 Customer collection,CUST-C78E32A4,PAYMENT,2026-02-28,0.00,4787.18,191969.62,21:26:20,2026-02-28
Demo Company Pvt Ltd,1234567890,Demo Bank Ltd,INR,Coimbatore,DEMOINCCXXX,IN00DEMO1234567890,ACTIVE,CURRENT,191083.13,2026-02-03,191083.13,2026-02-03,191083.13,2026-02-04 21:52:48,191083.13,2026-02-04 21:52:48,BNK-4C5260D967FF,GL-FC6F6734EF9B Vendor payout BANK DATE_POSTING_ERROR,CUST-C627C77A,TRANSFER,2026-02-28,0.00,886.49,191083.13,21:52:48,2026-02-28
Demo Company Pvt Ltd,1234567890,Demo Bank Ltd,INR,Coimbatore,DEMOINCCXXX,IN00DEMO1234567890,ACTIVE,CURRENT,189133.43,2026-02-03,189133.43,2026-02-03,189133.43,2026-02-04 22:14:49,189133.43,2026-02-04 22:14:49,,GL-5B97BB27898C Invoice settlement BANK REFERENCE_DROP,,TRANSFER,2026-02-28,0.00,1949.70,189133.43,22:14:49,2026-02-28
Demo Company Pvt Ltd,1234567890,Demo Bank Ltd,INR,Coimbatore,DEMOINCCXXX,IN00DEMO1234567890,ACTIVE,CURRENT,213879.15,2026-02-03,213879.15,2026-02-03,213879.15,2026-02-04 23:05:58,213879.15,2026-02-04 23:05:58,BNK-80406AA92732,GL-AF7A0DE00FA0 Customer collection BANK,CUST-793A0295,CHARGEBACK,2026-02-28,24745.72,0.00,213879.15,23:05:58,2026-02-28
Demo Company Pvt Ltd,1234567890,Demo Bank Ltd,INR,Coimbatore,DEMOINCCXXX,IN00DEMO1234567890,ACTIVE,CURRENT,228800.68,2026-02-03,228800.68,2026-02-03,228800.68,2026-02-04 23:39:38,228800.68,2026-02-04 23:39:38,BNK-5F42701F3621,GL-B5668C36E2CE Vendor payout BANK,CUST-342880D6,RECEIPT,2026-02-28,14921.53,0.00,228800.68,23:39:38,2026-02-28
Demo Company Pvt Ltd,1234567890,Demo Bank Ltd,INR,Coimbatore,DEMOINCCXXX,IN00DEMO1234567890,ACTIVE,CURRENT,250209.04,2026-02-04,250209.04,2026-02-04,250209.04,2026-02-05 00:36:23,250209.04,2026-02-05 00:36:23,BNK-6ED0D9E41AE6,GL-C4992BE61337 NEFT transfer,CUST-6DCD5020,TRANSFER,2026-02-28,21408.36,0.00,250209.04,00:36:23,2026-02-28
Demo Company Pvt Ltd,1234567890,Demo Bank Ltd,INR,Coimbatore,DEMOINCCXXX,IN00DEMO1234567890,ACTIVE,CURRENT,262240.65,2026-02-04,262240.65,2026-02-04,262240.65,2026-02-05 01:10:53,262240.65,2026-02-05 01:10:53,BNK-310B275355FB,GL-AED7EAE33053 Vendor payout BANK,,RECEIPT,2026-02-28,12031.61,0.00,262240.65,01:10:53,2026-02-28
Demo Company Pvt Ltd,1234567890,Demo Bank Ltd,INR,Coimbatore,DEMOINCCXXX,IN00DEMO1234567890,ACTIVE,CURRENT,280945.39,2026-02-04,280945.39,2026-02-04,280945.39,2026-02-05 01:44:24,280945.39,2026-02-05 01:44:24,BNK-44F4CEA68F5F,GL-3A9A3E19FCE8 Vendor payout,CUST-AF3305A2,CHARGEBACK,2026-02-28,18704.74,0.00,280945.39,01:44:24,2026-02-28
Demo Company Pvt Ltd,1234567890,Demo Bank Ltd,INR,Coimbatore,DEMOINCCXXX,IN00DEMO1234567890,ACTIVE,CURRENT,257641.41,2026-02-04,257641.41,2026-02-04,257641.41,2026-02-05 02:29:49,257641.41,2026-02-05 02:29:49,BNK-F964D7BB1ABE,GL-6671AF09256B UPI transfer BANK,CUST-155CD4CA,RECEIPT,2026-02-28,0.00,23303.98,257641.41,02:29:49,2026-02-28
Demo Company Pvt Ltd,1234567890,Demo Bank Ltd,INR,Coimbatore,DEMOINCCXXX,IN00DEMO1234567890,ACTIVE,CURRENT,270531.98,2026-02-04,270531.98,2026-02-04,270531.98,2026-02-05 03:08:15,270531.98,2026-02-05 03:08:15,BNK-AC598FCA93FF,GL-C05FC44A0CC3 UPI transfer BANK,,PAYMENT,2026-02-28,12890.57,0.00,270531.98,03:08:15,2026-02-28
Demo Company Pvt Ltd,1234567890,Demo Bank Ltd,INR,Coimbatore,DEMOINCCXXX,IN00DEMO1234567890,ACTIVE,CURRENT,292069.63,2026-02-04,292069.63,2026-02-04,292069.63,2026-02-05 03:48:11,292069.63,2026-02-05 03:48:11,BNK-C824DF0E280A,GL-D16B8CEC6EB4 NEFT transfer BANK,CUST-0A5D7420,RECEIPT,2026-02-28,21537.65,0.00,292069.63,03:48:11,2026-02-28
Demo Company Pvt Ltd,1234567890,Demo Bank Ltd,INR,Coimbatore,DEMOINCCXXX,IN00DEMO1234567890,ACTIVE,CURRENT,288634.61,2026-02-04,288634.61,2026-02-04,288634.61,2026-02-05 04:12:24,288634.61,2026-02-05 04:12:24,BNK-30B0B4056BCE,GL-D9D9FAE5670E UPI transfer BANK,CUST-55358C20,TRANSFER,2026-02-28,0.00,3435.02,288634.61,04:12:24,2026-02-28
Demo Company Pvt Ltd,1234567890,Demo Bank Ltd,INR,Coimbatore,DEMOINCCXXX,IN00DEMO1234567890,ACTIVE,CURRENT,266978.89,2026-02-04,266978.89,2026-02-04,266978.89,2026-02-05 04:35:26,266978.89,2026-02-05 04:35:26,BNK-284F981B9B25,GL-13B6EC1EB5DF Invoice settlement,,CHARGEBACK,2026-02-28,0.00,21655.72,266978.89,04:35:26,2026-02-28
Demo Company Pvt Ltd,1234567890,Demo Bank Ltd,INR,Coimbatore,DEMOINCCXXX,IN00DEMO1234567890,ACTIVE,CURRENT,245323.17,2026-02-04,245323.17,2026-02-04,245323.17,2026-02-05 05:08:40,245323.17,2026-02-05 05:08:40,BNK-284F981B9B25-DUP,GL-13B6EC1EB5DF Invoice settlement DUPLICATE_POSTING,,CHARGEBACK,2026-02-28,0.00,21655.72,245323.17,05:08:40,2026-02-28
Demo Company Pvt Ltd,1234567890,Demo Bank Ltd,INR,Coimbatore,DEMOINCCXXX,IN00DEMO1234567890,ACTIVE,CURRENT,244545.85,2026-02-04,244545.85,2026-02-04,244545.85,2026-02-05 05:56:21,244545.85,2026-02-05 05:56:21,BNK-B6867869A378,GL-2B27202FE2E7 NEFT transfer BANK,CUST-5111177A,PAYMENT,2026-02-28,0.00,777.32,244545.85,05:56:21,2026-02-28
Demo Company Pvt Ltd,1234567890,Demo Bank Ltd,INR,Coimbatore,DEMOINCCXXX,IN00DEMO1234567890,ACTIVE,CURRENT,221857.71,2026-02-04,221857.71,2026-02-04,221857.71,2026-02-05 06:27:09,221857.71,2026-02-05 06:27:09,BNK-E8434D23811D,GL-5781FEDBFCC7 Vendor payout,CUST-ED061068,CHARGEBACK,2026-02-28,0.00,22688.14,221857.71,06:27:09,2026-02-28
Demo Company Pvt Ltd,1234567890,Demo Bank Ltd,INR,Coimbatore,DEMOINCCXXX,IN00DEMO1234567890,ACTIVE,CURRENT,197378.38,2026-02-04,197378.38,2026-02-04,197378.38,2026-02-05 07:25:59,197378.38,2026-02-05 07:25:59,BNK-D8FEB93FD764,GL-BD5A8FE3DD32 Invoice settlement BANK,CUST-AF32754B,TRANSFER,2026-02-28,0.00,24479.33,197378.38,07:25:59,2026-02-28
Demo Company Pvt Ltd,1234567890,Demo Bank Ltd,INR,Coimbatore,DEMOINCCXXX,IN00DEMO1234567890,ACTIVE,CURRENT,192464.94,2026-02-04,192464.94,2026-02-04,192464.94,2026-02-05 08:24:40,192464.94,2026-02-05 08:24:40,BNK-54A13A6F457C,GL-DA6A72446BEA NEFT transfer BANK,CUST-CA2212D4,PAYMENT,2026-02-28,0.00,4913.44,192464.94,08:24:40,2026-02-28
Demo Company Pvt Ltd,1234567890,Demo Bank Ltd,INR,Coimbatore,DEMOINCCXXX,IN00DEMO1234567890,ACTIVE,CURRENT,209649.54,2026-02-04,209649.54,2026-02-04,209649.54,2026-02-05 08:45:32,209649.54,2026-02-05 08:45:32,BNK-91649DCE99A8,GL-0339B5D23553 NEFT transfer BANK,CUST-B8A5D477,RECEIPT,2026-02-28,17184.60,0.00,209649.54,08:45:32,2026-02-28
Demo Company Pvt Ltd,1234567890,Demo Bank Ltd,INR,Coimbatore,DEMOINCCXXX,IN00DEMO1234567890,ACTIVE,CURRENT,204786.92,2026-02-04,204786.92,2026-02-04,204786.92,2026-02-05 09:12:37,204786.92,2026-02-05 09:12:37,BNK-C673A56E54FA,GL-773202F7AB4A Vendor payout BANK,CUST-97C10479,CHARGEBACK,2026-02-28,0.00,4862.62,204786.92,09:12:37,2026-02-28
Demo Company Pvt Ltd,1234567890,Demo Bank Ltd,INR,Coimbatore,DEMOINCCXXX,IN00DEMO1234567890,ACTIVE,CURRENT,197758.52,2026-02-04,197758.52,2026-02-04,197758.52,2026-02-05 09:42:02,197758.52,2026-02-05 09:42:02,BNK-2300D59D87D4,GL-2B135D33F577 Invoice settlement BANK,CUST-6E6408C2,PAYMENT,2026-02-28,0.00,7028.40,197758.52,09:42:02,2026-02-28
Demo Company Pvt Ltd,1234567890,Demo Bank Ltd,INR,Coimbatore,DEMOINCCXXX,IN00DEMO1234567890,ACTIVE,CURRENT,185183.52,2026-02-04,185183.52,2026-02-04,185183.52,2026-02-05 09:59:54,185183.52,2026-02-05 09:59:54,BNK-B43506DAA5C4,GL-5268DA096FE2 UPI transfer BANK,CUST-F07A3292,RECEIPT,2026-02-28,0.00,12575.00,185183.52,09:59:54,2026-02-28
Demo Company Pvt Ltd,1234567890,Demo Bank Ltd,INR,Coimbatore,DEMOINCCXXX,IN00DEMO1234567890,ACTIVE,CURRENT,186981.86,2026-02-04,186981.86,2026-02-04,186981.86,2026-02-05 10:15:38,186981.86,2026-02-05 10:15:38,BNK-84A3C9E15887,GL-2089C36A27D7 NEFT transfer BANK,CUST-7B43245F,PAYMENT,2026-02-28,1798.34,0.00,186981.86,10:15:38,2026-02-28
Demo Company Pvt Ltd,1234567890,Demo Bank Ltd,INR,Coimbatore,DEMOINCCXXX,IN00DEMO1234567890,ACTIVE,CURRENT,201628.05,2026-02-04,201628.05,2026-02-04,201628.05,2026-02-05 10:40:52,201628.05,2026-02-05 10:40:52,BNK-6BBADE18CC64,GL-4AF4B1607DF8 UPI transfer,CUST-D09D78E8,PAYMENT,2026-02-28,14646.19,0.00,201628.05,10:40:52,2026-02-28
Demo Company Pvt Ltd,1234567890,Demo Bank Ltd,INR,Coimbatore,DEMOINCCXXX,IN00DEMO1234567890,ACTIVE,CURRENT,199020.23,2026-02-04,199020.23,2026-02-04,199020.23,2026-02-05 10:56:07,199020.23,2026-02-05 10:56:07,BNK-43207BACAABB,GL-8772A68C22D3 Customer collection BANK,CUST-728DC3D3,RECEIPT,2026-02-28,0.00,2607.82,199020.23,10:56:07,2026-02-28
Demo Company Pvt Ltd,1234567890,Demo Bank Ltd,INR,Coimbatore,DEMOINCCXXX,IN00DEMO1234567890,ACTIVE,CURRENT,211554.20,2026-02-04,211554.20,2026-02-04,211554.20,2026-02-05 11:40:55,211554.20,2026-02-05 11:40:55,BNK-CBCCD5F04CC7,GL-F1979833BBEF NEFT transfer BANK,CUST-954FAF0A,PAYMENT,2026-02-28,12533.97,0.00,211554.20,11:40:55,2026-02-28
Demo Company Pvt Ltd,1234567890,Demo Bank Ltd,INR,Coimbatore,DEMOINCCXXX,IN00DEMO1234567890,ACTIVE,CURRENT,190685.33,2026-02-04,190685.33,2026-02-04,190685.33,2026-02-05 12:14:04,190685.33,2026-02-05 12:14:04,BNK-451866688A58,GL-2154D08AB64C Vendor payout,CUST-C77DB169,TRANSFER,2026-02-28,0.00,20868.87,190685.33,12:14:04,2026-02-28
Demo Company Pvt Ltd,1234567890,Demo Bank Ltd,INR,Coimbatore,DEMOINCCXXX,IN00DEMO1234567890,ACTIVE,CURRENT,164793.48,2026-02-04,164793.48,2026-02-04,164793.48,2026-02-05 12:50:19,164793.48,2026-02-05 12:50:19,BNK-E430A2AEDC51,GL-D3E4C7AED8DA Vendor payout BANK,CUST-8C8B5171,TRANSFER,2026-02-28,0.00,25891.85,164793.48,12:50:19,2026-02-28
Demo Company Pvt Ltd,1234567890,Demo Bank Ltd,INR,Coimbatore,DEMOINCCXXX,IN00DEMO1234567890,ACTIVE,CURRENT,164282.96,2026-02-04,164282.96,2026-02-04,164282.96,2026-02-05 13:28:26,164282.96,2026-02-05 13:28:26,BNK-9952B4DDC6FD,GL-0A9269E7384E UPI transfer BANK,CUST-F53E21EE,TRANSFER,2026-02-28,0.00,510.52,164282.96,13:28:26,2026-02-28
Demo Company Pvt Ltd,1234567890,Demo Bank Ltd,INR,Coimbatore,DEMOINCCXXX,IN00DEMO1234567890,ACTIVE,CURRENT,172254.37,2026-02-04,172254.37,2026-02-04,172254.37,2026-02-05 14:09:33,172254.37,2026-02-05 14:09:33,BNK-69FDFE14CC9C,GL-A39D7B199255 Customer collection BANK,CUST-A893D8F4,CHARGEBACK,2026-02-28,7971.41,0.00,172254.37,14:09:33,2026-02-28
Demo Company Pvt Ltd,1234567890,Demo Bank Ltd,INR,Coimbatore,DEMOINCCXXX,IN00DEMO1234567890,ACTIVE,CURRENT,196594.23,2026-02-04,196594.23,2026-02-04,196594.23,2026-02-05 14:49:05,196594.23,2026-02-05 14:49:05,BNK-0C7A2509F820,GL-C076F268CDB4 Customer collection BANK,CUST-7F9D6087,PAYMENT,2026-02-28,24339.86,0.00,196594.23,14:49:05,2026-02-28
Demo Company Pvt Ltd,1234567890,Demo Bank Ltd,INR,Coimbatore,DEMOINCCXXX,IN00DEMO1234567890,ACTIVE,CURRENT,179252.27,2026-02-04,179252.27,2026-02-04,179252.27,2026-02-05 15:34:31,179252.27,2026-02-05 15:34:31,BNK-6991BAE33E77,GL-691237AE5D12 Invoice settlement BANK,,TRANSFER,2026-02-28,0.00,17341.96,179252.27,15:34:31,2026-02-28
Demo Company Pvt Ltd,1234567890,Demo Bank Ltd,INR,Coimbatore,DEMOINCCXXX,IN00DEMO1234567890,ACTIVE,CURRENT,190625.67,2026-02-04,190625.67,2026-02-04,190625.67,2026-02-05 15:56:08,190625.67,2026-02-05 15:56:08,BNK-00224727555B,GL-D049E5E87A11 Customer collection BANK,CUST-D9FB0D5B,RECEIPT,2026-02-28,11373.40,0.00,190625.67,15:56:08,2026-02-28
Demo Company Pvt Ltd,1234567890,Demo Bank Ltd,INR,Coimbatore,DEMOINCCXXX,IN00DEMO1234567890,ACTIVE,CURRENT,201299.21,2026-02-04,201299.21,2026-02-04,201299.21,2026-02-05 16:39:08,201299.21,2026-02-05 16:39:08,BNK-6BC4DCC13339,GL-0EB1DCBB7317 Vendor payout,CUST-B8C1DAFD,PAYMENT,2026-02-28,10673.54,0.00,201299.21,16:39:08,2026-02-28
Demo Company Pvt Ltd,1234567890,Demo Bank Ltd,INR,Coimbatore,DEMOINCCXXX,IN00DEMO1234567890,ACTIVE,CURRENT,223394.78,2026-02-04,223394.78,2026-02-04,223394.78,2026-02-05 17:06:41,223394.78,2026-02-05 17:06:41,BNK-C0D32AC44581,GL-E0D5442FCC8A UPI transfer,CUST-95C632AA,TRANSFER,2026-02-28,22095.57,0.00,223394.78,17:06:41,2026-02-28
Demo Company Pvt Ltd,1234567890,Demo Bank Ltd,INR,Coimbatore,DEMOINCCXXX,IN00DEMO1234567890,ACTIVE,CURRENT,238678.43,2026-02-04,238678.43,2026-02-04,238678.43,2026-02-05 17:29:40,238678.43,2026-02-05 17:29:40,BNK-BBAFEAD381F6,GL-2D73FBF5CD07 Invoice settlement BANK,CUST-693F18C4,RECEIPT,2026-02-28,15283.65,0.00,238678.43,17:29:40,2026-02-28
Demo Company Pvt Ltd,1234567890,Demo Bank Ltd,INR,Coimbatore,DEMOINCCXXX,IN00DEMO1234567890,ACTIVE,CURRENT,220224.36,2026-02-04,220224.36,2026-02-04,220224.36,2026-02-05 18:17:37,220224.36,2026-02-05 18:17:37,BNK-4F1FB5DDF098,GL-297F7C203B20 Customer collection,CUST-3FC5B17D,RECEIPT,2026-02-28,0.00,18454.07,220224.36,18:17:37,2026-02-28
Demo Company Pvt Ltd,1234567890,Demo Bank Ltd,INR,Coimbatore,DEMOINCCXXX,IN00DEMO1234567890,ACTIVE,CURRENT,244850.21,2026-02-04,244850.21,2026-02-04,244850.21,2026-02-05 18:49:48,244850.21,2026-02-05 18:49:48,BNK-BD2AAE6346EC,GL-CBC2745ABDEC UPI transfer BANK,CUST-714F9FA0,CHARGEBACK,2026-02-28,24625.85,0.00,244850.21,18:49:48,2026-02-28
Demo Company Pvt Ltd,1234567890,Demo Bank Ltd,INR,Coimbatore,DEMOINCCXXX,IN00DEMO1234567890,ACTIVE,CURRENT,234787.40,2026-02-04,234787.40,2026-02-04,234787.40,2026-02-05 19:18:24,234787.40,2026-02-05 19:18:24,BNK-BD2F67942ECC,GL-C0466D952B11 NEFT transfer,,TRANSFER,2026-02-28,0.00,10062.81,234787.40,19:18:24,2026-02-28
Demo Company Pvt Ltd,1234567890,Demo Bank Ltd,INR,Coimbatore,DEMOINCCXXX,IN00DEMO1234567890,ACTIVE,CURRENT,234336.92,2026-02-04,234336.92,2026-02-04,234336.92,2026-02-05 19:36:29,234336.92,2026-02-05 19:36:29,BNK-E11F02B3283C,GL-4863FCFD678E Customer collection,,RECEIPT,2026-02-28,0.00,450.48,234336.92,19:36:29,2026-02-28
Demo Company Pvt Ltd,1234567890,Demo Bank Ltd,INR,Coimbatore,DEMOINCCXXX,IN00DEMO1234567890,ACTIVE,CURRENT,236329.15,2026-02-04,236329.15,2026-02-04,236329.15,2026-02-05 20:14:41,236329.15,2026-02-05 20:14:41,BNK-F60D8928BD3F,GL-941CFD9D8C98 Vendor payout BANK,CUST-9D051571,CHARGEBACK,2026-02-28,1992.23,0.00,236329.15,20:14:41,2026-02-28
Demo Company Pvt Ltd,1234567890,Demo Bank Ltd,INR,Coimbatore,DEMOINCCXXX,IN00DEMO1234567890,ACTIVE,CURRENT,258469.83,2026-02-04,258469.83,2026-02-04,258469.83,2026-02-05 21:09:38,258469.83,2026-02-05 21:09:38,BNK-B409A4CDEC87,GL-0CFA053F825C Customer collection BANK,CUST-1C1EA745,TRANSFER,2026-02-28,22140.68,0.00,258469.83,21:09:38,2026-02-28
Demo Company Pvt Ltd,1234567890,Demo Bank Ltd,INR,Coimbatore,DEMOINCCXXX,IN00DEMO1234567890,ACTIVE,CURRENT,256018.94,2026-02-04,256018.94,2026-02-04,256018.94,2026-02-05 21:31:16,256018.94,2026-02-05 21:31:16,BNK-0202C828AA2B,GL-CF667F835EA0 Invoice settlement POLARITY_REVERSAL,CUST-D6D821FA,RECEIPT,2026-02-28,0.00,2450.89,256018.94,21:31:16,2026-02-28
Demo Company Pvt Ltd,1234567890,Demo Bank Ltd,INR,Coimbatore,DEMOINCCXXX,IN00DEMO1234567890,ACTIVE,CURRENT,239746.81,2026-02-04,239746.81,2026-02-04,239746.81,2026-02-05 21:58:54,239746.81,2026-02-05 21:58:54,BNK-7747E16EDD70,GL-F025571FB0D2 Vendor payout,CUST-D6F5F9FC,CHARGEBACK,2026-02-28,0.00,16272.13,239746.81,21:58:54,2026-02-28
Demo Company Pvt Ltd,1234567890,Demo Bank Ltd,INR,Coimbatore,DEMOINCCXXX,IN00DEMO1234567890,ACTIVE,CURRENT,238170.37,2026-02-04,238170.37,2026-02-04,238170.37,2026-02-05 22:35:28,238170.37,2026-02-05 22:35:28,BNK-B7AAFDB393F0,GL-EE63FFAA5F31 UPI transfer BANK,CUST-714D92F1,TRANSFER,2026-02-28,0.00,1576.44,238170.37,22:35:28,2026-02-28
Demo Company Pvt Ltd,1234567890,Demo Bank Ltd,INR,Coimbatore,DEMOINCCXXX,IN00DEMO1234567890,ACTIVE,CURRENT,241944.09,2026-02-04,241944.09,2026-02-04,241944.09,2026-02-05 23:24:59,241944.09,2026-02-05 23:24:59,BNK-DFE090C28793,GL-FA88C82A81F7 NEFT transfer,,CHARGEBACK,2026-02-28,3773.72,0.00,241944.09,23:24:59,2026-02-28
Demo Company Pvt Ltd,1234567890,Demo Bank Ltd,INR,Coimbatore,DEMOINCCXXX,IN00DEMO1234567890,ACTIVE,CURRENT,258240.79,2026-02-05,258240.79,2026-02-05,258240.79,2026-02-06 00:00:02,258240.79,2026-02-06 00:00:02,BNK-C85B0AA57A79,GL-CF2817D2A48E UPI transfer,,RECEIPT,2026-02-28,16296.70,0.00,258240.79,00:00:02,2026-02-28
Demo Company Pvt Ltd,1234567890,Demo Bank Ltd,INR,Coimbatore,DEMOINCCXXX,IN00DEMO1234567890,ACTIVE,CURRENT,246606.70,2026-02-05,246606.70,2026-02-05,246606.70,2026-02-06 00:59:26,246606.70,2026-02-06 00:59:26,BNK-B36F5D663DA9,GL-94ADD6507016 NEFT transfer,,CHARGEBACK,2026-02-28,0.00,11634.09,246606.70,00:59:26,2026-02-28
Demo Company Pvt Ltd,1234567890,Demo Bank Ltd,INR,Coimbatore,DEMOINCCXXX,IN00DEMO1234567890,ACTIVE,CURRENT,259236.93,2026-02-05,259236.93,2026-02-05,259236.93,2026-02-06 01:39:43,259236.93,2026-02-06 01:39:43,BNK-9B819DC08FB2,GL-A32AACFAF1E8 Invoice settlement BANK,CUST-CBD8691C,CHARGEBACK,2026-02-28,12630.23,0.00,259236.93,01:39:43,2026-02-28
Demo Company Pvt Ltd,1234567890,Demo Bank Ltd,INR,Coimbatore,DEMOINCCXXX,IN00DEMO1234567890,ACTIVE,CURRENT,272080.48,2026-02-05,272080.48,2026-02-05,272080.48,2026-02-06 02:03:45,272080.48,2026-02-06 02:03:45,BNK-952A6B6B4DDD,GL-A2F6E5730911 Vendor payout BANK,CUST-39EC47E2,CHARGEBACK,2026-02-28,12843.55,0.00,272080.48,02:03:45,2026-02-28
Demo Company Pvt Ltd,1234567890,Demo Bank Ltd,INR,Coimbatore,DEMOINCCXXX,IN00DEMO1234567890,ACTIVE,CURRENT,286953.81,2026-02-05,286953.81,2026-02-05,286953.81,2026-02-06 02:20:49,286953.81,2026-02-06 02:20:49,BNK-2873B438125F,GL-497B18986540 Customer collection BANK DATE_POSTING_ERROR,,PAYMENT,2026-02-28,14873.33,0.00,286953.81,02:20:49,2026-02-28
Demo Company Pvt Ltd,1234567890,Demo Bank Ltd,INR,Coimbatore,DEMOINCCXXX,IN00DEMO1234567890,ACTIVE,CURRENT,305472.84,2026-02-05,305472.84,2026-02-05,305472.84,2026-02-06 02:40:45,305472.84,2026-02-06 02:40:45,BNK-8451A518B15D,GL-2B0964B48DED Vendor payout BANK,CUST-F7197F85,RECEIPT,2026-02-28,18519.03,0.00,305472.84,02:40:45,2026-02-28
Demo Company Pvt Ltd,1234567890,Demo Bank Ltd,INR,Coimbatore,DEMOINCCXXX,IN00DEMO1234567890,ACTIVE,CURRENT,277957.76,2026-02-05,277957.76,2026-02-05,277957.76,2026-02-06 03:23:20,277957.76,2026-02-06 03:23:20,BNK-DC662581DDE4,GL-61100381A71B NEFT transfer BANK,,TRANSFER,2026-02-28,0.00,27515.08,277957.76,03:23:20,2026-02-28
Demo Company Pvt Ltd,1234567890,Demo Bank Ltd,INR,Coimbatore,DEMOINCCXXX,IN00DEMO1234567890,ACTIVE,CURRENT,266619.59,2026-02-05,266619.59,2026-02-05,266619.59,2026-02-06 04:15:19,266619.59,2026-02-06 04:15:19,BNK-95F34F8F542F,GL-012255574749 Vendor payout,,PAYMENT,2026-02-28,0.00,11338.17,266619.59,04:15:19,2026-02-28
Demo Company Pvt Ltd,1234567890,Demo Bank Ltd,INR,Coimbatore,DEMOINCCXXX,IN00DEMO1234567890,ACTIVE,CURRENT,271209.55,2026-02-05,271209.55,2026-02-05,271209.55,2026-02-06 04:31:23,271209.55,2026-02-06 04:31:23,BNK-403AD452ABF1,GL-739987EC7CD1 Vendor payout BANK,CUST-AA9EEB36,PAYMENT,2026-02-28,4589.96,0.00,271209.55,04:31:23,2026-02-28
Demo Company Pvt Ltd,1234567890,Demo Bank Ltd,INR,Coimbatore,DEMOINCCXXX,IN00DEMO1234567890,ACTIVE,CURRENT,283374.51,2026-02-05,283374.51,2026-02-05,283374.51,2026-02-06 05:12:56,283374.51,2026-02-06 05:12:56,BNK-1DC4EB8DFE22,GL-AD4C39B06BCF Customer collection DATE_POSTING_ERROR,CUST-534B1EC0,PAYMENT,2026-02-28,12164.96,0.00,283374.51,05:12:56,2026-02-28
Demo Company Pvt Ltd,1234567890,Demo Bank Ltd,INR,Coimbatore,DEMOINCCXXX,IN00DEMO1234567890,ACTIVE,CURRENT,266251.46,2026-02-05,266251.46,2026-02-05,266251.46,2026-02-06 06:09:18,266251.46,2026-02-06 06:09:18,BNK-55508E9333FC,GL-1096D1ECB251 UPI transfer BANK,,RECEIPT,2026-02-28,0.00,17123.05,266251.46,06:09:18,2026-02-28
Demo Company Pvt Ltd,1234567890,Demo Bank Ltd,INR,Coimbatore,DEMOINCCXXX,IN00DEMO1234567890,ACTIVE,CURRENT,291480.72,2026-02-05,291480.72,2026-02-05,291480.72,2026-02-06 06:27:20,291480.72,2026-02-06 06:27:20,BNK-D4D6C6F7290E,GL-AE981957170B Customer collection BANK,,PAYMENT,2026-02-28,25229.26,0.00,291480.72,06:27:20,2026-02-28
Demo Company Pvt Ltd,1234567890,Demo Bank Ltd,INR,Coimbatore,DEMOINCCXXX,IN00DEMO1234567890,ACTIVE,CURRENT,301652.63,2026-02-05,301652.63,2026-02-05,301652.63,2026-02-06 07:16:36,301652.63,2026-02-06 07:16:36,BNK-CD459645A9A7,GL-948958B2D402 Customer collection,,RECEIPT,2026-02-28,10171.91,0.00,301652.63,07:16:36,2026-02-28
Demo Company Pvt Ltd,1234567890,Demo Bank Ltd,INR,Coimbatore,DEMOINCCXXX,IN00DEMO1234567890,ACTIVE,CURRENT,305639.03,2026-02-05,305639.03,2026-02-05,305639.03,2026-02-06 08:02:36,305639.03,2026-02-06 08:02:36,BNK-A4BB2739013F,GL-858D30F294D2 UPI transfer BANK DATE_POSTING_ERROR,CUST-390A6596,TRANSFER,2026-02-28,3986.40,0.00,305639.03,08:02:36,2026-02-28
Demo Company Pvt Ltd,1234567890,Demo Bank Ltd,INR,Coimbatore,DEMOINCCXXX,IN00DEMO1234567890,ACTIVE,CURRENT,320460.76,2026-02-05,320460.76,2026-02-05,320460.76,2026-02-06 08:45:33,320460.76,2026-02-06 08:45:33,BNK-00E7B6704325,GL-D4235A1F6AB0 Vendor payout BANK,CUST-23D6C18F,PAYMENT,2026-02-28,14821.73,0.00,320460.76,08:45:33,2026-02-28
Demo Company Pvt Ltd,1234567890,Demo Bank Ltd,INR,Coimbatore,DEMOINCCXXX,IN00DEMO1234567890,ACTIVE,CURRENT,296399.13,2026-02-05,296399.13,2026-02-05,296399.13,2026-02-06 09:29:11,296399.13,2026-02-06 09:29:11,BNK-93122535C1AF,GL-BCB434AD5C9A Vendor payout POLARITY_REVERSAL,CUST-0151A8B1,TRANSFER,2026-02-28,0.00,24061.63,296399.13,09:29:11,2026-02-28
Demo Company Pvt Ltd,1234567890,Demo Bank Ltd,INR,Coimbatore,DEMOINCCXXX,IN00DEMO1234567890,ACTIVE,CURRENT,293475.25,2026-02-05,293475.25,2026-02-05,293475.25,2026-02-06 09:54:58,293475.25,2026-02-06 09:54:58,BNK-64C06825817B,GL-74C545254FCB Vendor payout,CUST-81E30F3D,CHARGEBACK,2026-02-28,0.00,2923.88,293475.25,09:54:58,2026-02-28
Demo Company Pvt Ltd,1234567890,Demo Bank Ltd,INR,Coimbatore,DEMOINCCXXX,IN00DEMO1234567890,ACTIVE,CURRENT,311119.62,2026-02-05,311119.62,2026-02-05,311119.62,2026-02-06 10:32:58,311119.62,2026-02-06 10:32:58,BNK-68D205B352EF,GL-6E7B3DCE0811 Vendor payout BANK,,PAYMENT,2026-02-28,17644.37,0.00,311119.62,10:32:58,2026-02-28
Demo Company Pvt Ltd,1234567890,Demo Bank Ltd,INR,Coimbatore,DEMOINCCXXX,IN00DEMO1234567890,ACTIVE,CURRENT,304781.24,2026-02-05,304781.24,2026-02-05,304781.24,2026-02-06 10:48:12,304781.24,2026-02-06 10:48:12,BNK-2FA47620BBB2,GL-5B0CF3E8DC9D NEFT transfer BANK,CUST-55FA3E3A,TRANSFER,2026-02-28,0.00,6338.38,304781.24,10:48:12,2026-02-28
Demo Company Pvt Ltd,1234567890,Demo Bank Ltd,INR,Coimbatore,DEMOINCCXXX,IN00DEMO1234567890,ACTIVE,CURRENT,280078.14,2026-02-05,280078.14,2026-02-05,280078.14,2026-02-06 11:24:20,280078.14,2026-02-06 11:24:20,BNK-D91A65068D2E,GL-61A122719E03 UPI transfer BANK,CUST-D263292A,PAYMENT,2026-02-28,0.00,24703.10,280078.14,11:24:20,2026-02-28
Demo Company Pvt Ltd,1234567890,Demo Bank Ltd,INR,Coimbatore,DEMOINCCXXX,IN00DEMO1234567890,ACTIVE,CURRENT,301248.10,2026-02-05,301248.10,2026-02-05,301248.10,2026-02-06 11:44:42,301248.10,2026-02-06 11:44:42,BNK-07AAA2E1BFAA,GL-03F7CDF2CE86 Invoice settlement BANK,,TRANSFER,2026-02-28,21169.96,0.00,301248.10,11:44:42,2026-02-28
Demo Company Pvt Ltd,1234567890,Demo Bank Ltd,INR,Coimbatore,DEMOINCCXXX,IN00DEMO1234567890,ACTIVE,CURRENT,286843.32,2026-02-05,286843.32,2026-02-05,286843.32,2026-02-06 12:29:06,286843.32,2026-02-06 12:29:06,BNK-F712BEEDDF63,GL-977B72B2379C Invoice settlement BANK,CUST-C03746DE,PAYMENT,2026-02-28,0.00,14404.78,286843.32,12:29:06,2026-02-28
Demo Company Pvt Ltd,1234567890,Demo Bank Ltd,INR,Coimbatore,DEMOINCCXXX,IN00DEMO1234567890,ACTIVE,CURRENT,293570.51,2026-02-05,293570.51,2026-02-05,293570.51,2026-02-06 13:17:26,293570.51,2026-02-06 13:17:26,BNK-09FDAF30011A,GL-721AE3124F85 NEFT transfer,CUST-98977785,TRANSFER,2026-02-28,6727.19,0.00,293570.51,13:17:26,2026-02-28
Demo Company Pvt Ltd,1234567890,Demo Bank Ltd,INR,Coimbatore,DEMOINCCXXX,IN00DEMO1234567890,ACTIVE,CURRENT,299354.92,2026-02-05,299354.92,2026-02-05,299354.92,2026-02-06 13:35:40,299354.92,2026-02-06 13:35:40,BNK-42D814AC706D,GL-9F98B5B6E594 Vendor payout BANK,CUST-E587C0F6,PAYMENT,2026-02-28,5784.41,0.00,299354.92,13:35:40,2026-02-28
Demo Company Pvt Ltd,1234567890,Demo Bank Ltd,INR,Coimbatore,DEMOINCCXXX,IN00DEMO1234567890,ACTIVE,CURRENT,289649.13,2026-02-05,289649.13,2026-02-05,289649.13,2026-02-06 14:22:51,289649.13,2026-02-06 14:22:51,BNK-1EA0D663DB3F,GL-0BA9872C2DBC Invoice settlement BANK,CUST-D391F1CD,CHARGEBACK,2026-02-28,0.00,9705.79,289649.13,14:22:51,2026-02-28
Demo Company Pvt Ltd,1234567890,Demo Bank Ltd,INR,Coimbatore,DEMOINCCXXX,IN00DEMO1234567890,ACTIVE,CURRENT,268143.69,2026-02-05,268143.69,2026-02-05,268143.69,2026-02-06 15:03:03,268143.69,2026-02-06 15:03:03,BNK-2C90DC0A3BA4,GL-B3D9A14E6813 UPI transfer,CUST-66E3D7E4,RECEIPT,2026-02-28,0.00,21505.44,268143.69,15:03:03,2026-02-28
Demo Company Pvt Ltd,1234567890,Demo Bank Ltd,INR,Coimbatore,DEMOINCCXXX,IN00DEMO1234567890,ACTIVE,CURRENT,290211.98,2026-02-05,290211.98,2026-02-05,290211.98,2026-02-06 15:58:45,290211.98,2026-02-06 15:58:45,BNK-FCEB755B9D4E,GL-2A45595D64FF Vendor payout BANK,CUST-4ADB0F3F,CHARGEBACK,2026-02-28,22068.29,0.00,290211.98,15:58:45,2026-02-28
Demo Company Pvt Ltd,1234567890,Demo Bank Ltd,INR,Coimbatore,DEMOINCCXXX,IN00DEMO1234567890,ACTIVE,CURRENT,307279.13,2026-02-05,307279.13,2026-02-05,307279.13,2026-02-06 16:40:57,307279.13,2026-02-06 16:40:57,BNK-075A842F2AA3,GL-49E0A004DCDB Customer collection,,PAYMENT,2026-02-28,17067.15,0.00,307279.13,16:40:57,2026-02-28
Demo Company Pvt Ltd,1234567890,Demo Bank Ltd,INR,Coimbatore,DEMOINCCXXX,IN00DEMO1234567890,ACTIVE,CURRENT,331574.70,2026-02-05,331574.70,2026-02-05,331574.70,2026-02-06 17:26:16,331574.70,2026-02-06 17:26:16,BNK-794A317D7780,GL-7324A2D94414 Invoice settlement BANK,CUST-349515F3,CHARGEBACK,2026-02-28,24295.57,0.00,331574.70,17:26:16,2026-02-28
Demo Company Pvt Ltd,1234567890,Demo Bank Ltd,INR,Coimbatore,DEMOINCCXXX,IN00DEMO1234567890,ACTIVE,CURRENT,344577.16,2026-02-05,344577.16,2026-02-05,344577.16,2026-02-06 18:17:50,344577.16,2026-02-06 18:17:50,BNK-3AAF98EADDF9,GL-801DA4B21549 Customer collection BANK,CUST-C71F54EE,TRANSFER,2026-02-28,13002.46,0.00,344577.16,18:17:50,2026-02-28
Demo Company Pvt Ltd,1234567890,Demo Bank Ltd,INR,Coimbatore,DEMOINCCXXX,IN00DEMO1234567890,ACTIVE,CURRENT,363048.73,2026-02-05,363048.73,2026-02-05,363048.73,2026-02-06 18:45:50,363048.73,2026-02-06 18:45:50,BNK-91061DA3858B,GL-36E09754942E UPI transfer BANK,CUST-3EBF9D20,TRANSFER,2026-02-28,18471.57,0.00,363048.73,18:45:50,2026-02-28
Demo Company Pvt Ltd,1234567890,Demo Bank Ltd,INR,Coimbatore,DEMOINCCXXX,IN00DEMO1234567890,ACTIVE,CURRENT,379759.35,2026-02-05,379759.35,2026-02-05,379759.35,2026-02-06 19:09:44,379759.35,2026-02-06 19:09:44,BNK-F1B34C83C5AD,GL-25E99B5126D8 Invoice settlement BANK,CUST-8614116D,TRANSFER,2026-02-28,16710.62,0.00,379759.35,19:09:44,2026-02-28
Demo Company Pvt Ltd,1234567890,Demo Bank Ltd,INR,Coimbatore,DEMOINCCXXX,IN00DEMO1234567890,ACTIVE,CURRENT,381408.93,2026-02-05,381408.93,2026-02-05,381408.93,2026-02-06 20:01:01,381408.93,2026-02-06 20:01:01,BNK-5E61917E6564,GL-0ECAEC54DFC4 UPI transfer BANK,CUST-05595A2D,TRANSFER,2026-02-28,1649.58,0.00,381408.93,20:01:01,2026-02-28
Demo Company Pvt Ltd,1234567890,Demo Bank Ltd,INR,Coimbatore,DEMOINCCXXX,IN00DEMO1234567890,ACTIVE,CURRENT,406380.26,2026-02-05,406380.26,2026-02-05,406380.26,2026-02-06 20:59:50,406380.26,2026-02-06 20:59:50,BNK-CF502177173B,GL-A8D8D8B7471B UPI transfer,CUST-3363AA91,PAYMENT,2026-02-28,24971.33,0.00,406380.26,20:59:50,2026-02-28
Demo Company Pvt Ltd,1234567890,Demo Bank Ltd,INR,Coimbatore,DEMOINCCXXX,IN00DEMO1234567890,ACTIVE,CURRENT,422125.29,2026-02-05,422125.29,2026-02-05,422125.29,2026-02-06 21:53:36,422125.29,2026-02-06 21:53:36,BNK-21C510CAE2F6,GL-60EEFAF796A1 NEFT transfer BANK,CUST-CC5007FB,PAYMENT,2026-02-28,15745.03,0.00,422125.29,21:53:36,2026-02-28
Demo Company Pvt Ltd,1234567890,Demo Bank Ltd,INR,Coimbatore,DEMOINCCXXX,IN00DEMO1234567890,ACTIVE,CURRENT,405046.33,2026-02-05,405046.33,2026-02-05,405046.33,2026-02-06 22:28:43,405046.33,2026-02-06 22:28:43,BNK-358F0F848518,GL-DD82C13AE4C8 Customer collection BANK,CUST-540898A8,TRANSFER,2026-02-28,0.00,17078.96,405046.33,22:28:43,2026-02-28
Demo Company Pvt Ltd,1234567890,Demo Bank Ltd,INR,Coimbatore,DEMOINCCXXX,IN00DEMO1234567890,ACTIVE,CURRENT,388232.20,2026-02-05,388232.20,2026-02-05,388232.20,2026-02-06 23:10:07,388232.20,2026-02-06 23:10:07,BNK-3990E16AC419,GL-B78FEBAD7B92 Invoice settlement,CUST-0015A78D,RECEIPT,2026-02-28,0.00,16814.13,388232.20,23:10:07,2026-02-28
Demo Company Pvt Ltd,1234567890,Demo Bank Ltd,INR,Coimbatore,DEMOINCCXXX,IN00DEMO1234567890,ACTIVE,CURRENT,404135.61,2026-02-05,404135.61,2026-02-05,404135.61,2026-02-06 23:53:39,404135.61,2026-02-06 23:53:39,BNK-477E7A6D9BB4,GL-76410EC37E52 UPI transfer BANK,CUST-F98D2366,TRANSFER,2026-02-28,15903.41,0.00,404135.61,23:53:39,2026-02-28
Demo Company Pvt Ltd,1234567890,Demo Bank Ltd,INR,Coimbatore,DEMOINCCXXX,IN00DEMO1234567890,ACTIVE,CURRENT,430368.19,2026-02-06,430368.19,2026-02-06,430368.19,2026-02-07 00:31:35,430368.19,2026-02-07 00:31:35,BNK-CAE2D14F4EF5,GL-5FDEB0D6C323 UPI transfer BANK,CUST-1DC31FA6,RECEIPT,2026-02-28,26232.58,0.00,430368.19,00:31:35,2026-02-28
Demo Company Pvt Ltd,1234567890,Demo Bank Ltd,INR,Coimbatore,DEMOINCCXXX,IN00DEMO1234567890,ACTIVE,CURRENT,410324.82,2026-02-06,410324.82,2026-02-06,410324.82,2026-02-07 01:10:22,410324.82,2026-02-07 01:10:22,BNK-135C021E10DF,GL-1E112F9BD4BA Vendor payout,CUST-3C20524A,TRANSFER,2026-02-28,0.00,20043.37,410324.82,01:10:22,2026-02-28
Demo Company Pvt Ltd,1234567890,Demo Bank Ltd,INR,Coimbatore,DEMOINCCXXX,IN00DEMO1234567890,ACTIVE,CURRENT,424968.02,2026-02-06,424968.02,2026-02-06,424968.02,2026-02-07 01:44:11,424968.02,2026-02-07 01:44:11,BNK-14BDD060264F,GL-0857348D19DE NEFT transfer BANK,CUST-A88F24A3,TRANSFER,2026-02-28,14643.20,0.00,424968.02,01:44:11,2026-02-28
Demo Company Pvt Ltd,1234567890,Demo Bank Ltd,INR,Coimbatore,DEMOINCCXXX,IN00DEMO1234567890,ACTIVE,CURRENT,402371.63,2026-02-06,402371.63,2026-02-06,402371.63,2026-02-07 02:31:39,402371.63,2026-02-07 02:31:39,BNK-6448E30ECED5,GL-0A9FC2E38ADB Customer collection BANK,,CHARGEBACK,2026-02-28,0.00,22596.39,402371.63,02:31:39,2026-02-28
Demo Company Pvt Ltd,1234567890,Demo Bank Ltd,INR,Coimbatore,DEMOINCCXXX,IN00DEMO1234567890,ACTIVE,CURRENT,395533.48,2026-02-06,395533.48,2026-02-06,395533.48,2026-02-07 03:01:48,395533.48,2026-02-07 03:01:48,BNK-1DDBF5484F40,GL-C08F0D2152C2 Invoice settlement BANK,CUST-2ABE202C,PAYMENT,2026-02-28,0.00,6838.15,395533.48,03:01:48,2026-02-28
Demo Company Pvt Ltd,1234567890,Demo Bank Ltd,INR,Coimbatore,DEMOINCCXXX,IN00DEMO1234567890,ACTIVE,CURRENT,379805.35,2026-02-06,379805.35,2026-02-06,379805.35,2026-02-07 03:33:31,379805.35,2026-02-07 03:33:31,BNK-6C906567D03E,GL-2C7679D3227F Vendor payout BANK,CUST-60982556,RECEIPT,2026-02-28,0.00,15728.13,379805.35,03:33:31,2026-02-28
Demo Company Pvt Ltd,1234567890,Demo Bank Ltd,INR,Coimbatore,DEMOINCCXXX,IN00DEMO1234567890,ACTIVE,CURRENT,356532.68,2026-02-06,356532.68,2026-02-06,356532.68,2026-02-07 04:21:23,356532.68,2026-02-07 04:21:23,BNK-58B31872AE5D,GL-E2400DFBB8F3 Vendor payout BANK,CUST-33178FAB,TRANSFER,2026-02-28,0.00,23272.67,356532.68,04:21:23,2026-02-28
Demo Company Pvt Ltd,1234567890,Demo Bank Ltd,INR,Coimbatore,DEMOINCCXXX,IN00DEMO1234567890,ACTIVE,CURRENT,374286.81,2026-02-06,374286.81,2026-02-06,374286.81,2026-02-07 05:03:45,374286.81,2026-02-07 05:03:45,BNK-90FD2F1A51E0,GL-F81CC9DA0E48 NEFT transfer BANK,,TRANSFER,2026-02-28,17754.13,0.00,374286.81,05:03:45,2026-02-28
Demo Company Pvt Ltd,1234567890,Demo Bank Ltd,INR,Coimbatore,DEMOINCCXXX,IN00DEMO1234567890,ACTIVE,CURRENT,352625.61,2026-02-06,352625.61,2026-02-06,352625.61,2026-02-07 05:47:58,352625.61,2026-02-07 05:47:58,BNK-544E08F3518B,GL-22005B29CA9A Customer collection BANK,,CHARGEBACK,2026-02-28,0.00,21661.20,352625.61,05:47:58,2026-02-28
Demo Company Pvt Ltd,1234567890,Demo Bank Ltd,INR,Coimbatore,DEMOINCCXXX,IN00DEMO1234567890,ACTIVE,CURRENT,373053.50,2026-02-06,373053.50,2026-02-06,373053.50,2026-02-07 06:22:38,373053.50,2026-02-07 06:22:38,BNK-D3B62E9CE311,GL-E8830AAEF0DE NEFT transfer BANK,CUST-380F849B,RECEIPT,2026-02-28,20427.89,0.00,373053.50,06:22:38,2026-02-28
Demo Company Pvt Ltd,1234567890,Demo Bank Ltd,INR,Coimbatore,DEMOINCCXXX,IN00DEMO1234567890,ACTIVE,CURRENT,366853.81,2026-02-06,366853.81,2026-02-06,366853.81,2026-02-07 07:18:04,366853.81,2026-02-07 07:18:04,BNK-2FE74D6C647C,GL-296E8C84D4BB UPI transfer BANK,CUST-2BC13565,PAYMENT,2026-02-28,0.00,6199.69,366853.81,07:18:04,2026-02-28
Demo Company Pvt Ltd,1234567890,Demo Bank Ltd,INR,Coimbatore,DEMOINCCXXX,IN00DEMO1234567890,ACTIVE,CURRENT,370107.95,2026-02-06,370107.95,2026-02-06,370107.95,2026-02-07 07:50:29,370107.95,2026-02-07 07:50:29,BNK-841F98149D39,GL-0FD7457DE39E Invoice settlement BANK,CUST-96B6CDA1,TRANSFER,2026-02-28,3254.14,0.00,370107.95,07:50:29,2026-02-28
Demo Company Pvt Ltd,1234567890,Demo Bank Ltd,INR,Coimbatore,DEMOINCCXXX,IN00DEMO1234567890,ACTIVE,CURRENT,358156.69,2026-02-06,358156.69,2026-02-06,358156.69,2026-02-07 08:13:20,358156.69,2026-02-07 08:13:20,BNK-7FBCA3211B1B,GL-0E862DC6D4DA UPI transfer BANK,CUST-03F212B9,PAYMENT,2026-02-28,0.00,11951.26,358156.69,08:13:20,2026-02-28
Demo Company Pvt Ltd,1234567890,Demo Bank Ltd,INR,Coimbatore,DEMOINCCXXX,IN00DEMO1234567890,ACTIVE,CURRENT,379609.96,2026-02-06,379609.96,2026-02-06,379609.96,2026-02-07 08:53:22,379609.96,2026-02-07 08:53:22,BNK-C12290E171A5,GL-855F874343F7 Vendor payout,CUST-A37664C3,CHARGEBACK,2026-02-28,21453.27,0.00,379609.96,08:53:22,2026-02-28
Demo Company Pvt Ltd,1234567890,Demo Bank Ltd,INR,Coimbatore,DEMOINCCXXX,IN00DEMO1234567890,ACTIVE,CURRENT,391088.29,2026-02-06,391088.29,2026-02-06,391088.29,2026-02-07 09:49:14,391088.29,2026-02-07 09:49:14,BNK-061F334F6904,GL-E3840B5785CB NEFT transfer,,RECEIPT,2026-02-28,11478.33,0.00,391088.29,09:49:14,2026-02-28
Demo Company Pvt Ltd,1234567890,Demo Bank Ltd,INR,Coimbatore,DEMOINCCXXX,IN00DEMO1234567890,ACTIVE,CURRENT,394517.18,2026-02-06,394517.18,2026-02-06,394517.18,2026-02-07 10:07:22,394517.18,2026-02-07 10:07:22,BNK-6A8CF653B02E,GL-1698E3670E69 Invoice settlement BANK,CUST-AE4922F5,TRANSFER,2026-02-28,3428.89,0.00,394517.18,10:07:22,2026-02-28
Demo Company Pvt Ltd,1234567890,Demo Bank Ltd,INR,Coimbatore,DEMOINCCXXX,IN00DEMO1234567890,ACTIVE,CURRENT,379069.80,2026-02-06,379069.80,2026-02-06,379069.80,2026-02-07 10:22:27,379069.80,2026-02-07 10:22:27,BNK-14DFAF12C181,GL-87B7067F6820 NEFT transfer BANK,CUST-BC402337,CHARGEBACK,2026-02-28,0.00,15447.38,379069.80,10:22:27,2026-02-28
Demo Company Pvt Ltd,1234567890,Demo Bank Ltd,INR,Coimbatore,DEMOINCCXXX,IN00DEMO1234567890,ACTIVE,CURRENT,389489.00,2026-02-06,389489.00,2026-02-06,389489.00,2026-02-07 11:03:07,389489.00,2026-02-07 11:03:07,BNK-B71CB56F6AFE,GL-E15386077ADC NEFT transfer BANK,CUST-5F03BDA8,TRANSFER,2026-02-28,10419.20,0.00,389489.00,11:03:07,2026-02-28
Demo Company Pvt Ltd,1234567890,Demo Bank Ltd,INR,Coimbatore,DEMOINCCXXX,IN00DEMO1234567890,ACTIVE,CURRENT,404917.14,2026-02-06,404917.14,2026-02-06,404917.14,2026-02-07 11:20:18,404917.14,2026-02-07 11:20:18,BNK-FA87AA7D4171,GL-9631AE274F62 Customer collection BANK,CUST-967DB950,PAYMENT,2026-02-28,15428.14,0.00,404917.14,11:20:18,2026-02-28
Demo Company Pvt Ltd,1234567890,Demo Bank Ltd,INR,Coimbatore,DEMOINCCXXX,IN00DEMO1234567890,ACTIVE,CURRENT,408902.74,2026-02-06,408902.74,2026-02-06,408902.74,2026-02-07 12:14:07,408902.74,2026-02-07 12:14:07,BNK-B38795AF2457,GL-BA5BA69FE79A Customer collection,CUST-3AC95C5A,RECEIPT,2026-02-28,3985.60,0.00,408902.74,12:14:07,2026-02-28
Demo Company Pvt Ltd,1234567890,Demo Bank Ltd,INR,Coimbatore,DEMOINCCXXX,IN00DEMO1234567890,ACTIVE,CURRENT,414101.59,2026-02-06,414101.59,2026-02-06,414101.59,2026-02-07 12:45:27,414101.59,2026-02-07 12:45:27,BNK-052EA53E1EA1,GL-E7E8318ECE0B NEFT transfer,CUST-7B9E40FE,TRANSFER,2026-02-28,5198.85,0.00,414101.59,12:45:27,2026-02-28
Demo Company Pvt Ltd,1234567890,Demo Bank Ltd,INR,Coimbatore,DEMOINCCXXX,IN00DEMO1234567890,ACTIVE,CURRENT,418885.45,2026-02-06,418885.45,2026-02-06,418885.45,2026-02-07 13:06:37,418885.45,2026-02-07 13:06:37,BNK-97556EE95B97,GL-9678F284C851 Invoice settlement BANK,CUST-A354714C,TRANSFER,2026-02-28,4783.86,0.00,418885.45,13:06:37,2026-02-28
Demo Company Pvt Ltd,1234567890,Demo Bank Ltd,INR,Coimbatore,DEMOINCCXXX,IN00DEMO1234567890,ACTIVE,CURRENT,440020.37,2026-02-06,440020.37,2026-02-06,440020.37,2026-02-07 13:58:04,440020.37,2026-02-07 13:58:04,BNK-586BB732AC8E,GL-891AA0754AFF Vendor payout BANK,,TRANSFER,2026-02-28,21134.92,0.00,440020.37,13:58:04,2026-02-28
Demo Company Pvt Ltd,1234567890,Demo Bank Ltd,INR,Coimbatore,DEMOINCCXXX,IN00DEMO1234567890,ACTIVE,CURRENT,424530.45,2026-02-06,424530.45,2026-02-06,424530.45,2026-02-07 14:44:48,424530.45,2026-02-07 14:44:48,BNK-739348ECCE79,GL-ADB440F0B2A0 UPI transfer,CUST-F45F81B7,RECEIPT,2026-02-28,0.00,15489.92,424530.45,14:44:48,2026-02-28
Demo Company Pvt Ltd,1234567890,Demo Bank Ltd,INR,Coimbatore,DEMOINCCXXX,IN00DEMO1234567890,ACTIVE,CURRENT,422408.63,2026-02-06,422408.63,2026-02-06,422408.63,2026-02-07 15:07:35,422408.63,2026-02-07 15:07:35,BNK-2FBD0064FCF1,GL-D87ED68D2AAC Vendor payout BANK,CUST-FDBABBEB,RECEIPT,2026-02-28,0.00,2121.82,422408.63,15:07:35,2026-02-28
Demo Company Pvt Ltd,1234567890,Demo Bank Ltd,INR,Coimbatore,DEMOINCCXXX,IN00DEMO1234567890,ACTIVE,CURRENT,420286.81,2026-02-06,420286.81,2026-02-06,420286.81,2026-02-07 15:58:56,420286.81,2026-02-07 15:58:56,BNK-2FBD0064FCF1-DUP,GL-D87ED68D2AAC Vendor payout BANK DUPLICATE_POSTING,CUST-FDBABBEB,RECEIPT,2026-02-28,0.00,2121.82,420286.81,15:58:56,2026-02-28
Demo Company Pvt Ltd,1234567890,Demo Bank Ltd,INR,Coimbatore,DEMOINCCXXX,IN00DEMO1234567890,ACTIVE,CURRENT,433681.88,2026-02-06,433681.88,2026-02-06,433681.88,2026-02-07 16:29:45,433681.88,2026-02-07 16:29:45,BNK-FC48F5DA7364,GL-55CAC5C7B04C Vendor payout,CUST-438DBFB8,TRANSFER,2026-02-28,13395.07,0.00,433681.88,16:29:45,2026-02-28
Demo Company Pvt Ltd,1234567890,Demo Bank Ltd,INR,Coimbatore,DEMOINCCXXX,IN00DEMO1234567890,ACTIVE,CURRENT,435278.19,2026-02-06,435278.19,2026-02-06,435278.19,2026-02-07 16:49:32,435278.19,2026-02-07 16:49:32,BNK-94F67AAC94AC,GL-D7EAA83EA702 UPI transfer,CUST-51A2B839,RECEIPT,2026-02-28,1596.31,0.00,435278.19,16:49:32,2026-02-28
Demo Company Pvt Ltd,1234567890,Demo Bank Ltd,INR,Coimbatore,DEMOINCCXXX,IN00DEMO1234567890,ACTIVE,CURRENT,417621.97,2026-02-06,417621.97,2026-02-06,417621.97,2026-02-07 17:28:02,417621.97,2026-02-07 17:28:02,BNK-FA1E73040362,GL-3C36AA10BBCE UPI transfer,,RECEIPT,2026-02-28,0.00,17656.22,417621.97,17:28:02,2026-02-28
Demo Company Pvt Ltd,1234567890,Demo Bank Ltd,INR,Coimbatore,DEMOINCCXXX,IN00DEMO1234567890,ACTIVE,CURRENT,410224.48,2026-02-06,410224.48,2026-02-06,410224.48,2026-02-07 17:45:44,410224.48,2026-02-07 17:45:44,BNK-266CE527D631,GL-A72180EFABF4 Invoice settlement BANK,,RECEIPT,2026-02-28,0.00,7397.49,410224.48,17:45:44,2026-02-28
Demo Company Pvt Ltd,1234567890,Demo Bank Ltd,INR,Coimbatore,DEMOINCCXXX,IN00DEMO1234567890,ACTIVE,CURRENT,417645.99,2026-02-06,417645.99,2026-02-06,417645.99,2026-02-07 18:15:57,417645.99,2026-02-07 18:15:57,BNK-C2C54FD5A1AF,GL-AADFFF3B6510 Customer collection,CUST-F2874DB3,RECEIPT,2026-02-28,7421.51,0.00,417645.99,18:15:57,2026-02-28
Demo Company Pvt Ltd,1234567890,Demo Bank Ltd,INR,Coimbatore,DEMOINCCXXX,IN00DEMO1234567890,ACTIVE,CURRENT,404394.13,2026-02-06,404394.13,2026-02-06,404394.13,2026-02-07 18:49:28,404394.13,2026-02-07 18:49:28,BNK-B95F91764968,GL-DBF6B51C080D Customer collection,CUST-C16DBE05,RECEIPT,2026-02-28,0.00,13251.86,404394.13,18:49:28,2026-02-28
Demo Company Pvt Ltd,1234567890,Demo Bank Ltd,INR,Coimbatore,DEMOINCCXXX,IN00DEMO1234567890,ACTIVE,CURRENT,405743.15,2026-02-06,405743.15,2026-02-06,405743.15,2026-02-07 19:21:08,405743.15,2026-02-07 19:21:08,BNK-F67BC0613050,GL-0A8BCAFC023D Invoice settlement BANK,CUST-FBD8628E,RECEIPT,2026-02-28,1349.02,0.00,405743.15,19:21:08,2026-02-28
Demo Company Pvt Ltd,1234567890,Demo Bank Ltd,INR,Coimbatore,DEMOINCCXXX,IN00DEMO1234567890,ACTIVE,CURRENT,401112.64,2026-02-06,401112.64,2026-02-06,401112.64,2026-02-07 20:18:44,401112.64,2026-02-07 20:18:44,BNK-06BA0A6CB186,GL-04DAF39F3854 Invoice settlement,CUST-2CD27362,RECEIPT,2026-02-28,0.00,4630.51,401112.64,20:18:44,2026-02-28
Demo Company Pvt Ltd,1234567890,Demo Bank Ltd,INR,Coimbatore,DEMOINCCXXX,IN00DEMO1234567890,ACTIVE,CURRENT,385244.25,2026-02-06,385244.25,2026-02-06,385244.25,2026-02-07 20:38:42,385244.25,2026-02-07 20:38:42,BNK-95BA0D413DF2,GL-089BED231ADB Customer collection,CUST-A4C0E915,CHARGEBACK,2026-02-28,0.00,15868.39,385244.25,20:38:42,2026-02-28
Demo Company Pvt Ltd,1234567890,Demo Bank Ltd,INR,Coimbatore,DEMOINCCXXX,IN00DEMO1234567890,ACTIVE,CURRENT,405923.47,2026-02-06,405923.47,2026-02-06,405923.47,2026-02-07 20:54:01,405923.47,2026-02-07 20:54:01,BNK-08BDFE638EB4,GL-CA613B3F1FA9 UPI transfer BANK,CUST-29820688,RECEIPT,2026-02-28,20679.22,0.00,405923.47,20:54:01,2026-02-28
Demo Company Pvt Ltd,1234567890,Demo Bank Ltd,INR,Coimbatore,DEMOINCCXXX,IN00DEMO1234567890,ACTIVE,CURRENT,423634.87,2026-02-06,423634.87,2026-02-06,423634.87,2026-02-07 21:48:26,423634.87,2026-02-07 21:48:26,BNK-B176D91B6B96,GL-E5AFD2C7AE1D Invoice settlement BANK,CUST-3D0352EC,CHARGEBACK,2026-02-28,17711.40,0.00,423634.87,21:48:26,2026-02-28
Demo Company Pvt Ltd,1234567890,Demo Bank Ltd,INR,Coimbatore,DEMOINCCXXX,IN00DEMO1234567890,ACTIVE,CURRENT,445444.75,2026-02-06,445444.75,2026-02-06,445444.75,2026-02-07 22:13:33,445444.75,2026-02-07 22:13:33,BNK-EC6F30D47893,GL-365EEEF17842 Customer collection BANK,CUST-4AEF7A3D,PAYMENT,2026-02-28,21809.88,0.00,445444.75,22:13:33,2026-02-28
Demo Company Pvt Ltd,1234567890,Demo Bank Ltd,INR,Coimbatore,DEMOINCCXXX,IN00DEMO1234567890,ACTIVE,CURRENT,417758.76,2026-02-06,417758.76,2026-02-06,417758.76,2026-02-07 22:31:13,417758.76,2026-02-07 22:31:13,BNK-24976B865528,GL-2C553800663D NEFT transfer BANK DATE_POSTING_ERROR,CUST-13F8224E,CHARGEBACK,2026-02-28,0.00,27685.99,417758.76,22:31:13,2026-02-28
Demo Company Pvt Ltd,1234567890,Demo Bank Ltd,INR,Coimbatore,DEMOINCCXXX,IN00DEMO1234567890,ACTIVE,CURRENT,396349.51,2026-02-06,396349.51,2026-02-06,396349.51,2026-02-07 22:51:26,396349.51,2026-02-07 22:51:26,BNK-50114B712D6C,GL-F0C59F5AFED1 UPI transfer BANK,CUST-8BAB987B,TRANSFER,2026-02-28,0.00,21409.25,396349.51,22:51:26,2026-02-28
Demo Company Pvt Ltd,1234567890,Demo Bank Ltd,INR,Coimbatore,DEMOINCCXXX,IN00DEMO1234567890,ACTIVE,CURRENT,382481.97,2026-02-06,382481.97,2026-02-06,382481.97,2026-02-07 23:22:22,382481.97,2026-02-07 23:22:22,BNK-CE1E681EB087,GL-5D8ABE13CEDA UPI transfer,CUST-E7B0AD8C,RECEIPT,2026-02-28,0.00,13867.54,382481.97,23:22:22,2026-02-28
Demo Company Pvt Ltd,1234567890,Demo Bank Ltd,INR,Coimbatore,DEMOINCCXXX,IN00DEMO1234567890,ACTIVE,CURRENT,374852.17,2026-02-06,374852.17,2026-02-06,374852.17,2026-02-07 23:59:14,374852.17,2026-02-07 23:59:14,BNK-9553D126BADC,GL-13E5EBC73460 NEFT transfer,CUST-763414C0,PAYMENT,2026-02-28,0.00,7629.80,374852.17,23:59:14,2026-02-28
Demo Company Pvt Ltd,1234567890,Demo Bank Ltd,INR,Coimbatore,DEMOINCCXXX,IN00DEMO1234567890,ACTIVE,CURRENT,349285.95,2026-02-07,349285.95,2026-02-07,349285.95,2026-02-08 00:38:46,349285.95,2026-02-08 00:38:46,BNK-0D35C6709E06,GL-4197A19688F8 Customer collection BANK,CUST-B7979C71,TRANSFER,2026-02-28,0.00,25566.22,349285.95,00:38:46,2026-02-28
Demo Company Pvt Ltd,1234567890,Demo Bank Ltd,INR,Coimbatore,DEMOINCCXXX,IN00DEMO1234567890,ACTIVE,CURRENT,362971.54,2026-02-07,362971.54,2026-02-07,362971.54,2026-02-08 00:59:49,362971.54,2026-02-08 00:59:49,BNK-F6C6636DEAC9,GL-CB734142E3DB NEFT transfer BANK,CUST-69C505BB,TRANSFER,2026-02-28,13685.59,0.00,362971.54,00:59:49,2026-02-28
Demo Company Pvt Ltd,1234567890,Demo Bank Ltd,INR,Coimbatore,DEMOINCCXXX,IN00DEMO1234567890,ACTIVE,CURRENT,375138.22,2026-02-07,375138.22,2026-02-07,375138.22,2026-02-08 01:14:57,375138.22,2026-02-08 01:14:57,BNK-3B721DCE1B04,GL-8233007A6A18 Invoice settlement,CUST-76AC4E3D,CHARGEBACK,2026-02-28,12166.68,0.00,375138.22,01:14:57,2026-02-28
Demo Company Pvt Ltd,1234567890,Demo Bank Ltd,INR,Coimbatore,DEMOINCCXXX,IN00DEMO1234567890,ACTIVE,CURRENT,398909.89,2026-02-07,398909.89,2026-02-07,398909.89,2026-02-08 01:38:37,398909.89,2026-02-08 01:38:37,BNK-12BD9D546E32,GL-378132FFB52B NEFT transfer BANK,CUST-3A6F5902,TRANSFER,2026-02-28,23771.67,0.00,398909.89,01:38:37,2026-02-28
Demo Company Pvt Ltd,1234567890,Demo Bank Ltd,INR,Coimbatore,DEMOINCCXXX,IN00DEMO1234567890,ACTIVE,CURRENT,396501.33,2026-02-07,396501.33,2026-02-07,396501.33,2026-02-08 02:05:46,396501.33,2026-02-08 02:05:46,BNK-5A6BBD29A204,GL-41F73E163DA4 Vendor payout,CUST-5111567F,TRANSFER,2026-02-28,0.00,2408.56,396501.33,02:05:46,2026-02-28
Demo Company Pvt Ltd,1234567890,Demo Bank Ltd,INR,Coimbatore,DEMOINCCXXX,IN00DEMO1234567890,ACTIVE,CURRENT,383688.14,2026-02-07,383688.14,2026-02-07,383688.14,2026-02-08 02:57:48,383688.14,2026-02-08 02:57:48,BNK-70EA4E9D4890,GL-0585EF7D05A5 UPI transfer BANK,CUST-0149CC11,TRANSFER,2026-02-28,0.00,12813.19,383688.14,02:57:48,2026-02-28
Demo Company Pvt Ltd,1234567890,Demo Bank Ltd,INR,Coimbatore,DEMOINCCXXX,IN00DEMO1234567890,ACTIVE,CURRENT,363066.16,2026-02-07,363066.16,2026-02-07,363066.16,2026-02-08 03:17:58,363066.16,2026-02-08 03:17:58,BNK-C66C429AE5F6,GL-B87D32AE4DDA Invoice settlement BANK,,RECEIPT,2026-02-28,0.00,20621.98,363066.16,03:17:58,2026-02-28
Demo Company Pvt Ltd,1234567890,Demo Bank Ltd,INR,Coimbatore,DEMOINCCXXX,IN00DEMO1234567890,ACTIVE,CURRENT,362590.12,2026-02-07,362590.12,2026-02-07,362590.12,2026-02-08 04:15:44,362590.12,2026-02-08 04:15:44,BNK-B549F1EA7020,GL-B1274D4875E4 UPI transfer,,PAYMENT,2026-02-28,0.00,476.04,362590.12,04:15:44,2026-02-28
Demo Company Pvt Ltd,1234567890,Demo Bank Ltd,INR,Coimbatore,DEMOINCCXXX,IN00DEMO1234567890,ACTIVE,CURRENT,375427.47,2026-02-07,375427.47,2026-02-07,375427.47,2026-02-08 04:33:26,375427.47,2026-02-08 04:33:26,BNK-92E24D11FDB7,GL-8EB30AE7CB0F Customer collection BANK,CUST-A2353534,CHARGEBACK,2026-02-28,12837.35,0.00,375427.47,04:33:26,2026-02-28
Demo Company Pvt Ltd,1234567890,Demo Bank Ltd,INR,Coimbatore,DEMOINCCXXX,IN00DEMO1234567890,ACTIVE,CURRENT,367413.72,2026-02-07,367413.72,2026-02-07,367413.72,2026-02-08 05:07:14,367413.72,2026-02-08 05:07:14,BNK-C5517389EA72,GL-31963CF4854A Vendor payout BANK,CUST-1FB76037,TRANSFER,2026-02-28,0.00,8013.75,367413.72,05:07:14,2026-02-28
Demo Company Pvt Ltd,1234567890,Demo Bank Ltd,INR,Coimbatore,DEMOINCCXXX,IN00DEMO1234567890,ACTIVE,CURRENT,348064.81,2026-02-07,348064.81,2026-02-07,348064.81,2026-02-08 05:41:06,348064.81,2026-02-08 05:41:06,BNK-7D7C65E275AB,GL-A2AEE223F4BB Customer collection BANK,,CHARGEBACK,2026-02-28,0.00,19348.91,348064.81,05:41:06,2026-02-28
Demo Company Pvt Ltd,1234567890,Demo Bank Ltd,INR,Coimbatore,DEMOINCCXXX,IN00DEMO1234567890,ACTIVE,CURRENT,348130.31,2026-02-07,348130.31,2026-02-07,348130.31,2026-02-08 06:02:01,348130.31,2026-02-08 06:02:01,BNK-95776806557B,Sweep Interest,,BANK_ONLY,2026-02-28,65.50,0.00,348130.31,06:02:01,2026-02-28
Demo Company Pvt Ltd,1234567890,Demo Bank Ltd,INR,Coimbatore,DEMOINCCXXX,IN00DEMO1234567890,ACTIVE,CURRENT,347826.60,2026-02-07,347826.60,2026-02-07,347826.60,2026-02-08 06:46:46,347826.60,2026-02-08 06:46:46,BNK-8631DA331290,Monthly Account Fee,,BANK_ONLY,2026-02-28,0.00,303.71,347826.60,06:46:46,2026-02-28
Demo Company Pvt Ltd,1234567890,Demo Bank Ltd,INR,Coimbatore,DEMOINCCXXX,IN00DEMO1234567890,ACTIVE,CURRENT,347551.52,2026-02-07,347551.52,2026-02-07,347551.52,2026-02-08 07:24:52,347551.52,2026-02-08 07:24:52,BNK-3CFF4595BE34,Overdraft Charge,,BANK_ONLY,2026-02-28,0.00,275.08,347551.52,07:24:52,2026-02-28
Demo Company Pvt Ltd,1234567890,Demo Bank Ltd,INR,Coimbatore,DEMOINCCXXX,IN00DEMO1234567890,ACTIVE,CURRENT,347311.83,2026-02-07,347311.83,2026-02-07,347311.83,2026-02-08 08:24:07,347311.83,2026-02-08 08:24:07,BNK-BA5BECD64C9F,Card Network Charge,,BANK_ONLY,2026-02-28,0.00,239.69,347311.83,08:24:07,2026-02-28
Demo Company Pvt Ltd,1234567890,Demo Bank Ltd,INR,Coimbatore,DEMOINCCXXX,IN00DEMO1234567890,ACTIVE,CURRENT,347564.13,2026-02-07,347564.13,2026-02-07,347564.13,2026-02-08 09:15:44,347564.13,2026-02-08 09:15:44,BNK-FF4D9BC8304E,Sweep Interest,,BANK_ONLY,2026-02-28,252.30,0.00,347564.13,09:15:44,2026-02-28
Demo Company Pvt Ltd,1234567890,Demo Bank Ltd,INR,Coimbatore,DEMOINCCXXX,IN00DEMO1234567890,ACTIVE,CURRENT,347258.45,2026-02-07,347258.45,2026-02-07,347258.45,2026-02-08 09:42:16,347258.45,2026-02-08 09:42:16,BNK-E587874AA3BC,Card Network Charge,,BANK_ONLY,2026-02-28,0.00,305.68,347258.45,09:42:16,2026-02-28
Demo Company Pvt Ltd,1234567890,Demo Bank Ltd,INR,Coimbatore,DEMOINCCXXX,IN00DEMO1234567890,ACTIVE,CURRENT,346916.74,2026-02-07,346916.74,2026-02-07,346916.74,2026-02-08 10:09:43,346916.74,2026-02-08 10:09:43,BNK-F1E09B4C5D9E,Overdraft Charge,,BANK_ONLY,2026-02-28,0.00,341.71,346916.74,10:09:43,2026-02-28
Demo Company Pvt Ltd,1234567890,Demo Bank Ltd,INR,Coimbatore,DEMOINCCXXX,IN00DEMO1234567890,ACTIVE,CURRENT,347165.53,2026-02-07,347165.53,2026-02-07,347165.53,2026-02-08 11:03:40,347165.53,2026-02-08 11:03:40,BNK-CAF664D9613F,Sweep Interest,,BANK_ONLY,2026-02-28,248.79,0.00,347165.53,11:03:40,2026-02-28
Demo Company Pvt Ltd,1234567890,Demo Bank Ltd,INR,Coimbatore,DEMOINCCXXX,IN00DEMO1234567890,ACTIVE,CURRENT,346868.48,2026-02-07,346868.48,2026-02-07,346868.48,2026-02-08 11:40:47,346868.48,2026-02-08 11:40:47,,Card Network Charge REFERENCE_DROP,,BANK_ONLY,2026-02-28,0.00,297.05,346868.48,11:40:47,2026-02-28
Demo Company Pvt Ltd,1234567890,Demo Bank Ltd,INR,Coimbatore,DEMOINCCXXX,IN00DEMO1234567890,ACTIVE,CURRENT,346631.31,2026-02-07,346631.31,2026-02-07,346631.31,2026-02-08 12:24:02,346631.31,2026-02-08 12:24:02,BNK-5A4A2A20382A,Monthly Account Fee,,BANK_ONLY,2026-02-28,0.00,237.17,346631.31,12:24:02,2026-02-28
Demo Company Pvt Ltd,1234567890,Demo Bank Ltd,INR,Coimbatore,DEMOINCCXXX,IN00DEMO1234567890,ACTIVE,CURRENT,346544.66,2026-02-07,346544.66,2026-02-07,346544.66,2026-02-08 12:54:47,346544.66,2026-02-08 12:54:47,BNK-5029870399F2,Card Network Charge,,BANK_ONLY,2026-02-28,0.00,86.65,346544.66,12:54:47,2026-02-28
Demo Company Pvt Ltd,1234567890,Demo Bank Ltd,INR,Coimbatore,DEMOINCCXXX,IN00DEMO1234567890,ACTIVE,CURRENT,346606.40,2026-02-07,346606.40,2026-02-07,346606.40,2026-02-08 13:38:23,346606.40,2026-02-08 13:38:23,BNK-95957F585746,Sweep Interest,,BANK_ONLY,2026-02-28,61.74,0.00,346606.40,13:38:23,2026-02-28
Demo Company Pvt Ltd,1234567890,Demo Bank Ltd,INR,Coimbatore,DEMOINCCXXX,IN00DEMO1234567890,ACTIVE,CURRENT,346519.75,2026-02-07,346519.75,2026-02-07,346519.75,2026-02-08 13:55:37,346519.75,2026-02-08 13:55:37,BNK-507D0DFDA45A,Monthly Account Fee,,BANK_ONLY,2026-02-28,0.00,86.65,346519.75,13:55:37,2026-02-28
Demo Company Pvt Ltd,1234567890,Demo Bank Ltd,INR,Coimbatore,DEMOINCCXXX,IN00DEMO1234567890,ACTIVE,CURRENT,346473.03,2026-02-07,346473.03,2026-02-07,346473.03,2026-02-08 14:20:00,346473.03,2026-02-08 14:20:00,BNK-5E0D3DAF3182,Card Network Charge,,BANK_ONLY,2026-02-28,0.00,46.72,346473.03,14:20:00,2026-02-28
Demo Company Pvt Ltd,1234567890,Demo Bank Ltd,INR,Coimbatore,DEMOINCCXXX,IN00DEMO1234567890,ACTIVE,CURRENT,346390.88,2026-02-07,346390.88,2026-02-07,346390.88,2026-02-08 15:13:34,346390.88,2026-02-08 15:13:34,,Card Network Charge REFERENCE_DROP,,BANK_ONLY,2026-02-28,0.00,82.15,346390.88,15:13:34,2026-02-28
Demo Company Pvt Ltd,1234567890,Demo Bank Ltd,INR,Coimbatore,DEMOINCCXXX,IN00DEMO1234567890,ACTIVE,CURRENT,346183.66,2026-02-07,346183.66,2026-02-07,346183.66,2026-02-08 16:06:53,346183.66,2026-02-08 16:06:53,BNK-6A805822F3A7,Monthly Account Fee,,BANK_ONLY,2026-02-28,0.00,207.22,346183.66,16:06:53,2026-02-28
Demo Company Pvt Ltd,1234567890,Demo Bank Ltd,INR,Coimbatore,DEMOINCCXXX,IN00DEMO1234567890,ACTIVE,CURRENT,345897.19,2026-02-07,345897.19,2026-02-07,345897.19,2026-02-08 17:01:37,345897.19,2026-02-08 17:01:37,BNK-AE0F61EE14CB,Card Network Charge,,BANK_ONLY,2026-02-28,0.00,286.47,345897.19,17:01:37,2026-02-28
Demo Company Pvt Ltd,1234567890,Demo Bank Ltd,INR,Coimbatore,DEMOINCCXXX,IN00DEMO1234567890,ACTIVE,CURRENT,346073.94,2026-02-07,346073.94,2026-02-07,346073.94,2026-02-08 17:24:43,346073.94,2026-02-08 17:24:43,BNK-227897EADE23,Sweep Interest,,BANK_ONLY,2026-02-28,176.75,0.00,346073.94,17:24:43,2026-02-28
Demo Company Pvt Ltd,1234567890,Demo Bank Ltd,INR,Coimbatore,DEMOINCCXXX,IN00DEMO1234567890,ACTIVE,CURRENT,345734.69,2026-02-07,345734.69,2026-02-07,345734.69,2026-02-08 17:43:09,345734.69,2026-02-08 17:43:09,BNK-361EC4578073,Monthly Account Fee,,BANK_ONLY,2026-02-28,0.00,339.25,345734.69,17:43:09,2026-02-28
Demo Company Pvt Ltd,1234567890,Demo Bank Ltd,INR,Coimbatore,DEMOINCCXXX,IN00DEMO1234567890,ACTIVE,CURRENT,345414.32,2026-02-07,345414.32,2026-02-07,345414.32,2026-02-08 18:13:03,345414.32,2026-02-08 18:13:03,BNK-EDF3DFA971D3,Card Network Charge,,BANK_ONLY,2026-02-28,0.00,320.37,345414.32,18:13:03,2026-02-28
Demo Company Pvt Ltd,1234567890,Demo Bank Ltd,INR,Coimbatore,DEMOINCCXXX,IN00DEMO1234567890,ACTIVE,CURRENT,345292.77,2026-02-07,345292.77,2026-02-07,345292.77,2026-02-08 18:52:29,345292.77,2026-02-08 18:52:29,BNK-F86E31AE2D73,Overdraft Charge,,BANK_ONLY,2026-02-28,0.00,121.55,345292.77,18:52:29,2026-02-28
Demo Company Pvt Ltd,1234567890,Demo Bank Ltd,INR,Coimbatore,DEMOINCCXXX,IN00DEMO1234567890,ACTIVE,CURRENT,345487.10,2026-02-07,345487.10,2026-02-07,345487.10,2026-02-08 19:27:28,345487.10,2026-02-08 19:27:28,BNK-E002F1E56FC8,Sweep Interest,,BANK_ONLY,2026-02-28,194.33,0.00,345487.10,19:27:28,2026-02-28
Demo Company Pvt Ltd,1234567890,Demo Bank Ltd,INR,Coimbatore,DEMOINCCXXX,IN00DEMO1234567890,ACTIVE,CURRENT,345335.97,2026-02-07,345335.97,2026-02-07,345335.97,2026-02-08 20:12:47,345335.97,2026-02-08 20:12:47,BNK-311AF8D22291,Card Network Charge,,BANK_ONLY,2026-02-28,0.00,151.13,345335.97,20:12:47,2026-02-28
Demo Company Pvt Ltd,1234567890,Demo Bank Ltd,INR,Coimbatore,DEMOINCCXXX,IN00DEMO1234567890,ACTIVE,CURRENT,345679.76,2026-02-07,345679.76,2026-02-07,345679.76,2026-02-08 20:31:21,345679.76,2026-02-08 20:31:21,BNK-233B4B745023,Sweep Interest,,BANK_ONLY,2026-02-28,343.79,0.00,345679.76,20:31:21,2026-02-28
Demo Company Pvt Ltd,1234567890,Demo Bank Ltd,INR,Coimbatore,DEMOINCCXXX,IN00DEMO1234567890,ACTIVE,CURRENT,345775.37,2026-02-07,345775.37,2026-02-07,345775.37,2026-02-08 21:06:02,345775.37,2026-02-08 21:06:02,BNK-DD203D1E9FCA,Sweep Interest,,BANK_ONLY,2026-02-28,95.61,0.00,345775.37,21:06:02,2026-02-28
Demo Company Pvt Ltd,1234567890,Demo Bank Ltd,INR,Coimbatore,DEMOINCCXXX,IN00DEMO1234567890,ACTIVE,CURRENT,345595.82,2026-02-07,345595.82,2026-02-07,345595.82,2026-02-08 21:45:17,345595.82,2026-02-08 21:45:17,BNK-7B537555DD84,Card Network Charge,,BANK_ONLY,2026-02-28,0.00,179.55,345595.82,21:45:17,2026-02-28
Demo Company Pvt Ltd,1234567890,Demo Bank Ltd,INR,Coimbatore,DEMOINCCXXX,IN00DEMO1234567890,ACTIVE,CURRENT,345285.00,2026-02-07,345285.00,2026-02-07,345285.00,2026-02-08 22:38:36,345285.00,2026-02-08 22:38:36,BNK-53EE874220BD,Overdraft Charge,,BANK_ONLY,2026-02-28,0.00,310.82,345285.00,22:38:36,2026-02-28
Demo Company Pvt Ltd,1234567890,Demo Bank Ltd,INR,Coimbatore,DEMOINCCXXX,IN00DEMO1234567890,ACTIVE,CURRENT,361166.31,2026-02-07,361166.31,2026-02-07,361166.31,2026-02-08 23:17:53,361166.31,2026-02-08 23:17:53,BNK-46CFC5A68D16,GL-DC25F1E55EF9 NEFT transfer BANK,CUST-AFAF9F3B,RECEIPT,2026-02-28,15881.31,0.00,361166.31,23:17:53,2026-02-28
Demo Company Pvt Ltd,1234567890,Demo Bank Ltd,INR,Coimbatore,DEMOINCCXXX,IN00DEMO1234567890,ACTIVE,CURRENT,355212.44,2026-02-07,355212.44,2026-02-07,355212.44,2026-02-08 23:49:57,355212.44,2026-02-08 23:49:57,BNK-2DD58F3BF7A4,GL-378B4AF44530 Vendor payout BANK,CUST-8BFE0FFC,CHARGEBACK,2026-02-28,0.00,5953.87,355212.44,23:49:57,2026-02-28
Demo Company Pvt Ltd,1234567890,Demo Bank Ltd,INR,Coimbatore,DEMOINCCXXX,IN00DEMO1234567890,ACTIVE,CURRENT,353215.69,2026-02-08,353215.69,2026-02-08,353215.69,2026-02-09 00:38:26,353215.69,2026-02-09 00:38:26,BNK-F0953626D0C8,GL-98C3FF8236C9 UPI transfer,CUST-F39BE786,TRANSFER,2026-02-28,0.00,1996.75,353215.69,00:38:26,2026-02-28
Demo Company Pvt Ltd,1234567890,Demo Bank Ltd,INR,Coimbatore,DEMOINCCXXX,IN00DEMO1234567890,ACTIVE,CURRENT,377585.23,2026-02-08,377585.23,2026-02-08,377585.23,2026-02-09 01:02:16,377585.23,2026-02-09 01:02:16,BNK-BFB25D3A7297,GL-A494B8E1E863 Vendor payout,CUST-EF747291,TRANSFER,2026-02-28,24369.54,0.00,377585.23,01:02:16,2026-02-28
Demo Company Pvt Ltd,1234567890,Demo Bank Ltd,INR,Coimbatore,DEMOINCCXXX,IN00DEMO1234567890,ACTIVE,CURRENT,351917.38,2026-02-08,351917.38,2026-02-08,351917.38,2026-02-09 01:29:15,351917.38,2026-02-09 01:29:15,BNK-B86713EA68D9,GL-91989BFE505B NEFT transfer BANK DATE_POSTING_ERROR,CUST-155B20E5,TRANSFER,2026-02-28,0.00,25667.85,351917.38,01:29:15,2026-02-28
Demo Company Pvt Ltd,1234567890,Demo Bank Ltd,INR,Coimbatore,DEMOINCCXXX,IN00DEMO1234567890,ACTIVE,CURRENT,376258.85,2026-02-08,376258.85,2026-02-08,376258.85,2026-02-09 02:04:47,376258.85,2026-02-09 02:04:47,BNK-91257B248514,GL-5289810F62DD Customer collection,,CHARGEBACK,2026-02-28,24341.47,0.00,376258.85,02:04:47,2026-02-28
Demo Company Pvt Ltd,1234567890,Demo Bank Ltd,INR,Coimbatore,DEMOINCCXXX,IN00DEMO1234567890,ACTIVE,CURRENT,356009.35,2026-02-08,356009.35,2026-02-08,356009.35,2026-02-09 02:54:25,356009.35,2026-02-09 02:54:25,BNK-46561BD269FF,GL-656BCD866899 UPI transfer BANK,CUST-04C80585,CHARGEBACK,2026-02-28,0.00,20249.50,356009.35,02:54:25,2026-02-28
Demo Company Pvt Ltd,1234567890,Demo Bank Ltd,INR,Coimbatore,DEMOINCCXXX,IN00DEMO1234567890,ACTIVE,CURRENT,365345.08,2026-02-08,365345.08,2026-02-08,365345.08,2026-02-09 03:11:09,365345.08,2026-02-09 03:11:09,BNK-3C06B9EFD61A,GL-8F4B645604D2 NEFT transfer BANK,CUST-03C3D88B,CHARGEBACK,2026-02-28,9335.73,0.00,365345.08,03:11:09,2026-02-28
Demo Company Pvt Ltd,1234567890,Demo Bank Ltd,INR,Coimbatore,DEMOINCCXXX,IN00DEMO1234567890,ACTIVE,CURRENT,361345.72,2026-02-08,361345.72,2026-02-08,361345.72,2026-02-09 03:55:08,361345.72,2026-02-09 03:55:08,BNK-64B6871627B8,GL-DCB41D2A900A Invoice settlement,,PAYMENT,2026-02-28,0.00,3999.36,361345.72,03:55:08,2026-02-28
Demo Company Pvt Ltd,1234567890,Demo Bank Ltd,INR,Coimbatore,DEMOINCCXXX,IN00DEMO1234567890,ACTIVE,CURRENT,357346.36,2026-02-08,357346.36,2026-02-08,357346.36,2026-02-09 04:14:06,357346.36,2026-02-09 04:14:06,BNK-64B6871627B8-DUP,GL-DCB41D2A900A Invoice settlement DUPLICATE_POSTING,,PAYMENT,2026-02-28,0.00,3999.36,357346.36,04:14:06,2026-02-28
Demo Company Pvt Ltd,1234567890,Demo Bank Ltd,INR,Coimbatore,DEMOINCCXXX,IN00DEMO1234567890,ACTIVE,CURRENT,342589.75,2026-02-08,342589.75,2026-02-08,342589.75,2026-02-09 04:47:10,342589.75,2026-02-09 04:47:10,BNK-DEC1E2956EEA,GL-20ABDA79A9F1 Customer collection BANK,CUST-B8F71D42,PAYMENT,2026-02-28,0.00,14756.61,342589.75,04:47:10,2026-02-28
Demo Company Pvt Ltd,1234567890,Demo Bank Ltd,INR,Coimbatore,DEMOINCCXXX,IN00DEMO1234567890,ACTIVE,CURRENT,366366.81,2026-02-08,366366.81,2026-02-08,366366.81,2026-02-09 05:05:44,366366.81,2026-02-09 05:05:44,BNK-5E7E8D77B035,GL-3CADE9E5E7CA NEFT transfer,CUST-946AC36D,CHARGEBACK,2026-02-28,23777.06,0.00,366366.81,05:05:44,2026-02-28
Demo Company Pvt Ltd,1234567890,Demo Bank Ltd,INR,Coimbatore,DEMOINCCXXX,IN00DEMO1234567890,ACTIVE,CURRENT,358654.87,2026-02-08,358654.87,2026-02-08,358654.87,2026-02-09 06:03:46,358654.87,2026-02-09 06:03:46,BNK-CA55BE470FE7,GL-6A8FD653D927 NEFT transfer,CUST-419131F0,CHARGEBACK,2026-02-28,0.00,7711.94,358654.87,06:03:46,2026-02-28
Demo Company Pvt Ltd,1234567890,Demo Bank Ltd,INR,Coimbatore,DEMOINCCXXX,IN00DEMO1234567890,ACTIVE,CURRENT,377274.59,2026-02-08,377274.59,2026-02-08,377274.59,2026-02-09 06:46:52,377274.59,2026-02-09 06:46:52,BNK-78560662A964,GL-01110D24AAC7 UPI transfer BANK,,TRANSFER,2026-02-28,18619.72,0.00,377274.59,06:46:52,2026-02-28
Demo Company Pvt Ltd,1234567890,Demo Bank Ltd,INR,Coimbatore,DEMOINCCXXX,IN00DEMO1234567890,ACTIVE,CURRENT,370379.12,2026-02-08,370379.12,2026-02-08,370379.12,2026-02-09 07:34:39,370379.12,2026-02-09 07:34:39,BNK-ADD449D2A5FC,GL-A7480CA2F0B5 Customer collection BANK,CUST-300C9A81,RECEIPT,2026-02-28,0.00,6895.47,370379.12,07:34:39,2026-02-28
Demo Company Pvt Ltd,1234567890,Demo Bank Ltd,INR,Coimbatore,DEMOINCCXXX,IN00DEMO1234567890,ACTIVE,CURRENT,356961.74,2026-02-08,356961.74,2026-02-08,356961.74,2026-02-09 08:06:48,356961.74,2026-02-09 08:06:48,BNK-432DCCF4A677,GL-723C881F2DCC UPI transfer BANK,CUST-375F9E40,TRANSFER,2026-02-28,0.00,13417.38,356961.74,08:06:48,2026-02-28
Demo Company Pvt Ltd,1234567890,Demo Bank Ltd,INR,Coimbatore,DEMOINCCXXX,IN00DEMO1234567890,ACTIVE,CURRENT,341100.28,2026-02-08,341100.28,2026-02-08,341100.28,2026-02-09 08:46:42,341100.28,2026-02-09 08:46:42,BNK-2CE9C391236F,GL-6A79037003D5 UPI transfer BANK,CUST-263F5F81,TRANSFER,2026-02-28,0.00,15861.46,341100.28,08:46:42,2026-02-28
Demo Company Pvt Ltd,1234567890,Demo Bank Ltd,INR,Coimbatore,DEMOINCCXXX,IN00DEMO1234567890,ACTIVE,CURRENT,325238.82,2026-02-08,325238.82,2026-02-08,325238.82,2026-02-09 09:21:48,325238.82,2026-02-09 09:21:48,BNK-2CE9C391236F-DUP,GL-6A79037003D5 UPI transfer BANK DUPLICATE_POSTING,CUST-263F5F81,TRANSFER,2026-02-28,0.00,15861.46,325238.82,09:21:48,2026-02-28
Demo Company Pvt Ltd,1234567890,Demo Bank Ltd,INR,Coimbatore,DEMOINCCXXX,IN00DEMO1234567890,ACTIVE,CURRENT,334283.11,2026-02-08,334283.11,2026-02-08,334283.11,2026-02-09 10:06:24,334283.11,2026-02-09 10:06:24,,GL-8FC6D46EE3B3 Customer collection BANK REFERENCE_DROP,,TRANSFER,2026-02-28,9044.29,0.00,334283.11,10:06:24,2026-02-28
Demo Company Pvt Ltd,1234567890,Demo Bank Ltd,INR,Coimbatore,DEMOINCCXXX,IN00DEMO1234567890,ACTIVE,CURRENT,344242.29,2026-02-08,344242.29,2026-02-08,344242.29,2026-02-09 10:35:52,344242.29,2026-02-09 10:35:52,BNK-7C0D454A644F,GL-683274F1A994 Customer collection BANK,CUST-43EB134B,TRANSFER,2026-02-28,9959.18,0.00,344242.29,10:35:52,2026-02-28
Demo Company Pvt Ltd,1234567890,Demo Bank Ltd,INR,Coimbatore,DEMOINCCXXX,IN00DEMO1234567890,ACTIVE,CURRENT,347186.32,2026-02-08,347186.32,2026-02-08,347186.32,2026-02-09 11:03:08,347186.32,2026-02-09 11:03:08,BNK-63711F2D1C4B,GL-3F99E62467B5 NEFT transfer BANK,CUST-40779E18,PAYMENT,2026-02-28,2944.03,0.00,347186.32,11:03:08,2026-02-28
Demo Company Pvt Ltd,1234567890,Demo Bank Ltd,INR,Coimbatore,DEMOINCCXXX,IN00DEMO1234567890,ACTIVE,CURRENT,368053.51,2026-02-08,368053.51,2026-02-08,368053.51,2026-02-09 11:29:24,368053.51,2026-02-09 11:29:24,BNK-097135C15567,GL-3F99454A6638 Invoice settlement BANK,CUST-309049D4,CHARGEBACK,2026-02-28,20867.19,0.00,368053.51,11:29:24,2026-02-28
Demo Company Pvt Ltd,1234567890,Demo Bank Ltd,INR,Coimbatore,DEMOINCCXXX,IN00DEMO1234567890,ACTIVE,CURRENT,388920.70,2026-02-08,388920.70,2026-02-08,388920.70,2026-02-09 12:10:24,388920.70,2026-02-09 12:10:24,BNK-097135C15567-DUP,GL-3F99454A6638 Invoice settlement BANK DUPLICATE_POSTING,CUST-309049D4,CHARGEBACK,2026-02-28,20867.19,0.00,388920.70,12:10:24,2026-02-28
Demo Company Pvt Ltd,1234567890,Demo Bank Ltd,INR,Coimbatore,DEMOINCCXXX,IN00DEMO1234567890,ACTIVE,CURRENT,405787.55,2026-02-08,405787.55,2026-02-08,405787.55,2026-02-09 12:48:39,405787.55,2026-02-09 12:48:39,BNK-85E278A5AE0A,GL-984649A61AE3 UPI transfer BANK POLARITY_REVERSAL,CUST-2F1B163B,TRANSFER,2026-02-28,16866.85,0.00,405787.55,12:48:39,2026-02-28
Demo Company Pvt Ltd,1234567890,Demo Bank Ltd,INR,Coimbatore,DEMOINCCXXX,IN00DEMO1234567890,ACTIVE,CURRENT,401439.53,2026-02-08,401439.53,2026-02-08,401439.53,2026-02-09 13:19:43,401439.53,2026-02-09 13:19:43,BNK-2A1FBC442216,GL-51A330797B99 Invoice settlement BANK,CUST-8A2953D5,PAYMENT,2026-02-28,0.00,4348.02,401439.53,13:19:43,2026-02-28
Demo Company Pvt Ltd,1234567890,Demo Bank Ltd,INR,Coimbatore,DEMOINCCXXX,IN00DEMO1234567890,ACTIVE,CURRENT,409723.68,2026-02-08,409723.68,2026-02-08,409723.68,2026-02-09 14:04:33,409723.68,2026-02-09 14:04:33,BNK-3B7794E694A2,GL-624B62AC63BF Invoice settlement BANK,CUST-80A3BFF2,RECEIPT,2026-02-28,8284.15,0.00,409723.68,14:04:33,2026-02-28
Demo Company Pvt Ltd,1234567890,Demo Bank Ltd,INR,Coimbatore,DEMOINCCXXX,IN00DEMO1234567890,ACTIVE,CURRENT,411911.40,2026-02-08,411911.40,2026-02-08,411911.40,2026-02-09 14:36:17,411911.40,2026-02-09 14:36:17,BNK-2A0B4E0B6901,GL-F177E5C8BDAD UPI transfer BANK,,RECEIPT,2026-02-28,2187.72,0.00,411911.40,14:36:17,2026-02-28
Demo Company Pvt Ltd,1234567890,Demo Bank Ltd,INR,Coimbatore,DEMOINCCXXX,IN00DEMO1234567890,ACTIVE,CURRENT,389880.23,2026-02-08,389880.23,2026-02-08,389880.23,2026-02-09 15:06:15,389880.23,2026-02-09 15:06:15,BNK-5FA75C26262D,GL-5565912BA7D2 Customer collection BANK,CUST-469132F2,RECEIPT,2026-02-28,0.00,22031.17,389880.23,15:06:15,2026-02-28
Demo Company Pvt Ltd,1234567890,Demo Bank Ltd,INR,Coimbatore,DEMOINCCXXX,IN00DEMO1234567890,ACTIVE,CURRENT,380675.56,2026-02-08,380675.56,2026-02-08,380675.56,2026-02-09 15:57:17,380675.56,2026-02-09 15:57:17,BNK-7EB5B90EEA6A,GL-1A99D62BAD13 Vendor payout BANK,,CHARGEBACK,2026-02-28,0.00,9204.67,380675.56,15:57:17,2026-02-28
Demo Company Pvt Ltd,1234567890,Demo Bank Ltd,INR,Coimbatore,DEMOINCCXXX,IN00DEMO1234567890,ACTIVE,CURRENT,371340.09,2026-02-08,371340.09,2026-02-08,371340.09,2026-02-09 16:20:51,371340.09,2026-02-09 16:20:51,BNK-BC9B4EDBA43D,GL-173EC9811746 Vendor payout BANK,CUST-82608C58,CHARGEBACK,2026-02-28,0.00,9335.47,371340.09,16:20:51,2026-02-28
Demo Company Pvt Ltd,1234567890,Demo Bank Ltd,INR,Coimbatore,DEMOINCCXXX,IN00DEMO1234567890,ACTIVE,CURRENT,362004.62,2026-02-08,362004.62,2026-02-08,362004.62,2026-02-09 16:46:34,362004.62,2026-02-09 16:46:34,BNK-BC9B4EDBA43D-DUP,GL-173EC9811746 Vendor payout BANK DUPLICATE_POSTING,CUST-82608C58,CHARGEBACK,2026-02-28,0.00,9335.47,362004.62,16:46:34,2026-02-28
Demo Company Pvt Ltd,1234567890,Demo Bank Ltd,INR,Coimbatore,DEMOINCCXXX,IN00DEMO1234567890,ACTIVE,CURRENT,357672.55,2026-02-08,357672.55,2026-02-08,357672.55,2026-02-09 17:31:05,357672.55,2026-02-09 17:31:05,BNK-45C2506B71B4,GL-47C9A6D43058 NEFT transfer BANK,CUST-1933AEA4,TRANSFER,2026-02-28,0.00,4332.07,357672.55,17:31:05,2026-02-28
Demo Company Pvt Ltd,1234567890,Demo Bank Ltd,INR,Coimbatore,DEMOINCCXXX,IN00DEMO1234567890,ACTIVE,CURRENT,384330.18,2026-02-08,384330.18,2026-02-08,384330.18,2026-02-09 18:11:10,384330.18,2026-02-09 18:11:10,BNK-CDC14A779B60,GL-865E037BE89E UPI transfer,,CHARGEBACK,2026-02-28,26657.63,0.00,384330.18,18:11:10,2026-02-28
Demo Company Pvt Ltd,1234567890,Demo Bank Ltd,INR,Coimbatore,DEMOINCCXXX,IN00DEMO1234567890,ACTIVE,CURRENT,369343.85,2026-02-08,369343.85,2026-02-08,369343.85,2026-02-09 18:29:15,369343.85,2026-02-09 18:29:15,BNK-E156A413EB10,GL-CF0755C7EB63 Invoice settlement BANK,CUST-7DB6E27E,RECEIPT,2026-02-28,0.00,14986.33,369343.85,18:29:15,2026-02-28
Demo Company Pvt Ltd,1234567890,Demo Bank Ltd,INR,Coimbatore,DEMOINCCXXX,IN00DEMO1234567890,ACTIVE,CURRENT,363481.44,2026-02-08,363481.44,2026-02-08,363481.44,2026-02-09 18:52:51,363481.44,2026-02-09 18:52:51,BNK-C1B4C1D6D082,GL-49AAC53D891C Vendor payout BANK,CUST-3307D75A,PAYMENT,2026-02-28,0.00,5862.41,363481.44,18:52:51,2026-02-28
Demo Company Pvt Ltd,1234567890,Demo Bank Ltd,INR,Coimbatore,DEMOINCCXXX,IN00DEMO1234567890,ACTIVE,CURRENT,371214.57,2026-02-08,371214.57,2026-02-08,371214.57,2026-02-09 19:29:15,371214.57,2026-02-09 19:29:15,BNK-6E04A5D28D0A,GL-A0FC3870AD5F UPI transfer BANK,CUST-855280AA,TRANSFER,2026-02-28,7733.13,0.00,371214.57,19:29:15,2026-02-28
Demo Company Pvt Ltd,1234567890,Demo Bank Ltd,INR,Coimbatore,DEMOINCCXXX,IN00DEMO1234567890,ACTIVE,CURRENT,378477.64,2026-02-08,378477.64,2026-02-08,378477.64,2026-02-09 20:17:38,378477.64,2026-02-09 20:17:38,BNK-10A3E77B7FC4,GL-B8C522703C4E Invoice settlement,,PAYMENT,2026-02-28,7263.07,0.00,378477.64,20:17:38,2026-02-28
Demo Company Pvt Ltd,1234567890,Demo Bank Ltd,INR,Coimbatore,DEMOINCCXXX,IN00DEMO1234567890,ACTIVE,CURRENT,385353.86,2026-02-08,385353.86,2026-02-08,385353.86,2026-02-09 20:36:41,385353.86,2026-02-09 20:36:41,BNK-D228412E0416,GL-0B17A4FB54A8 Customer collection,CUST-0FF086E7,CHARGEBACK,2026-02-28,6876.22,0.00,385353.86,20:36:41,2026-02-28
Demo Company Pvt Ltd,1234567890,Demo Bank Ltd,INR,Coimbatore,DEMOINCCXXX,IN00DEMO1234567890,ACTIVE,CURRENT,406753.56,2026-02-08,406753.56,2026-02-08,406753.56,2026-02-09 21:08:19,406753.56,2026-02-09 21:08:19,BNK-BC14AF211CFB,GL-52ED634BF4CB Vendor payout,,TRANSFER,2026-02-28,21399.70,0.00,406753.56,21:08:19,2026-02-28
Demo Company Pvt Ltd,1234567890,Demo Bank Ltd,INR,Coimbatore,DEMOINCCXXX,IN00DEMO1234567890,ACTIVE,CURRENT,432820.95,2026-02-08,432820.95,2026-02-08,432820.95,2026-02-09 21:45:21,432820.95,2026-02-09 21:45:21,BNK-B18C98572528,GL-1C797D13519A UPI transfer BANK,,PAYMENT,2026-02-28,26067.39,0.00,432820.95,21:45:21,2026-02-28
Demo Company Pvt Ltd,1234567890,Demo Bank Ltd,INR,Coimbatore,DEMOINCCXXX,IN00DEMO1234567890,ACTIVE,CURRENT,458680.56,2026-02-08,458680.56,2026-02-08,458680.56,2026-02-09 22:08:49,458680.56,2026-02-09 22:08:49,BNK-A9D2B3D87B3F,GL-8E1ED0DF90CE Invoice settlement,CUST-BB635FA7,CHARGEBACK,2026-02-28,25859.61,0.00,458680.56,22:08:49,2026-02-28
Demo Company Pvt Ltd,1234567890,Demo Bank Ltd,INR,Coimbatore,DEMOINCCXXX,IN00DEMO1234567890,ACTIVE,CURRENT,457604.63,2026-02-08,457604.63,2026-02-08,457604.63,2026-02-09 23:04:45,457604.63,2026-02-09 23:04:45,BNK-608D6EAC646B,GL-FCF7204A0757 UPI transfer BANK,CUST-BB0FA3A3,PAYMENT,2026-02-28,0.00,1075.93,457604.63,23:04:45,2026-02-28
Demo Company Pvt Ltd,1234567890,Demo Bank Ltd,INR,Coimbatore,DEMOINCCXXX,IN00DEMO1234567890,ACTIVE,CURRENT,435683.50,2026-02-08,435683.50,2026-02-08,435683.50,2026-02-09 23:48:22,435683.50,2026-02-09 23:48:22,BNK-9BBE385C7D48,GL-83A425ACB566 UPI transfer BANK,CUST-4A1B14B2,PAYMENT,2026-02-28,0.00,21921.13,435683.50,23:48:22,2026-02-28
Demo Company Pvt Ltd,1234567890,Demo Bank Ltd,INR,Coimbatore,DEMOINCCXXX,IN00DEMO1234567890,ACTIVE,CURRENT,412252.17,2026-02-09,412252.17,2026-02-09,412252.17,2026-02-10 00:31:56,412252.17,2026-02-10 00:31:56,BNK-22582A08E5C9,GL-0C620200B896 Vendor payout,CUST-F34AEDCD,RECEIPT,2026-02-28,0.00,23431.33,412252.17,00:31:56,2026-02-28
Demo Company Pvt Ltd,1234567890,Demo Bank Ltd,INR,Coimbatore,DEMOINCCXXX,IN00DEMO1234567890,ACTIVE,CURRENT,425254.04,2026-02-09,425254.04,2026-02-09,425254.04,2026-02-10 01:25:40,425254.04,2026-02-10 01:25:40,BNK-7B12FB8A7F0D,GL-70DE6A1E7E6A Vendor payout BANK DATE_POSTING_ERROR,CUST-171ECFEA,RECEIPT,2026-02-28,13001.87,0.00,425254.04,01:25:40,2026-02-28
Demo Company Pvt Ltd,1234567890,Demo Bank Ltd,INR,Coimbatore,DEMOINCCXXX,IN00DEMO1234567890,ACTIVE,CURRENT,436190.93,2026-02-09,436190.93,2026-02-09,436190.93,2026-02-10 01:59:27,436190.93,2026-02-10 01:59:27,BNK-89526CE32200,GL-D914E34E5CC6 Customer collection BANK,,RECEIPT,2026-02-28,10936.89,0.00,436190.93,01:59:27,2026-02-28
Demo Company Pvt Ltd,1234567890,Demo Bank Ltd,INR,Coimbatore,DEMOINCCXXX,IN00DEMO1234567890,ACTIVE,CURRENT,442962.17,2026-02-09,442962.17,2026-02-09,442962.17,2026-02-10 02:47:21,442962.17,2026-02-10 02:47:21,BNK-F2E4E0F9F2B7,GL-D7DDE4DE870A Invoice settlement BANK,CUST-41EFDE7E,TRANSFER,2026-02-28,6771.24,0.00,442962.17,02:47:21,2026-02-28
Demo Company Pvt Ltd,1234567890,Demo Bank Ltd,INR,Coimbatore,DEMOINCCXXX,IN00DEMO1234567890,ACTIVE,CURRENT,457996.58,2026-02-09,457996.58,2026-02-09,457996.58,2026-02-10 03:15:39,457996.58,2026-02-10 03:15:39,BNK-C197D3CF671F,GL-3D80A0EEBF8F Vendor payout,CUST-E51749FF,PAYMENT,2026-02-28,15034.41,0.00,457996.58,03:15:39,2026-02-28
Demo Company Pvt Ltd,1234567890,Demo Bank Ltd,INR,Coimbatore,DEMOINCCXXX,IN00DEMO1234567890,ACTIVE,CURRENT,430756.23,2026-02-09,430756.23,2026-02-09,430756.23,2026-02-10 04:14:30,430756.23,2026-02-10 04:14:30,BNK-CC30EAC1AC1C,GL-CF7F13BE1D61 Vendor payout,CUST-CC21D86F,PAYMENT,2026-02-28,0.00,27240.35,430756.23,04:14:30,2026-02-28
Demo Company Pvt Ltd,1234567890,Demo Bank Ltd,INR,Coimbatore,DEMOINCCXXX,IN00DEMO1234567890,ACTIVE,CURRENT,456758.41,2026-02-09,456758.41,2026-02-09,456758.41,2026-02-10 04:34:24,456758.41,2026-02-10 04:34:24,BNK-85D608F57140,GL-3B9EBFE6BB70 UPI transfer BANK,CUST-BA6599AD,PAYMENT,2026-02-28,26002.18,0.00,456758.41,04:34:24,2026-02-28
Demo Company Pvt Ltd,1234567890,Demo Bank Ltd,INR,Coimbatore,DEMOINCCXXX,IN00DEMO1234567890,ACTIVE,CURRENT,483103.47,2026-02-09,483103.47,2026-02-09,483103.47,2026-02-10 05:00:26,483103.47,2026-02-10 05:00:26,BNK-CDAEFA8CC9EE,GL-8D653759CDD0 NEFT transfer BANK,,PAYMENT,2026-02-28,26345.06,0.00,483103.47,05:00:26,2026-02-28
Demo Company Pvt Ltd,1234567890,Demo Bank Ltd,INR,Coimbatore,DEMOINCCXXX,IN00DEMO1234567890,ACTIVE,CURRENT,485384.08,2026-02-09,485384.08,2026-02-09,485384.08,2026-02-10 05:42:40,485384.08,2026-02-10 05:42:40,BNK-FDDFD0B82A92,GL-2C56C2314146 NEFT transfer,CUST-E464E9B2,CHARGEBACK,2026-02-28,2280.61,0.00,485384.08,05:42:40,2026-02-28
Demo Company Pvt Ltd,1234567890,Demo Bank Ltd,INR,Coimbatore,DEMOINCCXXX,IN00DEMO1234567890,ACTIVE,CURRENT,477206.99,2026-02-09,477206.99,2026-02-09,477206.99,2026-02-10 06:20:07,477206.99,2026-02-10 06:20:07,BNK-E7F167B668BD,GL-48EAF8A5646F UPI transfer BANK POLARITY_REVERSAL,CUST-5E0CA4A6,CHARGEBACK,2026-02-28,0.00,8177.09,477206.99,06:20:07,2026-02-28
Demo Company Pvt Ltd,1234567890,Demo Bank Ltd,INR,Coimbatore,DEMOINCCXXX,IN00DEMO1234567890,ACTIVE,CURRENT,484008.75,2026-02-09,484008.75,2026-02-09,484008.75,2026-02-10 06:45:41,484008.75,2026-02-10 06:45:41,BNK-8CCD91D13E64,GL-88531EEF1518 UPI transfer BANK,CUST-90E7E2E0,TRANSFER,2026-02-28,6801.76,0.00,484008.75,06:45:41,2026-02-28
Demo Company Pvt Ltd,1234567890,Demo Bank Ltd,INR,Coimbatore,DEMOINCCXXX,IN00DEMO1234567890,ACTIVE,CURRENT,471458.42,2026-02-09,471458.42,2026-02-09,471458.42,2026-02-10 07:39:13,471458.42,2026-02-10 07:39:13,BNK-82823A5DD948,GL-56740EA51685 Customer collection BANK,CUST-F374C6F6,RECEIPT,2026-02-28,0.00,12550.33,471458.42,07:39:13,2026-02-28
Demo Company Pvt Ltd,1234567890,Demo Bank Ltd,INR,Coimbatore,DEMOINCCXXX,IN00DEMO1234567890,ACTIVE,CURRENT,456857.66,2026-02-09,456857.66,2026-02-09,456857.66,2026-02-10 07:57:51,456857.66,2026-02-10 07:57:51,BNK-7E4CF65CA9C1,GL-7B28E3FDAA80 UPI transfer BANK,,CHARGEBACK,2026-02-28,0.00,14600.76,456857.66,07:57:51,2026-02-28
Demo Company Pvt Ltd,1234567890,Demo Bank Ltd,INR,Coimbatore,DEMOINCCXXX,IN00DEMO1234567890,ACTIVE,CURRENT,432564.22,2026-02-09,432564.22,2026-02-09,432564.22,2026-02-10 08:34:00,432564.22,2026-02-10 08:34:00,BNK-0F3BF6B2FC98,GL-1CF7AF83D814 NEFT transfer,,TRANSFER,2026-02-28,0.00,24293.44,432564.22,08:34:00,2026-02-28
Demo Company Pvt Ltd,1234567890,Demo Bank Ltd,INR,Coimbatore,DEMOINCCXXX,IN00DEMO1234567890,ACTIVE,CURRENT,436182.21,2026-02-09,436182.21,2026-02-09,436182.21,2026-02-10 09:29:16,436182.21,2026-02-10 09:29:16,BNK-FAE82D1CCADD,GL-F85857A5934A Vendor payout,CUST-79854C87,PAYMENT,2026-02-28,3617.99,0.00,436182.21,09:29:16,2026-02-28
Demo Company Pvt Ltd,1234567890,Demo Bank Ltd,INR,Coimbatore,DEMOINCCXXX,IN00DEMO1234567890,ACTIVE,CURRENT,409561.21,2026-02-09,409561.21,2026-02-09,409561.21,2026-02-10 09:54:33,409561.21,2026-02-10 09:54:33,BNK-211F1152C9A4,GL-EEE1BB993D3C Invoice settlement BANK,CUST-FA8AADDC,PAYMENT,2026-02-28,0.00,26621.00,409561.21,09:54:33,2026-02-28
Demo Company Pvt Ltd,1234567890,Demo Bank Ltd,INR,Coimbatore,DEMOINCCXXX,IN00DEMO1234567890,ACTIVE,CURRENT,391145.81,2026-02-09,391145.81,2026-02-09,391145.81,2026-02-10 10:19:41,391145.81,2026-02-10 10:19:41,BNK-489736898013,GL-A0CE2C4C7472 UPI transfer,,TRANSFER,2026-02-28,0.00,18415.40,391145.81,10:19:41,2026-02-28
Demo Company Pvt Ltd,1234567890,Demo Bank Ltd,INR,Coimbatore,DEMOINCCXXX,IN00DEMO1234567890,ACTIVE,CURRENT,400041.54,2026-02-09,400041.54,2026-02-09,400041.54,2026-02-10 11:14:08,400041.54,2026-02-10 11:14:08,BNK-31D252F9B429,GL-387B65469BDC Customer collection,CUST-53C06FBC,RECEIPT,2026-02-28,8895.73,0.00,400041.54,11:14:08,2026-02-28
Demo Company Pvt Ltd,1234567890,Demo Bank Ltd,INR,Coimbatore,DEMOINCCXXX,IN00DEMO1234567890,ACTIVE,CURRENT,387406.28,2026-02-09,387406.28,2026-02-09,387406.28,2026-02-10 11:56:28,387406.28,2026-02-10 11:56:28,BNK-6497CC985BCC,GL-2E8B99D83664 Vendor payout,CUST-27F70AD3,CHARGEBACK,2026-02-28,0.00,12635.26,387406.28,11:56:28,2026-02-28
Demo Company Pvt Ltd,1234567890,Demo Bank Ltd,INR,Coimbatore,DEMOINCCXXX,IN00DEMO1234567890,ACTIVE,CURRENT,384868.72,2026-02-09,384868.72,2026-02-09,384868.72,2026-02-10 12:20:13,384868.72,2026-02-10 12:20:13,BNK-175F097D35E5,GL-B80DEA90146B Invoice settlement BANK,CUST-B6840ABA,RECEIPT,2026-02-28,0.00,2537.56,384868.72,12:20:13,2026-02-28
Demo Company Pvt Ltd,1234567890,Demo Bank Ltd,INR,Coimbatore,DEMOINCCXXX,IN00DEMO1234567890,ACTIVE,CURRENT,392080.12,2026-02-09,392080.12,2026-02-09,392080.12,2026-02-10 12:55:13,392080.12,2026-02-10 12:55:13,BNK-C4BE7C78CDBD,GL-EDB172349952 UPI transfer,CUST-6FE98300,CHARGEBACK,2026-02-28,7211.40,0.00,392080.12,12:55:13,2026-02-28
Demo Company Pvt Ltd,1234567890,Demo Bank Ltd,INR,Coimbatore,DEMOINCCXXX,IN00DEMO1234567890,ACTIVE,CURRENT,391638.57,2026-02-09,391638.57,2026-02-09,391638.57,2026-02-10 13:49:13,391638.57,2026-02-10 13:49:13,BNK-D95BED341D58,GL-75C9E730512D UPI transfer,,CHARGEBACK,2026-02-28,0.00,441.55,391638.57,13:49:13,2026-02-28
Demo Company Pvt Ltd,1234567890,Demo Bank Ltd,INR,Coimbatore,DEMOINCCXXX,IN00DEMO1234567890,ACTIVE,CURRENT,379147.96,2026-02-09,379147.96,2026-02-09,379147.96,2026-02-10 14:31:35,379147.96,2026-02-10 14:31:35,BNK-34F4F927872E,GL-B1680BA09C18 Vendor payout BANK,CUST-2BD8991D,PAYMENT,2026-02-28,0.00,12490.61,379147.96,14:31:35,2026-02-28
Demo Company Pvt Ltd,1234567890,Demo Bank Ltd,INR,Coimbatore,DEMOINCCXXX,IN00DEMO1234567890,ACTIVE,CURRENT,407005.48,2026-02-09,407005.48,2026-02-09,407005.48,2026-02-10 14:55:18,407005.48,2026-02-10 14:55:18,BNK-278A898197B9,GL-572C354B7BA4 NEFT transfer,,RECEIPT,2026-02-28,27857.52,0.00,407005.48,14:55:18,2026-02-28
Demo Company Pvt Ltd,1234567890,Demo Bank Ltd,INR,Coimbatore,DEMOINCCXXX,IN00DEMO1234567890,ACTIVE,CURRENT,419358.20,2026-02-09,419358.20,2026-02-09,419358.20,2026-02-10 15:38:47,419358.20,2026-02-10 15:38:47,BNK-3BCC3A7000FC,GL-EE41B9F23AF8 UPI transfer BANK,CUST-7EA0B192,TRANSFER,2026-02-28,12352.72,0.00,419358.20,15:38:47,2026-02-28
Demo Company Pvt Ltd,1234567890,Demo Bank Ltd,INR,Coimbatore,DEMOINCCXXX,IN00DEMO1234567890,ACTIVE,CURRENT,431710.92,2026-02-09,431710.92,2026-02-09,431710.92,2026-02-10 16:02:36,431710.92,2026-02-10 16:02:36,BNK-3BCC3A7000FC-DUP,GL-EE41B9F23AF8 UPI transfer BANK DUPLICATE_POSTING,CUST-7EA0B192,TRANSFER,2026-02-28,12352.72,0.00,431710.92,16:02:36,2026-02-28
Demo Company Pvt Ltd,1234567890,Demo Bank Ltd,INR,Coimbatore,DEMOINCCXXX,IN00DEMO1234567890,ACTIVE,CURRENT,449614.50,2026-02-09,449614.50,2026-02-09,449614.50,2026-02-10 16:40:02,449614.50,2026-02-10 16:40:02,BNK-0FD635A822E2,GL-36EA2D21F3C8 Customer collection BANK,CUST-58804FD9,RECEIPT,2026-02-28,17903.58,0.00,449614.50,16:40:02,2026-02-28
Demo Company Pvt Ltd,1234567890,Demo Bank Ltd,INR,Coimbatore,DEMOINCCXXX,IN00DEMO1234567890,ACTIVE,CURRENT,472642.14,2026-02-09,472642.14,2026-02-09,472642.14,2026-02-10 17:22:38,472642.14,2026-02-10 17:22:38,BNK-8D8BF5BBC696,GL-7C9F06A1A1E0 NEFT transfer BANK,CUST-2649B56B,RECEIPT,2026-02-28,23027.64,0.00,472642.14,17:22:38,2026-02-28
Demo Company Pvt Ltd,1234567890,Demo Bank Ltd,INR,Coimbatore,DEMOINCCXXX,IN00DEMO1234567890,ACTIVE,CURRENT,485803.70,2026-02-09,485803.70,2026-02-09,485803.70,2026-02-10 17:50:16,485803.70,2026-02-10 17:50:16,BNK-544764010024,GL-BB1D3567EDC8 Invoice settlement BANK,CUST-1B2C6C4D,PAYMENT,2026-02-28,13161.56,0.00,485803.70,17:50:16,2026-02-28
Demo Company Pvt Ltd,1234567890,Demo Bank Ltd,INR,Coimbatore,DEMOINCCXXX,IN00DEMO1234567890,ACTIVE,CURRENT,470059.30,2026-02-09,470059.30,2026-02-09,470059.30,2026-02-10 18:17:59,470059.30,2026-02-10 18:17:59,BNK-DBD295ECE983,GL-2865B0FBA367 Invoice settlement,,CHARGEBACK,2026-02-28,0.00,15744.40,470059.30,18:17:59,2026-02-28
Demo Company Pvt Ltd,1234567890,Demo Bank Ltd,INR,Coimbatore,DEMOINCCXXX,IN00DEMO1234567890,ACTIVE,CURRENT,442724.84,2026-02-09,442724.84,2026-02-09,442724.84,2026-02-10 18:56:19,442724.84,2026-02-10 18:56:19,BNK-B4807907DE75,GL-51A44DC04757 Vendor payout,CUST-D6DCF6B0,CHARGEBACK,2026-02-28,0.00,27334.46,442724.84,18:56:19,2026-02-28
Demo Company Pvt Ltd,1234567890,Demo Bank Ltd,INR,Coimbatore,DEMOINCCXXX,IN00DEMO1234567890,ACTIVE,CURRENT,427133.11,2026-02-09,427133.11,2026-02-09,427133.11,2026-02-10 19:19:20,427133.11,2026-02-10 19:19:20,BNK-B282F8A2B36A,GL-67A37268B675 Invoice settlement BANK,,PAYMENT,2026-02-28,0.00,15591.73,427133.11,19:19:20,2026-02-28
Demo Company Pvt Ltd,1234567890,Demo Bank Ltd,INR,Coimbatore,DEMOINCCXXX,IN00DEMO1234567890,ACTIVE,CURRENT,421473.77,2026-02-09,421473.77,2026-02-09,421473.77,2026-02-10 20:10:16,421473.77,2026-02-10 20:10:16,BNK-FE659030AFD9,GL-ED13284AF295 Invoice settlement,CUST-602290A8,TRANSFER,2026-02-28,0.00,5659.34,421473.77,20:10:16,2026-02-28
Demo Company Pvt Ltd,1234567890,Demo Bank Ltd,INR,Coimbatore,DEMOINCCXXX,IN00DEMO1234567890,ACTIVE,CURRENT,443194.44,2026-02-09,443194.44,2026-02-09,443194.44,2026-02-10 20:57:18,443194.44,2026-02-10 20:57:18,BNK-E88431E0CC86,GL-07041390DE7A Vendor payout AMOUNT_TYPO,CUST-E1806236,RECEIPT,2026-02-28,21720.67,0.00,443194.44,20:57:18,2026-02-28
Demo Company Pvt Ltd,1234567890,Demo Bank Ltd,INR,Coimbatore,DEMOINCCXXX,IN00DEMO1234567890,ACTIVE,CURRENT,430710.86,2026-02-09,430710.86,2026-02-09,430710.86,2026-02-10 21:31:09,430710.86,2026-02-10 21:31:09,BNK-336674E98B20,GL-21AEB9EAA4AB NEFT transfer BANK,CUST-7C5D1286,PAYMENT,2026-02-28,0.00,12483.58,430710.86,21:31:09,2026-02-28
Demo Company Pvt Ltd,1234567890,Demo Bank Ltd,INR,Coimbatore,DEMOINCCXXX,IN00DEMO1234567890,ACTIVE,CURRENT,432205.06,2026-02-09,432205.06,2026-02-09,432205.06,2026-02-10 22:31:04,432205.06,2026-02-10 22:31:04,,GL-E5D566F286B2 Invoice settlement BANK REFERENCE_DROP,,CHARGEBACK,2026-02-28,1494.20,0.00,432205.06,22:31:04,2026-02-28
Demo Company Pvt Ltd,1234567890,Demo Bank Ltd,INR,Coimbatore,DEMOINCCXXX,IN00DEMO1234567890,ACTIVE,CURRENT,431458.99,2026-02-09,431458.99,2026-02-09,431458.99,2026-02-10 22:51:17,431458.99,2026-02-10 22:51:17,BNK-35868652EE64,GL-88F65925A53F Customer collection,,RECEIPT,2026-02-28,0.00,746.07,431458.99,22:51:17,2026-02-28
Demo Company Pvt Ltd,1234567890,Demo Bank Ltd,INR,Coimbatore,DEMOINCCXXX,IN00DEMO1234567890,ACTIVE,CURRENT,430282.24,2026-02-09,430282.24,2026-02-09,430282.24,2026-02-10 23:26:59,430282.24,2026-02-10 23:26:59,BNK-FC6227B77C26,GL-D4421EDC6107 UPI transfer BANK,CUST-AF837D65,RECEIPT,2026-02-28,0.00,1176.75,430282.24,23:26:59,2026-02-28
Demo Company Pvt Ltd,1234567890,Demo Bank Ltd,INR,Coimbatore,DEMOINCCXXX,IN00DEMO1234567890,ACTIVE,CURRENT,429105.49,2026-02-09,429105.49,2026-02-09,429105.49,2026-02-10 23:52:36,429105.49,2026-02-10 23:52:36,BNK-FC6227B77C26-DUP,GL-D4421EDC6107 UPI transfer BANK DUPLICATE_POSTING,CUST-AF837D65,RECEIPT,2026-02-28,0.00,1176.75,429105.49,23:52:36,2026-02-28
Demo Company Pvt Ltd,1234567890,Demo Bank Ltd,INR,Coimbatore,DEMOINCCXXX,IN00DEMO1234567890,ACTIVE,CURRENT,448640.66,2026-02-10,448640.66,2026-02-10,448640.66,2026-02-11 00:41:16,448640.66,2026-02-11 00:41:16,BNK-5F5C11831BCC,GL-4AAEF7692A8A Invoice settlement BANK,CUST-71F8F063,RECEIPT,2026-02-28,19535.17,0.00,448640.66,00:41:16,2026-02-28
Demo Company Pvt Ltd,1234567890,Demo Bank Ltd,INR,Coimbatore,DEMOINCCXXX,IN00DEMO1234567890,ACTIVE,CURRENT,457722.82,2026-02-10,457722.82,2026-02-10,457722.82,2026-02-11 01:17:22,457722.82,2026-02-11 01:17:22,BNK-3AE3EC0D2D4A,GL-866AB3BE944F Invoice settlement BANK AMOUNT_TYPO,CUST-40027B48,CHARGEBACK,2026-02-28,9082.16,0.00,457722.82,01:17:22,2026-02-28
Demo Company Pvt Ltd,1234567890,Demo Bank Ltd,INR,Coimbatore,DEMOINCCXXX,IN00DEMO1234567890,ACTIVE,CURRENT,482576.65,2026-02-10,482576.65,2026-02-10,482576.65,2026-02-11 02:00:44,482576.65,2026-02-11 02:00:44,BNK-1EFAD1C6E58F,GL-8BCA43F35AF8 NEFT transfer BANK,CUST-FEB385DE,RECEIPT,2026-02-28,24853.83,0.00,482576.65,02:00:44,2026-02-28
Demo Company Pvt Ltd,1234567890,Demo Bank Ltd,INR,Coimbatore,DEMOINCCXXX,IN00DEMO1234567890,ACTIVE,CURRENT,494230.22,2026-02-10,494230.22,2026-02-10,494230.22,2026-02-11 02:46:06,494230.22,2026-02-11 02:46:06,BNK-9A8E51476D17,GL-A8270ADA368D Invoice settlement,CUST-6505CD14,TRANSFER,2026-02-28,11653.57,0.00,494230.22,02:46:06,2026-02-28
Demo Company Pvt Ltd,1234567890,Demo Bank Ltd,INR,Coimbatore,DEMOINCCXXX,IN00DEMO1234567890,ACTIVE,CURRENT,495400.92,2026-02-10,495400.92,2026-02-10,495400.92,2026-02-11 03:04:54,495400.92,2026-02-11 03:04:54,BNK-B3AD78C6372D,GL-C1052B9E4111 Invoice settlement BANK,,TRANSFER,2026-02-28,1170.70,0.00,495400.92,03:04:54,2026-02-28
Demo Company Pvt Ltd,1234567890,Demo Bank Ltd,INR,Coimbatore,DEMOINCCXXX,IN00DEMO1234567890,ACTIVE,CURRENT,518467.44,2026-02-10,518467.44,2026-02-10,518467.44,2026-02-11 03:22:19,518467.44,2026-02-11 03:22:19,BNK-7F2E62B97D1A,GL-6614B4381F98 UPI transfer BANK,CUST-9D9425CD,CHARGEBACK,2026-02-28,23066.52,0.00,518467.44,03:22:19,2026-02-28
Demo Company Pvt Ltd,1234567890,Demo Bank Ltd,INR,Coimbatore,DEMOINCCXXX,IN00DEMO1234567890,ACTIVE,CURRENT,503147.43,2026-02-10,503147.43,2026-02-10,503147.43,2026-02-11 03:50:49,503147.43,2026-02-11 03:50:49,BNK-731AFCDAD474,GL-B87C99DE3ECA UPI transfer BANK,CUST-E57F0FE7,PAYMENT,2026-02-28,0.00,15320.01,503147.43,03:50:49,2026-02-28
Demo Company Pvt Ltd,1234567890,Demo Bank Ltd,INR,Coimbatore,DEMOINCCXXX,IN00DEMO1234567890,ACTIVE,CURRENT,492447.82,2026-02-10,492447.82,2026-02-10,492447.82,2026-02-11 04:19:33,492447.82,2026-02-11 04:19:33,BNK-FB4B0964E878,GL-4752246BE421 Customer collection,CUST-0D7E2CAB,CHARGEBACK,2026-02-28,0.00,10699.61,492447.82,04:19:33,2026-02-28
Demo Company Pvt Ltd,1234567890,Demo Bank Ltd,INR,Coimbatore,DEMOINCCXXX,IN00DEMO1234567890,ACTIVE,CURRENT,465075.07,2026-02-10,465075.07,2026-02-10,465075.07,2026-02-11 04:50:04,465075.07,2026-02-11 04:50:04,BNK-139E5B440B70,GL-343713DDC3EF Customer collection BANK,CUST-C146B696,CHARGEBACK,2026-02-28,0.00,27372.75,465075.07,04:50:04,2026-02-28
Demo Company Pvt Ltd,1234567890,Demo Bank Ltd,INR,Coimbatore,DEMOINCCXXX,IN00DEMO1234567890,ACTIVE,CURRENT,485804.21,2026-02-10,485804.21,2026-02-10,485804.21,2026-02-11 05:48:42,485804.21,2026-02-11 05:48:42,BNK-DFD79EFCBE48,GL-55532562F694 Vendor payout BANK,,TRANSFER,2026-02-28,20729.14,0.00,485804.21,05:48:42,2026-02-28
Demo Company Pvt Ltd,1234567890,Demo Bank Ltd,INR,Coimbatore,DEMOINCCXXX,IN00DEMO1234567890,ACTIVE,CURRENT,478502.35,2026-02-10,478502.35,2026-02-10,478502.35,2026-02-11 06:32:55,478502.35,2026-02-11 06:32:55,BNK-818D83A0C451,GL-56F78DAB8814 Customer collection,,CHARGEBACK,2026-02-28,0.00,7301.86,478502.35,06:32:55,2026-02-28
Demo Company Pvt Ltd,1234567890,Demo Bank Ltd,INR,Coimbatore,DEMOINCCXXX,IN00DEMO1234567890,ACTIVE,CURRENT,470121.00,2026-02-10,470121.00,2026-02-10,470121.00,2026-02-11 07:30:29,470121.00,2026-02-11 07:30:29,BNK-AD9C239A767C,GL-54910648C70D Customer collection,CUST-2D022EF0,CHARGEBACK,2026-02-28,0.00,8381.35,470121.00,07:30:29,2026-02-28
Demo Company Pvt Ltd,1234567890,Demo Bank Ltd,INR,Coimbatore,DEMOINCCXXX,IN00DEMO1234567890,ACTIVE,CURRENT,446654.23,2026-02-10,446654.23,2026-02-10,446654.23,2026-02-11 08:22:33,446654.23,2026-02-11 08:22:33,,GL-69334B039327 UPI transfer BANK REFERENCE_DROP,,CHARGEBACK,2026-02-28,0.00,23466.77,446654.23,08:22:33,2026-02-28
Demo Company Pvt Ltd,1234567890,Demo Bank Ltd,INR,Coimbatore,DEMOINCCXXX,IN00DEMO1234567890,ACTIVE,CURRENT,464389.70,2026-02-10,464389.70,2026-02-10,464389.70,2026-02-11 09:13:13,464389.70,2026-02-11 09:13:13,BNK-90CDE0E623DC,GL-CD6769F81B04 UPI transfer BANK,CUST-6330F6D5,RECEIPT,2026-02-28,17735.47,0.00,464389.70,09:13:13,2026-02-28
Demo Company Pvt Ltd,1234567890,Demo Bank Ltd,INR,Coimbatore,DEMOINCCXXX,IN00DEMO1234567890,ACTIVE,CURRENT,468497.68,2026-02-10,468497.68,2026-02-10,468497.68,2026-02-11 09:58:54,468497.68,2026-02-11 09:58:54,BNK-78B71C0FD34C,GL-98427500806D Invoice settlement BANK,CUST-2EBB8DC3,RECEIPT,2026-02-28,4107.98,0.00,468497.68,09:58:54,2026-02-28
Demo Company Pvt Ltd,1234567890,Demo Bank Ltd,INR,Coimbatore,DEMOINCCXXX,IN00DEMO1234567890,ACTIVE,CURRENT,481462.04,2026-02-10,481462.04,2026-02-10,481462.04,2026-02-11 10:40:01,481462.04,2026-02-11 10:40:01,BNK-D4C6DA77A092,GL-77E3947A580D Customer collection,CUST-96848FB8,CHARGEBACK,2026-02-28,12964.36,0.00,481462.04,10:40:01,2026-02-28
Demo Company Pvt Ltd,1234567890,Demo Bank Ltd,INR,Coimbatore,DEMOINCCXXX,IN00DEMO1234567890,ACTIVE,CURRENT,495311.23,2026-02-10,495311.23,2026-02-10,495311.23,2026-02-11 11:32:43,495311.23,2026-02-11 11:32:43,BNK-2EC955AFF1CE,GL-51DECC0BD011 NEFT transfer BANK,CUST-44FCB6AC,PAYMENT,2026-02-28,13849.19,0.00,495311.23,11:32:43,2026-02-28
Demo Company Pvt Ltd,1234567890,Demo Bank Ltd,INR,Coimbatore,DEMOINCCXXX,IN00DEMO1234567890,ACTIVE,CURRENT,515654.87,2026-02-10,515654.87,2026-02-10,515654.87,2026-02-11 11:50:57,515654.87,2026-02-11 11:50:57,BNK-4D5150BC172E,GL-E4524D8EC128 Vendor payout BANK,CUST-19948437,CHARGEBACK,2026-02-28,20343.64,0.00,515654.87,11:50:57,2026-02-28
Demo Company Pvt Ltd,1234567890,Demo Bank Ltd,INR,Coimbatore,DEMOINCCXXX,IN00DEMO1234567890,ACTIVE,CURRENT,500632.17,2026-02-10,500632.17,2026-02-10,500632.17,2026-02-11 12:15:09,500632.17,2026-02-11 12:15:09,BNK-29D405D6EE05,GL-50A079178466 NEFT transfer,CUST-78410239,RECEIPT,2026-02-28,0.00,15022.70,500632.17,12:15:09,2026-02-28
Demo Company Pvt Ltd,1234567890,Demo Bank Ltd,INR,Coimbatore,DEMOINCCXXX,IN00DEMO1234567890,ACTIVE,CURRENT,524507.29,2026-02-10,524507.29,2026-02-10,524507.29,2026-02-11 12:48:03,524507.29,2026-02-11 12:48:03,BNK-62A97FFB9FFD,GL-8FD14C712277 Invoice settlement BANK,CUST-212D3158,RECEIPT,2026-02-28,23875.12,0.00,524507.29,12:48:03,2026-02-28
Demo Company Pvt Ltd,1234567890,Demo Bank Ltd,INR,Coimbatore,DEMOINCCXXX,IN00DEMO1234567890,ACTIVE,CURRENT,498669.62,2026-02-10,498669.62,2026-02-10,498669.62,2026-02-11 13:25:30,498669.62,2026-02-11 13:25:30,BNK-2E7D8A018E34,GL-2386BC375BD1 Customer collection BANK,CUST-79AFDFDE,PAYMENT,2026-02-28,0.00,25837.67,498669.62,13:25:30,2026-02-28
Demo Company Pvt Ltd,1234567890,Demo Bank Ltd,INR,Coimbatore,DEMOINCCXXX,IN00DEMO1234567890,ACTIVE,CURRENT,496545.17,2026-02-10,496545.17,2026-02-10,496545.17,2026-02-11 14:21:33,496545.17,2026-02-11 14:21:33,BNK-A87568CA5FC4,GL-9AB45FD8733D UPI transfer BANK DATE_POSTING_ERROR,,PAYMENT,2026-02-28,0.00,2124.45,496545.17,14:21:33,2026-02-28
Demo Company Pvt Ltd,1234567890,Demo Bank Ltd,INR,Coimbatore,DEMOINCCXXX,IN00DEMO1234567890,ACTIVE,CURRENT,522172.37,2026-02-10,522172.37,2026-02-10,522172.37,2026-02-11 15:10:22,522172.37,2026-02-11 15:10:22,BNK-5F744D5B60C4,GL-24EB880CA549 Customer collection BANK,CUST-FBCE2127,RECEIPT,2026-02-28,25627.20,0.00,522172.37,15:10:22,2026-02-28
Demo Company Pvt Ltd,1234567890,Demo Bank Ltd,INR,Coimbatore,DEMOINCCXXX,IN00DEMO1234567890,ACTIVE,CURRENT,512719.56,2026-02-10,512719.56,2026-02-10,512719.56,2026-02-11 15:57:10,512719.56,2026-02-11 15:57:10,BNK-BFE5A6854310,GL-DC5E84CB479B UPI transfer BANK,CUST-6C25CF99,RECEIPT,2026-02-28,0.00,9452.81,512719.56,15:57:10,2026-02-28
Demo Company Pvt Ltd,1234567890,Demo Bank Ltd,INR,Coimbatore,DEMOINCCXXX,IN00DEMO1234567890,ACTIVE,CURRENT,540013.84,2026-02-10,540013.84,2026-02-10,540013.84,2026-02-11 16:22:16,540013.84,2026-02-11 16:22:16,BNK-08F8CF606FD5,GL-34580055B918 Vendor payout BANK,CUST-7480E071,CHARGEBACK,2026-02-28,27294.28,0.00,540013.84,16:22:16,2026-02-28
Demo Company Pvt Ltd,1234567890,Demo Bank Ltd,INR,Coimbatore,DEMOINCCXXX,IN00DEMO1234567890,ACTIVE,CURRENT,514275.62,2026-02-10,514275.62,2026-02-10,514275.62,2026-02-11 17:06:50,514275.62,2026-02-11 17:06:50,BNK-A97B42AE76E2,GL-BDBB8BC7A35B Invoice settlement BANK,CUST-BB7127FE,CHARGEBACK,2026-02-28,0.00,25738.22,514275.62,17:06:50,2026-02-28
Demo Company Pvt Ltd,1234567890,Demo Bank Ltd,INR,Coimbatore,DEMOINCCXXX,IN00DEMO1234567890,ACTIVE,CURRENT,514550.62,2026-02-10,514550.62,2026-02-10,514550.62,2026-02-11 17:43:49,514550.62,2026-02-11 17:43:49,BNK-3BB50EFE5E36,GL-5BFBAA3FA478 Invoice settlement,CUST-566C9FA0,CHARGEBACK,2026-02-28,275.00,0.00,514550.62,17:43:49,2026-02-28
Demo Company Pvt Ltd,1234567890,Demo Bank Ltd,INR,Coimbatore,DEMOINCCXXX,IN00DEMO1234567890,ACTIVE,CURRENT,497101.91,2026-02-10,497101.91,2026-02-10,497101.91,2026-02-11 18:24:34,497101.91,2026-02-11 18:24:34,BNK-EE430066EA96,GL-CD902A3A9B7A UPI transfer BANK,CUST-6284B089,CHARGEBACK,2026-02-28,0.00,17448.71,497101.91,18:24:34,2026-02-28
Demo Company Pvt Ltd,1234567890,Demo Bank Ltd,INR,Coimbatore,DEMOINCCXXX,IN00DEMO1234567890,ACTIVE,CURRENT,479653.20,2026-02-10,479653.20,2026-02-10,479653.20,2026-02-11 18:52:06,479653.20,2026-02-11 18:52:06,BNK-EE430066EA96-DUP,GL-CD902A3A9B7A UPI transfer BANK DUPLICATE_POSTING,CUST-6284B089,CHARGEBACK,2026-02-28,0.00,17448.71,479653.20,18:52:06,2026-02-28
Demo Company Pvt Ltd,1234567890,Demo Bank Ltd,INR,Coimbatore,DEMOINCCXXX,IN00DEMO1234567890,ACTIVE,CURRENT,496329.65,2026-02-10,496329.65,2026-02-10,496329.65,2026-02-11 19:31:03,496329.65,2026-02-11 19:31:03,BNK-5811187E955C,GL-81E48CC670A6 Invoice settlement,CUST-FE6ADC57,TRANSFER,2026-02-28,16676.45,0.00,496329.65,19:31:03,2026-02-28
Demo Company Pvt Ltd,1234567890,Demo Bank Ltd,INR,Coimbatore,DEMOINCCXXX,IN00DEMO1234567890,ACTIVE,CURRENT,496721.05,2026-02-10,496721.05,2026-02-10,496721.05,2026-02-11 20:20:47,496721.05,2026-02-11 20:20:47,BNK-EEE5860AB35D,GL-34D51B40D43A NEFT transfer,,PAYMENT,2026-02-28,391.40,0.00,496721.05,20:20:47,2026-02-28
Demo Company Pvt Ltd,1234567890,Demo Bank Ltd,INR,Coimbatore,DEMOINCCXXX,IN00DEMO1234567890,ACTIVE,CURRENT,478881.85,2026-02-10,478881.85,2026-02-10,478881.85,2026-02-11 20:48:24,478881.85,2026-02-11 20:48:24,BNK-5FB465592F7F,GL-B9293F53961D UPI transfer,CUST-8E4BDB05,CHARGEBACK,2026-02-28,0.00,17839.20,478881.85,20:48:24,2026-02-28
Demo Company Pvt Ltd,1234567890,Demo Bank Ltd,INR,Coimbatore,DEMOINCCXXX,IN00DEMO1234567890,ACTIVE,CURRENT,478842.93,2026-02-10,478842.93,2026-02-10,478842.93,2026-02-11 21:26:37,478842.93,2026-02-11 21:26:37,BNK-C9F7C83F6B81,Overdraft Charge,,BANK_ONLY,2026-02-28,0.00,38.92,478842.93,21:26:37,2026-02-28
Demo Company Pvt Ltd,1234567890,Demo Bank Ltd,INR,Coimbatore,DEMOINCCXXX,IN00DEMO1234567890,ACTIVE,CURRENT,478720.34,2026-02-10,478720.34,2026-02-10,478720.34,2026-02-11 21:56:12,478720.34,2026-02-11 21:56:12,BNK-8DDC1813A695,Overdraft Charge AMOUNT_TYPO,,BANK_ONLY,2026-02-28,0.00,122.59,478720.34,21:56:12,2026-02-28
Demo Company Pvt Ltd,1234567890,Demo Bank Ltd,INR,Coimbatore,DEMOINCCXXX,IN00DEMO1234567890,ACTIVE,CURRENT,478548.52,2026-02-10,478548.52,2026-02-10,478548.52,2026-02-11 22:33:06,478548.52,2026-02-11 22:33:06,BNK-21CB0E7BFAD7,Card Network Charge,,BANK_ONLY,2026-02-28,0.00,171.82,478548.52,22:33:06,2026-02-28
Demo Company Pvt Ltd,1234567890,Demo Bank Ltd,INR,Coimbatore,DEMOINCCXXX,IN00DEMO1234567890,ACTIVE,CURRENT,478239.21,2026-02-10,478239.21,2026-02-10,478239.21,2026-02-11 23:08:44,478239.21,2026-02-11 23:08:44,BNK-3DE5AF6C931A,Overdraft Charge,,BANK_ONLY,2026-02-28,0.00,309.31,478239.21,23:08:44,2026-02-28
Demo Company Pvt Ltd,1234567890,Demo Bank Ltd,INR,Coimbatore,DEMOINCCXXX,IN00DEMO1234567890,ACTIVE,CURRENT,478056.10,2026-02-10,478056.10,2026-02-10,478056.10,2026-02-11 23:43:28,478056.10,2026-02-11 23:43:28,BNK-36C37B7F46AC,Card Network Charge,,BANK_ONLY,2026-02-28,0.00,183.11,478056.10,23:43:28,2026-02-28
Demo Company Pvt Ltd,1234567890,Demo Bank Ltd,INR,Coimbatore,DEMOINCCXXX,IN00DEMO1234567890,ACTIVE,CURRENT,477909.34,2026-02-11,477909.34,2026-02-11,477909.34,2026-02-12 00:10:27,477909.34,2026-02-12 00:10:27,BNK-16B96CB3AAEB,Overdraft Charge,,BANK_ONLY,2026-02-28,0.00,146.76,477909.34,00:10:27,2026-02-28
Demo Company Pvt Ltd,1234567890,Demo Bank Ltd,INR,Coimbatore,DEMOINCCXXX,IN00DEMO1234567890,ACTIVE,CURRENT,477757.68,2026-02-11,477757.68,2026-02-11,477757.68,2026-02-12 00:45:56,477757.68,2026-02-12 00:45:56,BNK-37431193F12C,Overdraft Charge,,BANK_ONLY,2026-02-28,0.00,151.66,477757.68,00:45:56,2026-02-28
Demo Company Pvt Ltd,1234567890,Demo Bank Ltd,INR,Coimbatore,DEMOINCCXXX,IN00DEMO1234567890,ACTIVE,CURRENT,477939.77,2026-02-11,477939.77,2026-02-11,477939.77,2026-02-12 01:35:49,477939.77,2026-02-12 01:35:49,BNK-D3F77D65DF03,Sweep Interest,,BANK_ONLY,2026-02-28,182.09,0.00,477939.77,01:35:49,2026-02-28
Demo Company Pvt Ltd,1234567890,Demo Bank Ltd,INR,Coimbatore,DEMOINCCXXX,IN00DEMO1234567890,ACTIVE,CURRENT,477796.88,2026-02-11,477796.88,2026-02-11,477796.88,2026-02-12 02:00:26,477796.88,2026-02-12 02:00:26,BNK-CDF4DA55E2B1,Overdraft Charge,,BANK_ONLY,2026-02-28,0.00,142.89,477796.88,02:00:26,2026-02-28
Demo Company Pvt Ltd,1234567890,Demo Bank Ltd,INR,Coimbatore,DEMOINCCXXX,IN00DEMO1234567890,ACTIVE,CURRENT,478109.99,2026-02-11,478109.99,2026-02-11,478109.99,2026-02-12 02:32:50,478109.99,2026-02-12 02:32:50,BNK-8A95DFB11ACD,Sweep Interest,,BANK_ONLY,2026-02-28,313.11,0.00,478109.99,02:32:50,2026-02-28
Demo Company Pvt Ltd,1234567890,Demo Bank Ltd,INR,Coimbatore,DEMOINCCXXX,IN00DEMO1234567890,ACTIVE,CURRENT,478033.71,2026-02-11,478033.71,2026-02-11,478033.71,2026-02-12 03:21:37,478033.71,2026-02-12 03:21:37,BNK-BB3DD72D37B7,Monthly Account Fee,,BANK_ONLY,2026-02-28,0.00,76.28,478033.71,03:21:37,2026-02-28
Demo Company Pvt Ltd,1234567890,Demo Bank Ltd,INR,Coimbatore,DEMOINCCXXX,IN00DEMO1234567890,ACTIVE,CURRENT,478298.63,2026-02-11,478298.63,2026-02-11,478298.63,2026-02-12 04:03:10,478298.63,2026-02-12 04:03:10,BNK-926DA8F69D3D,Sweep Interest,,BANK_ONLY,2026-02-28,264.92,0.00,478298.63,04:03:10,2026-02-28
Demo Company Pvt Ltd,1234567890,Demo Bank Ltd,INR,Coimbatore,DEMOINCCXXX,IN00DEMO1234567890,ACTIVE,CURRENT,478282.71,2026-02-11,478282.71,2026-02-11,478282.71,2026-02-12 04:59:23,478282.71,2026-02-12 04:59:23,BNK-BEA8CDC42DC2,Monthly Account Fee,,BANK_ONLY,2026-02-28,0.00,15.92,478282.71,04:59:23,2026-02-28
Demo Company Pvt Ltd,1234567890,Demo Bank Ltd,INR,Coimbatore,DEMOINCCXXX,IN00DEMO1234567890,ACTIVE,CURRENT,478058.46,2026-02-11,478058.46,2026-02-11,478058.46,2026-02-12 05:36:23,478058.46,2026-02-12 05:36:23,BNK-73602EE72F50,Monthly Account Fee,,BANK_ONLY,2026-02-28,0.00,224.25,478058.46,05:36:23,2026-02-28
Demo Company Pvt Ltd,1234567890,Demo Bank Ltd,INR,Coimbatore,DEMOINCCXXX,IN00DEMO1234567890,ACTIVE,CURRENT,477949.94,2026-02-11,477949.94,2026-02-11,477949.94,2026-02-12 06:07:34,477949.94,2026-02-12 06:07:34,BNK-885ADC0F0540,Card Network Charge AMOUNT_TYPO,,BANK_ONLY,2026-02-28,0.00,108.52,477949.94,06:07:34,2026-02-28
Demo Company Pvt Ltd,1234567890,Demo Bank Ltd,INR,Coimbatore,DEMOINCCXXX,IN00DEMO1234567890,ACTIVE,CURRENT,477865.50,2026-02-11,477865.50,2026-02-11,477865.50,2026-02-12 06:49:53,477865.50,2026-02-12 06:49:53,BNK-708CA7B67D03,Monthly Account Fee,,BANK_ONLY,2026-02-28,0.00,84.44,477865.50,06:49:53,2026-02-28
Demo Company Pvt Ltd,1234567890,Demo Bank Ltd,INR,Coimbatore,DEMOINCCXXX,IN00DEMO1234567890,ACTIVE,CURRENT,477562.23,2026-02-11,477562.23,2026-02-11,477562.23,2026-02-12 07:32:34,477562.23,2026-02-12 07:32:34,BNK-939D5FBAEF1A,Card Network Charge AMOUNT_TYPO,,BANK_ONLY,2026-02-28,0.00,303.27,477562.23,07:32:34,2026-02-28
Demo Company Pvt Ltd,1234567890,Demo Bank Ltd,INR,Coimbatore,DEMOINCCXXX,IN00DEMO1234567890,ACTIVE,CURRENT,477132.30,2026-02-11,477132.30,2026-02-11,477132.30,2026-02-12 08:16:44,477132.30,2026-02-12 08:16:44,BNK-FE21EE7828C7,Monthly Account Fee AMOUNT_TYPO,,BANK_ONLY,2026-02-28,0.00,429.93,477132.30,08:16:44,2026-02-28
Demo Company Pvt Ltd,1234567890,Demo Bank Ltd,INR,Coimbatore,DEMOINCCXXX,IN00DEMO1234567890,ACTIVE,CURRENT,477080.37,2026-02-11,477080.37,2026-02-11,477080.37,2026-02-12 09:02:47,477080.37,2026-02-12 09:02:47,BNK-D0674BD09512,Card Network Charge,,BANK_ONLY,2026-02-28,0.00,51.93,477080.37,09:02:47,2026-02-28
Demo Company Pvt Ltd,1234567890,Demo Bank Ltd,INR,Coimbatore,DEMOINCCXXX,IN00DEMO1234567890,ACTIVE,CURRENT,477055.67,2026-02-11,477055.67,2026-02-11,477055.67,2026-02-12 09:27:10,477055.67,2026-02-12 09:27:10,BNK-6DA6D9E94B6B,Overdraft Charge,,BANK_ONLY,2026-02-28,0.00,24.70,477055.67,09:27:10,2026-02-28
Demo Company Pvt Ltd,1234567890,Demo Bank Ltd,INR,Coimbatore,DEMOINCCXXX,IN00DEMO1234567890,ACTIVE,CURRENT,476828.71,2026-02-11,476828.71,2026-02-11,476828.71,2026-02-12 10:15:04,476828.71,2026-02-12 10:15:04,BNK-5B5CA2B4F761,Overdraft Charge,,BANK_ONLY,2026-02-28,0.00,226.96,476828.71,10:15:04,2026-02-28
Demo Company Pvt Ltd,1234567890,Demo Bank Ltd,INR,Coimbatore,DEMOINCCXXX,IN00DEMO1234567890,ACTIVE,CURRENT,476875.56,2026-02-11,476875.56,2026-02-11,476875.56,2026-02-12 11:09:37,476875.56,2026-02-12 11:09:37,BNK-A93903DBE7AB,Sweep Interest,,BANK_ONLY,2026-02-28,46.85,0.00,476875.56,11:09:37,2026-02-28
Demo Company Pvt Ltd,1234567890,Demo Bank Ltd,INR,Coimbatore,DEMOINCCXXX,IN00DEMO1234567890,ACTIVE,CURRENT,477011.96,2026-02-11,477011.96,2026-02-11,477011.96,2026-02-12 11:44:46,477011.96,2026-02-12 11:44:46,BNK-CFF3B9C48A6F,Sweep Interest,,BANK_ONLY,2026-02-28,136.40,0.00,477011.96,11:44:46,2026-02-28
Demo Company Pvt Ltd,1234567890,Demo Bank Ltd,INR,Coimbatore,DEMOINCCXXX,IN00DEMO1234567890,ACTIVE,CURRENT,476676.35,2026-02-11,476676.35,2026-02-11,476676.35,2026-02-12 12:11:28,476676.35,2026-02-12 12:11:28,BNK-7C8820A906EC,Card Network Charge,,BANK_ONLY,2026-02-28,0.00,335.61,476676.35,12:11:28,2026-02-28
Demo Company Pvt Ltd,1234567890,Demo Bank Ltd,INR,Coimbatore,DEMOINCCXXX,IN00DEMO1234567890,ACTIVE,CURRENT,476389.58,2026-02-11,476389.58,2026-02-11,476389.58,2026-02-12 12:52:30,476389.58,2026-02-12 12:52:30,BNK-B9626E456C90,Monthly Account Fee,,BANK_ONLY,2026-02-28,0.00,286.77,476389.58,12:52:30,2026-02-28
Demo Company Pvt Ltd,1234567890,Demo Bank Ltd,INR,Coimbatore,DEMOINCCXXX,IN00DEMO1234567890,ACTIVE,CURRENT,476233.85,2026-02-11,476233.85,2026-02-11,476233.85,2026-02-12 13:51:25,476233.85,2026-02-12 13:51:25,BNK-253C72FCBC7E,Overdraft Charge,,BANK_ONLY,2026-02-28,0.00,155.73,476233.85,13:51:25,2026-02-28
Demo Company Pvt Ltd,1234567890,Demo Bank Ltd,INR,Coimbatore,DEMOINCCXXX,IN00DEMO1234567890,ACTIVE,CURRENT,476358.82,2026-02-11,476358.82,2026-02-11,476358.82,2026-02-12 14:38:02,476358.82,2026-02-12 14:38:02,BNK-82E58C4E3BF2,Overdraft Charge POLARITY_REVERSAL,,BANK_ONLY,2026-02-28,124.97,0.00,476358.82,14:38:02,2026-02-28
Demo Company Pvt Ltd,1234567890,Demo Bank Ltd,INR,Coimbatore,DEMOINCCXXX,IN00DEMO1234567890,ACTIVE,CURRENT,476207.54,2026-02-11,476207.54,2026-02-11,476207.54,2026-02-12 15:05:40,476207.54,2026-02-12 15:05:40,BNK-720D05C912DC,Overdraft Charge,,BANK_ONLY,2026-02-28,0.00,151.28,476207.54,15:05:40,2026-02-28
Demo Company Pvt Ltd,1234567890,Demo Bank Ltd,INR,Coimbatore,DEMOINCCXXX,IN00DEMO1234567890,ACTIVE,CURRENT,475975.28,2026-02-11,475975.28,2026-02-11,475975.28,2026-02-12 15:39:48,475975.28,2026-02-12 15:39:48,BNK-A2D384BE9156,Overdraft Charge,,BANK_ONLY,2026-02-28,0.00,232.26,475975.28,15:39:48,2026-02-28
Demo Company Pvt Ltd,1234567890,Demo Bank Ltd,INR,Coimbatore,DEMOINCCXXX,IN00DEMO1234567890,ACTIVE,CURRENT,475640.86,2026-02-11,475640.86,2026-02-11,475640.86,2026-02-12 16:24:39,475640.86,2026-02-12 16:24:39,BNK-4A986CCF4DEF,Card Network Charge,,BANK_ONLY,2026-02-28,0.00,334.42,475640.86,16:24:39,2026-02-28
Demo Company Pvt Ltd,1234567890,Demo Bank Ltd,INR,Coimbatore,DEMOINCCXXX,IN00DEMO1234567890,ACTIVE,CURRENT,475596.58,2026-02-11,475596.58,2026-02-11,475596.58,2026-02-12 17:01:28,475596.58,2026-02-12 17:01:28,BNK-23347FF8E0B2,Monthly Account Fee,,BANK_ONLY,2026-02-28,0.00,44.28,475596.58,17:01:28,2026-02-28
Demo Company Pvt Ltd,1234567890,Demo Bank Ltd,INR,Coimbatore,DEMOINCCXXX,IN00DEMO1234567890,ACTIVE,CURRENT,475444.84,2026-02-11,475444.84,2026-02-11,475444.84,2026-02-12 17:50:50,475444.84,2026-02-12 17:50:50,BNK-63DF9429E42B,Card Network Charge,,BANK_ONLY,2026-02-28,0.00,151.74,475444.84,17:50:50,2026-02-28
Demo Company Pvt Ltd,1234567890,Demo Bank Ltd,INR,Coimbatore,DEMOINCCXXX,IN00DEMO1234567890,ACTIVE,CURRENT,483829.99,2026-02-11,483829.99,2026-02-11,483829.99,2026-02-12 18:12:01,483829.99,2026-02-12 18:12:01,BNK-1A7B97989D27,GL-FABBC1EE28EF UPI transfer BANK,CUST-DDE84E39,RECEIPT,2026-02-28,8385.15,0.00,483829.99,18:12:01,2026-02-28
Demo Company Pvt Ltd,1234567890,Demo Bank Ltd,INR,Coimbatore,DEMOINCCXXX,IN00DEMO1234567890,ACTIVE,CURRENT,467736.13,2026-02-11,467736.13,2026-02-11,467736.13,2026-02-12 19:08:51,467736.13,2026-02-12 19:08:51,BNK-C2CE44C57D75,GL-472810A18B2D NEFT transfer BANK,CUST-401BC3CA,TRANSFER,2026-02-28,0.00,16093.86,467736.13,19:08:51,2026-02-28
Demo Company Pvt Ltd,1234567890,Demo Bank Ltd,INR,Coimbatore,DEMOINCCXXX,IN00DEMO1234567890,ACTIVE,CURRENT,467517.92,2026-02-11,467517.92,2026-02-11,467517.92,2026-02-12 19:52:00,467517.92,2026-02-12 19:52:00,BNK-FF72D129E1CD,GL-4C6875E630E4 Invoice settlement BANK,CUST-3E58BE65,RECEIPT,2026-02-28,0.00,218.21,467517.92,19:52:00,2026-02-28
Demo Company Pvt Ltd,1234567890,Demo Bank Ltd,INR,Coimbatore,DEMOINCCXXX,IN00DEMO1234567890,ACTIVE,CURRENT,488008.75,2026-02-11,488008.75,2026-02-11,488008.75,2026-02-12 20:33:56,488008.75,2026-02-12 20:33:56,BNK-D48674A4B0D6,GL-E48A2E610A7A Vendor payout,CUST-B5213C2B,TRANSFER,2026-02-28,20490.83,0.00,488008.75,20:33:56,2026-02-28
Demo Company Pvt Ltd,1234567890,Demo Bank Ltd,INR,Coimbatore,DEMOINCCXXX,IN00DEMO1234567890,ACTIVE,CURRENT,468129.82,2026-02-11,468129.82,2026-02-11,468129.82,2026-02-12 21:32:28,468129.82,2026-02-12 21:32:28,BNK-31FBB51F0C21,GL-381E54B6523C Invoice settlement,,RECEIPT,2026-02-28,0.00,19878.93,468129.82,21:32:28,2026-02-28
Demo Company Pvt Ltd,1234567890,Demo Bank Ltd,INR,Coimbatore,DEMOINCCXXX,IN00DEMO1234567890,ACTIVE,CURRENT,478842.36,2026-02-11,478842.36,2026-02-11,478842.36,2026-02-12 21:50:56,478842.36,2026-02-12 21:50:56,BNK-25B2FEDF627A,GL-989B477698EB Vendor payout,,PAYMENT,2026-02-28,10712.54,0.00,478842.36,21:50:56,2026-02-28
Demo Company Pvt Ltd,1234567890,Demo Bank Ltd,INR,Coimbatore,DEMOINCCXXX,IN00DEMO1234567890,ACTIVE,CURRENT,489376.96,2026-02-11,489376.96,2026-02-11,489376.96,2026-02-12 22:09:57,489376.96,2026-02-12 22:09:57,BNK-0AC92A488989,GL-97EACA133E2A Invoice settlement BANK,CUST-01EE77FE,CHARGEBACK,2026-02-28,10534.60,0.00,489376.96,22:09:57,2026-02-28
Demo Company Pvt Ltd,1234567890,Demo Bank Ltd,INR,Coimbatore,DEMOINCCXXX,IN00DEMO1234567890,ACTIVE,CURRENT,505612.19,2026-02-11,505612.19,2026-02-11,505612.19,2026-02-12 23:00:00,505612.19,2026-02-12 23:00:00,BNK-5C51CA7B950E,GL-049CFD433FC4 UPI transfer,CUST-84AA90DE,RECEIPT,2026-02-28,16235.23,0.00,505612.19,23:00:00,2026-02-28
Demo Company Pvt Ltd,1234567890,Demo Bank Ltd,INR,Coimbatore,DEMOINCCXXX,IN00DEMO1234567890,ACTIVE,CURRENT,521847.42,2026-02-11,521847.42,2026-02-11,521847.42,2026-02-12 23:15:38,521847.42,2026-02-12 23:15:38,BNK-5C51CA7B950E-DUP,GL-049CFD433FC4 UPI transfer DUPLICATE_POSTING,CUST-84AA90DE,RECEIPT,2026-02-28,16235.23,0.00,521847.42,23:15:38,2026-02-28
Demo Company Pvt Ltd,1234567890,Demo Bank Ltd,INR,Coimbatore,DEMOINCCXXX,IN00DEMO1234567890,ACTIVE,CURRENT,537493.80,2026-02-11,537493.80,2026-02-11,537493.80,2026-02-12 23:46:51,537493.80,2026-02-12 23:46:51,BNK-D58B8213D5C1,GL-98C73B2B1674 NEFT transfer,CUST-51F82BF9,CHARGEBACK,2026-02-28,15646.38,0.00,537493.80,23:46:51,2026-02-28
Demo Company Pvt Ltd,1234567890,Demo Bank Ltd,INR,Coimbatore,DEMOINCCXXX,IN00DEMO1234567890,ACTIVE,CURRENT,517965.63,2026-02-12,517965.63,2026-02-12,517965.63,2026-02-13 00:05:08,517965.63,2026-02-13 00:05:08,BNK-3B65D8409A83,GL-F34424CF1CD4 UPI transfer,CUST-F1CF27BF,RECEIPT,2026-02-28,0.00,19528.17,517965.63,00:05:08,2026-02-28
Demo Company Pvt Ltd,1234567890,Demo Bank Ltd,INR,Coimbatore,DEMOINCCXXX,IN00DEMO1234567890,ACTIVE,CURRENT,508543.69,2026-02-12,508543.69,2026-02-12,508543.69,2026-02-13 00:44:29,508543.69,2026-02-13 00:44:29,BNK-DB87513ACB8C,GL-DDD238B5640E UPI transfer BANK,CUST-E6A66052,PAYMENT,2026-02-28,0.00,9421.94,508543.69,00:44:29,2026-02-28
Demo Company Pvt Ltd,1234567890,Demo Bank Ltd,INR,Coimbatore,DEMOINCCXXX,IN00DEMO1234567890,ACTIVE,CURRENT,502501.72,2026-02-12,502501.72,2026-02-12,502501.72,2026-02-13 01:25:07,502501.72,2026-02-13 01:25:07,BNK-6AF4D7F4011D,GL-972DAED5A5DA Vendor payout AMOUNT_TYPO,CUST-C2891F9D,CHARGEBACK,2026-02-28,0.00,6041.97,502501.72,01:25:07,2026-02-28
Demo Company Pvt Ltd,1234567890,Demo Bank Ltd,INR,Coimbatore,DEMOINCCXXX,IN00DEMO1234567890,ACTIVE,CURRENT,518385.69,2026-02-12,518385.69,2026-02-12,518385.69,2026-02-13 01:59:09,518385.69,2026-02-13 01:59:09,BNK-3640CA649D42,GL-CCA243B0BCAE Invoice settlement,CUST-9EE23A9F,PAYMENT,2026-02-28,15883.97,0.00,518385.69,01:59:09,2026-02-28
Demo Company Pvt Ltd,1234567890,Demo Bank Ltd,INR,Coimbatore,DEMOINCCXXX,IN00DEMO1234567890,ACTIVE,CURRENT,530330.79,2026-02-12,530330.79,2026-02-12,530330.79,2026-02-13 02:22:14,530330.79,2026-02-13 02:22:14,BNK-2FB1D07FF729,GL-5B061EEA1EF0 Customer collection,,RECEIPT,2026-02-28,11945.10,0.00,530330.79,02:22:14,2026-02-28
Demo Company Pvt Ltd,1234567890,Demo Bank Ltd,INR,Coimbatore,DEMOINCCXXX,IN00DEMO1234567890,ACTIVE,CURRENT,524008.64,2026-02-12,524008.64,2026-02-12,524008.64,2026-02-13 03:14:08,524008.64,2026-02-13 03:14:08,BNK-47C5B01CFCCA,GL-A76890AE3752 Customer collection,,PAYMENT,2026-02-28,0.00,6322.15,524008.64,03:14:08,2026-02-28
Demo Company Pvt Ltd,1234567890,Demo Bank Ltd,INR,Coimbatore,DEMOINCCXXX,IN00DEMO1234567890,ACTIVE,CURRENT,517686.49,2026-02-12,517686.49,2026-02-12,517686.49,2026-02-13 04:06:27,517686.49,2026-02-13 04:06:27,BNK-47C5B01CFCCA-DUP,GL-A76890AE3752 Customer collection DUPLICATE_POSTING,,PAYMENT,2026-02-28,0.00,6322.15,517686.49,04:06:27,2026-02-28
Demo Company Pvt Ltd,1234567890,Demo Bank Ltd,INR,Coimbatore,DEMOINCCXXX,IN00DEMO1234567890,ACTIVE,CURRENT,531097.82,2026-02-12,531097.82,2026-02-12,531097.82,2026-02-13 04:22:17,531097.82,2026-02-13 04:22:17,BNK-472BA968B273,GL-1AA3E3A4982A Vendor payout BANK,,TRANSFER,2026-02-28,13411.33,0.00,531097.82,04:22:17,2026-02-28
Demo Company Pvt Ltd,1234567890,Demo Bank Ltd,INR,Coimbatore,DEMOINCCXXX,IN00DEMO1234567890,ACTIVE,CURRENT,532397.23,2026-02-12,532397.23,2026-02-12,532397.23,2026-02-13 05:12:35,532397.23,2026-02-13 05:12:35,BNK-CCF43330290A,GL-CFEDFF8F93BE Invoice settlement BANK,CUST-A07882F2,RECEIPT,2026-02-28,1299.41,0.00,532397.23,05:12:35,2026-02-28
Demo Company Pvt Ltd,1234567890,Demo Bank Ltd,INR,Coimbatore,DEMOINCCXXX,IN00DEMO1234567890,ACTIVE,CURRENT,560314.49,2026-02-12,560314.49,2026-02-12,560314.49,2026-02-13 05:53:33,560314.49,2026-02-13 05:53:33,BNK-418B1112AA78,GL-3A2C00891E3D UPI transfer,CUST-C1B4706C,PAYMENT,2026-02-28,27917.26,0.00,560314.49,05:53:33,2026-02-28
Demo Company Pvt Ltd,1234567890,Demo Bank Ltd,INR,Coimbatore,DEMOINCCXXX,IN00DEMO1234567890,ACTIVE,CURRENT,545058.94,2026-02-12,545058.94,2026-02-12,545058.94,2026-02-13 06:17:32,545058.94,2026-02-13 06:17:32,BNK-539E9EB2F01E,GL-2F7B637E03E4 Vendor payout BANK POLARITY_REVERSAL,CUST-E837FCAE,CHARGEBACK,2026-02-28,0.00,15255.55,545058.94,06:17:32,2026-02-28
Demo Company Pvt Ltd,1234567890,Demo Bank Ltd,INR,Coimbatore,DEMOINCCXXX,IN00DEMO1234567890,ACTIVE,CURRENT,558870.65,2026-02-12,558870.65,2026-02-12,558870.65,2026-02-13 06:48:40,558870.65,2026-02-13 06:48:40,BNK-93817BC4D5CA,GL-C23FC827CB27 Invoice settlement,CUST-05B6277E,PAYMENT,2026-02-28,13811.71,0.00,558870.65,06:48:40,2026-02-28
Demo Company Pvt Ltd,1234567890,Demo Bank Ltd,INR,Coimbatore,DEMOINCCXXX,IN00DEMO1234567890,ACTIVE,CURRENT,577992.68,2026-02-12,577992.68,2026-02-12,577992.68,2026-02-13 07:12:16,577992.68,2026-02-13 07:12:16,BNK-226C58E7C93A,GL-267CFA952F9D NEFT transfer BANK,,RECEIPT,2026-02-28,19122.03,0.00,577992.68,07:12:16,2026-02-28
Demo Company Pvt Ltd,1234567890,Demo Bank Ltd,INR,Coimbatore,DEMOINCCXXX,IN00DEMO1234567890,ACTIVE,CURRENT,597114.71,2026-02-12,597114.71,2026-02-12,597114.71,2026-02-13 08:02:26,597114.71,2026-02-13 08:02:26,BNK-226C58E7C93A-DUP,GL-267CFA952F9D NEFT transfer BANK DUPLICATE_POSTING,,RECEIPT,2026-02-28,19122.03,0.00,597114.71,08:02:26,2026-02-28
Demo Company Pvt Ltd,1234567890,Demo Bank Ltd,INR,Coimbatore,DEMOINCCXXX,IN00DEMO1234567890,ACTIVE,CURRENT,611391.44,2026-02-12,611391.44,2026-02-12,611391.44,2026-02-13 08:20:19,611391.44,2026-02-13 08:20:19,BNK-7E7B846815CD,GL-F5AB18508DC1 NEFT transfer BANK,CUST-B9E11FE6,RECEIPT,2026-02-28,14276.73,0.00,611391.44,08:20:19,2026-02-28
Demo Company Pvt Ltd,1234567890,Demo Bank Ltd,INR,Coimbatore,DEMOINCCXXX,IN00DEMO1234567890,ACTIVE,CURRENT,620423.88,2026-02-12,620423.88,2026-02-12,620423.88,2026-02-13 08:52:02,620423.88,2026-02-13 08:52:02,BNK-4B5E5573F747,GL-C64F1B7E0AB8 UPI transfer BANK,CUST-444D0A49,TRANSFER,2026-02-28,9032.44,0.00,620423.88,08:52:02,2026-02-28
Demo Company Pvt Ltd,1234567890,Demo Bank Ltd,INR,Coimbatore,DEMOINCCXXX,IN00DEMO1234567890,ACTIVE,CURRENT,636282.69,2026-02-12,636282.69,2026-02-12,636282.69,2026-02-13 09:20:51,636282.69,2026-02-13 09:20:51,BNK-AC8463FB8B44,GL-52B3BC8B9D4A Vendor payout BANK,CUST-BEDD11CF,TRANSFER,2026-02-28,15858.81,0.00,636282.69,09:20:51,2026-02-28
Demo Company Pvt Ltd,1234567890,Demo Bank Ltd,INR,Coimbatore,DEMOINCCXXX,IN00DEMO1234567890,ACTIVE,CURRENT,625048.51,2026-02-12,625048.51,2026-02-12,625048.51,2026-02-13 09:51:46,625048.51,2026-02-13 09:51:46,BNK-C8ECF6FDB9D6,GL-1F661E12B413 NEFT transfer BANK,,RECEIPT,2026-02-28,0.00,11234.18,625048.51,09:51:46,2026-02-28
Demo Company Pvt Ltd,1234567890,Demo Bank Ltd,INR,Coimbatore,DEMOINCCXXX,IN00DEMO1234567890,ACTIVE,CURRENT,618419.01,2026-02-12,618419.01,2026-02-12,618419.01,2026-02-13 10:33:28,618419.01,2026-02-13 10:33:28,BNK-2939EC6F98E6,GL-6A850BA743D5 NEFT transfer BANK,CUST-A4F00C0A,PAYMENT,2026-02-28,0.00,6629.50,618419.01,10:33:28,2026-02-28
Demo Company Pvt Ltd,1234567890,Demo Bank Ltd,INR,Coimbatore,DEMOINCCXXX,IN00DEMO1234567890,ACTIVE,CURRENT,630064.27,2026-02-12,630064.27,2026-02-12,630064.27,2026-02-13 10:52:09,630064.27,2026-02-13 10:52:09,BNK-F6F524A2BC2F,GL-7E1D27C03956 UPI transfer BANK,,RECEIPT,2026-02-28,11645.26,0.00,630064.27,10:52:09,2026-02-28
Demo Company Pvt Ltd,1234567890,Demo Bank Ltd,INR,Coimbatore,DEMOINCCXXX,IN00DEMO1234567890,ACTIVE,CURRENT,643759.42,2026-02-12,643759.42,2026-02-12,643759.42,2026-02-13 11:44:19,643759.42,2026-02-13 11:44:19,BNK-C761D1047CB6,GL-1AC2913C5390 Invoice settlement POLARITY_REVERSAL,CUST-61D9E5D1,PAYMENT,2026-02-28,13695.15,0.00,643759.42,11:44:19,2026-02-28
Demo Company Pvt Ltd,1234567890,Demo Bank Ltd,INR,Coimbatore,DEMOINCCXXX,IN00DEMO1234567890,ACTIVE,CURRENT,628227.43,2026-02-12,628227.43,2026-02-12,628227.43,2026-02-13 12:10:47,628227.43,2026-02-13 12:10:47,BNK-ADC54804D5F0,GL-C23EB213F2BD Vendor payout BANK,CUST-077D3710,TRANSFER,2026-02-28,0.00,15531.99,628227.43,12:10:47,2026-02-28
Demo Company Pvt Ltd,1234567890,Demo Bank Ltd,INR,Coimbatore,DEMOINCCXXX,IN00DEMO1234567890,ACTIVE,CURRENT,616598.85,2026-02-12,616598.85,2026-02-12,616598.85,2026-02-13 13:06:05,616598.85,2026-02-13 13:06:05,BNK-C0B863A69BA1,GL-D90FC46ABE76 NEFT transfer BANK,CUST-36DFB1E9,TRANSFER,2026-02-28,0.00,11628.58,616598.85,13:06:05,2026-02-28
Demo Company Pvt Ltd,1234567890,Demo Bank Ltd,INR,Coimbatore,DEMOINCCXXX,IN00DEMO1234567890,ACTIVE,CURRENT,600312.21,2026-02-12,600312.21,2026-02-12,600312.21,2026-02-13 13:25:48,600312.21,2026-02-13 13:25:48,BNK-12A1B59BBBBF,GL-9FC5827E6A61 UPI transfer,CUST-ED29462E,CHARGEBACK,2026-02-28,0.00,16286.64,600312.21,13:25:48,2026-02-28
Demo Company Pvt Ltd,1234567890,Demo Bank Ltd,INR,Coimbatore,DEMOINCCXXX,IN00DEMO1234567890,ACTIVE,CURRENT,605086.16,2026-02-12,605086.16,2026-02-12,605086.16,2026-02-13 13:44:09,605086.16,2026-02-13 13:44:09,BNK-B45017E5129E,GL-13498047758F Invoice settlement BANK,CUST-E70CF05A,RECEIPT,2026-02-28,4773.95,0.00,605086.16,13:44:09,2026-02-28
Demo Company Pvt Ltd,1234567890,Demo Bank Ltd,INR,Coimbatore,DEMOINCCXXX,IN00DEMO1234567890,ACTIVE,CURRENT,581972.40,2026-02-12,581972.40,2026-02-12,581972.40,2026-02-13 14:23:12,581972.40,2026-02-13 14:23:12,BNK-5CFA4012E472,GL-D8593334A5C7 Invoice settlement BANK,,PAYMENT,2026-02-28,0.00,23113.76,581972.40,14:23:12,2026-02-28
Demo Company Pvt Ltd,1234567890,Demo Bank Ltd,INR,Coimbatore,DEMOINCCXXX,IN00DEMO1234567890,ACTIVE,CURRENT,584624.50,2026-02-12,584624.50,2026-02-12,584624.50,2026-02-13 15:03:28,584624.50,2026-02-13 15:03:28,BNK-1CAA93CE12C3,GL-3C18F54B891E Customer collection BANK,CUST-6F1E83B5,RECEIPT,2026-02-28,2652.10,0.00,584624.50,15:03:28,2026-02-28
Demo Company Pvt Ltd,1234567890,Demo Bank Ltd,INR,Coimbatore,DEMOINCCXXX,IN00DEMO1234567890,ACTIVE,CURRENT,557792.08,2026-02-12,557792.08,2026-02-12,557792.08,2026-02-13 15:44:47,557792.08,2026-02-13 15:44:47,BNK-9B032412173D,GL-535EADC1914C NEFT transfer BANK,CUST-E4AA316A,TRANSFER,2026-02-28,0.00,26832.42,557792.08,15:44:47,2026-02-28
Demo Company Pvt Ltd,1234567890,Demo Bank Ltd,INR,Coimbatore,DEMOINCCXXX,IN00DEMO1234567890,ACTIVE,CURRENT,536380.04,2026-02-12,536380.04,2026-02-12,536380.04,2026-02-13 16:37:56,536380.04,2026-02-13 16:37:56,,GL-8E15B9F4E490 Customer collection BANK REFERENCE_DROP,,PAYMENT,2026-02-28,0.00,21412.04,536380.04,16:37:56,2026-02-28
Demo Company Pvt Ltd,1234567890,Demo Bank Ltd,INR,Coimbatore,DEMOINCCXXX,IN00DEMO1234567890,ACTIVE,CURRENT,508838.36,2026-02-12,508838.36,2026-02-12,508838.36,2026-02-13 16:59:41,508838.36,2026-02-13 16:59:41,BNK-03690487E3B7,GL-8EE08B7B8511 NEFT transfer BANK,CUST-BD99E28C,PAYMENT,2026-02-28,0.00,27541.68,508838.36,16:59:41,2026-02-28
Demo Company Pvt Ltd,1234567890,Demo Bank Ltd,INR,Coimbatore,DEMOINCCXXX,IN00DEMO1234567890,ACTIVE,CURRENT,486460.00,2026-02-12,486460.00,2026-02-12,486460.00,2026-02-13 17:57:21,486460.00,2026-02-13 17:57:21,BNK-163BE8416B27,GL-80E41DD9D1DA NEFT transfer BANK,,RECEIPT,2026-02-28,0.00,22378.36,486460.00,17:57:21,2026-02-28
Demo Company Pvt Ltd,1234567890,Demo Bank Ltd,INR,Coimbatore,DEMOINCCXXX,IN00DEMO1234567890,ACTIVE,CURRENT,464081.64,2026-02-12,464081.64,2026-02-12,464081.64,2026-02-13 18:37:53,464081.64,2026-02-13 18:37:53,BNK-163BE8416B27-DUP,GL-80E41DD9D1DA NEFT transfer BANK DUPLICATE_POSTING,,RECEIPT,2026-02-28,0.00,22378.36,464081.64,18:37:53,2026-02-28
Demo Company Pvt Ltd,1234567890,Demo Bank Ltd,INR,Coimbatore,DEMOINCCXXX,IN00DEMO1234567890,ACTIVE,CURRENT,463541.56,2026-02-12,463541.56,2026-02-12,463541.56,2026-02-13 19:05:22,463541.56,2026-02-13 19:05:22,BNK-FED4EED9A868,GL-B694F25A3735 Vendor payout,CUST-A447C604,CHARGEBACK,2026-02-28,0.00,540.08,463541.56,19:05:22,2026-02-28
Demo Company Pvt Ltd,1234567890,Demo Bank Ltd,INR,Coimbatore,DEMOINCCXXX,IN00DEMO1234567890,ACTIVE,CURRENT,458908.60,2026-02-12,458908.60,2026-02-12,458908.60,2026-02-13 19:44:31,458908.60,2026-02-13 19:44:31,BNK-78DB117CC98B,GL-5E5C8112A407 Customer collection,CUST-2C7B36DE,RECEIPT,2026-02-28,0.00,4632.96,458908.60,19:44:31,2026-02-28
Demo Company Pvt Ltd,1234567890,Demo Bank Ltd,INR,Coimbatore,DEMOINCCXXX,IN00DEMO1234567890,ACTIVE,CURRENT,478124.22,2026-02-12,478124.22,2026-02-12,478124.22,2026-02-13 20:28:13,478124.22,2026-02-13 20:28:13,BNK-232B44C36984,GL-AF9176284455 Vendor payout BANK,CUST-1D0CC4EE,TRANSFER,2026-02-28,19215.62,0.00,478124.22,20:28:13,2026-02-28
Demo Company Pvt Ltd,1234567890,Demo Bank Ltd,INR,Coimbatore,DEMOINCCXXX,IN00DEMO1234567890,ACTIVE,CURRENT,490032.26,2026-02-12,490032.26,2026-02-12,490032.26,2026-02-13 21:21:39,490032.26,2026-02-13 21:21:39,BNK-7E24AE40F28E,GL-96BF27342629 Vendor payout BANK,CUST-7B37D1FD,TRANSFER,2026-02-28,11908.04,0.00,490032.26,21:21:39,2026-02-28
Demo Company Pvt Ltd,1234567890,Demo Bank Ltd,INR,Coimbatore,DEMOINCCXXX,IN00DEMO1234567890,ACTIVE,CURRENT,484847.02,2026-02-12,484847.02,2026-02-12,484847.02,2026-02-13 21:50:48,484847.02,2026-02-13 21:50:48,BNK-07659FD08622,GL-58A022ECCEE4 Customer collection BANK,CUST-FE635C0E,CHARGEBACK,2026-02-28,0.00,5185.24,484847.02,21:50:48,2026-02-28
Demo Company Pvt Ltd,1234567890,Demo Bank Ltd,INR,Coimbatore,DEMOINCCXXX,IN00DEMO1234567890,ACTIVE,CURRENT,506218.34,2026-02-12,506218.34,2026-02-12,506218.34,2026-02-13 22:41:58,506218.34,2026-02-13 22:41:58,BNK-B69E2B722F7C,GL-998D6970ECA8 Vendor payout AMOUNT_TYPO,CUST-F86A5624,RECEIPT,2026-02-28,21371.32,0.00,506218.34,22:41:58,2026-02-28
Demo Company Pvt Ltd,1234567890,Demo Bank Ltd,INR,Coimbatore,DEMOINCCXXX,IN00DEMO1234567890,ACTIVE,CURRENT,502010.11,2026-02-12,502010.11,2026-02-12,502010.11,2026-02-13 23:03:48,502010.11,2026-02-13 23:03:48,BNK-F676D395CE56,GL-648651E20552 NEFT transfer,CUST-28BAD14E,TRANSFER,2026-02-28,0.00,4208.23,502010.11,23:03:48,2026-02-28
Demo Company Pvt Ltd,1234567890,Demo Bank Ltd,INR,Coimbatore,DEMOINCCXXX,IN00DEMO1234567890,ACTIVE,CURRENT,474963.05,2026-02-12,474963.05,2026-02-12,474963.05,2026-02-13 23:38:57,474963.05,2026-02-13 23:38:57,BNK-D8CE62DD9470,GL-8C443AFDFFF2 UPI transfer,CUST-F3117B19,TRANSFER,2026-02-28,0.00,27047.06,474963.05,23:38:57,2026-02-28
Demo Company Pvt Ltd,1234567890,Demo Bank Ltd,INR,Coimbatore,DEMOINCCXXX,IN00DEMO1234567890,ACTIVE,CURRENT,482179.67,2026-02-13,482179.67,2026-02-13,482179.67,2026-02-14 00:12:36,482179.67,2026-02-14 00:12:36,BNK-0969A1346727,GL-F2EDD1F3A66F Customer collection BANK,CUST-6272CE3C,TRANSFER,2026-02-28,7216.62,0.00,482179.67,00:12:36,2026-02-28
Demo Company Pvt Ltd,1234567890,Demo Bank Ltd,INR,Coimbatore,DEMOINCCXXX,IN00DEMO1234567890,ACTIVE,CURRENT,496143.65,2026-02-13,496143.65,2026-02-13,496143.65,2026-02-14 00:41:17,496143.65,2026-02-14 00:41:17,BNK-C72543F5502E,GL-2C6179E04BCB Customer collection BANK,,PAYMENT,2026-02-28,13963.98,0.00,496143.65,00:41:17,2026-02-28
Demo Company Pvt Ltd,1234567890,Demo Bank Ltd,INR,Coimbatore,DEMOINCCXXX,IN00DEMO1234567890,ACTIVE,CURRENT,513555.90,2026-02-13,513555.90,2026-02-13,513555.90,2026-02-14 01:11:38,513555.90,2026-02-14 01:11:38,BNK-34F85F80CE93,GL-4D9B232B069B Vendor payout,,CHARGEBACK,2026-02-28,17412.25,0.00,513555.90,01:11:38,2026-02-28
Demo Company Pvt Ltd,1234567890,Demo Bank Ltd,INR,Coimbatore,DEMOINCCXXX,IN00DEMO1234567890,ACTIVE,CURRENT,530641.01,2026-02-13,530641.01,2026-02-13,530641.01,2026-02-14 01:28:19,530641.01,2026-02-14 01:28:19,BNK-855D4528BDB3,GL-D42825ECAFE9 Vendor payout,CUST-40A75193,CHARGEBACK,2026-02-28,17085.11,0.00,530641.01,01:28:19,2026-02-28
Demo Company Pvt Ltd,1234567890,Demo Bank Ltd,INR,Coimbatore,DEMOINCCXXX,IN00DEMO1234567890,ACTIVE,CURRENT,545015.01,2026-02-13,545015.01,2026-02-13,545015.01,2026-02-14 02:14:27,545015.01,2026-02-14 02:14:27,BNK-E44FDA359DA9,GL-FFEDA41DA726 NEFT transfer BANK,CUST-7A00E208,CHARGEBACK,2026-02-28,14374.00,0.00,545015.01,02:14:27,2026-02-28
Demo Company Pvt Ltd,1234567890,Demo Bank Ltd,INR,Coimbatore,DEMOINCCXXX,IN00DEMO1234567890,ACTIVE,CURRENT,541559.24,2026-02-13,541559.24,2026-02-13,541559.24,2026-02-14 02:46:34,541559.24,2026-02-14 02:46:34,BNK-FB46BFA05D7B,GL-7E549052E81B Invoice settlement,CUST-31C7D0E8,TRANSFER,2026-02-28,0.00,3455.77,541559.24,02:46:34,2026-02-28
Demo Company Pvt Ltd,1234567890,Demo Bank Ltd,INR,Coimbatore,DEMOINCCXXX,IN00DEMO1234567890,ACTIVE,CURRENT,562983.30,2026-02-13,562983.30,2026-02-13,562983.30,2026-02-14 03:14:40,562983.30,2026-02-14 03:14:40,BNK-61525BAE182D,GL-008AC35A6E76 NEFT transfer BANK,CUST-825CDC07,PAYMENT,2026-02-28,21424.06,0.00,562983.30,03:14:40,2026-02-28
Demo Company Pvt Ltd,1234567890,Demo Bank Ltd,INR,Coimbatore,DEMOINCCXXX,IN00DEMO1234567890,ACTIVE,CURRENT,562929.11,2026-02-13,562929.11,2026-02-13,562929.11,2026-02-14 03:54:26,562929.11,2026-02-14 03:54:26,BNK-12BCCD72AA5C,Card Network Charge,,BANK_ONLY,2026-02-28,0.00,54.19,562929.11,03:54:26,2026-02-28
Demo Company Pvt Ltd,1234567890,Demo Bank Ltd,INR,Coimbatore,DEMOINCCXXX,IN00DEMO1234567890,ACTIVE,CURRENT,562702.32,2026-02-13,562702.32,2026-02-13,562702.32,2026-02-14 04:42:47,562702.32,2026-02-14 04:42:47,BNK-4A8C4299D489,Overdraft Charge,,BANK_ONLY,2026-02-28,0.00,226.79,562702.32,04:42:47,2026-02-28
Demo Company Pvt Ltd,1234567890,Demo Bank Ltd,INR,Coimbatore,DEMOINCCXXX,IN00DEMO1234567890,ACTIVE,CURRENT,562464.29,2026-02-13,562464.29,2026-02-13,562464.29,2026-02-14 05:10:29,562464.29,2026-02-14 05:10:29,BNK-4288F3BB960C,Overdraft Charge,,BANK_ONLY,2026-02-28,0.00,238.03,562464.29,05:10:29,2026-02-28
Demo Company Pvt Ltd,1234567890,Demo Bank Ltd,INR,Coimbatore,DEMOINCCXXX,IN00DEMO1234567890,ACTIVE,CURRENT,562287.48,2026-02-13,562287.48,2026-02-13,562287.48,2026-02-14 05:42:37,562287.48,2026-02-14 05:42:37,BNK-118ACFA772D2,Card Network Charge,,BANK_ONLY,2026-02-28,0.00,176.81,562287.48,05:42:37,2026-02-28
Demo Company Pvt Ltd,1234567890,Demo Bank Ltd,INR,Coimbatore,DEMOINCCXXX,IN00DEMO1234567890,ACTIVE,CURRENT,562010.26,2026-02-13,562010.26,2026-02-13,562010.26,2026-02-14 06:30:40,562010.26,2026-02-14 06:30:40,BNK-C493AF59A190,Overdraft Charge,,BANK_ONLY,2026-02-28,0.00,277.22,562010.26,06:30:40,2026-02-28
Demo Company Pvt Ltd,1234567890,Demo Bank Ltd,INR,Coimbatore,DEMOINCCXXX,IN00DEMO1234567890,ACTIVE,CURRENT,561901.77,2026-02-13,561901.77,2026-02-13,561901.77,2026-02-14 07:04:41,561901.77,2026-02-14 07:04:41,BNK-DDEAD15D6918,Overdraft Charge,,BANK_ONLY,2026-02-28,0.00,108.49,561901.77,07:04:41,2026-02-28
Demo Company Pvt Ltd,1234567890,Demo Bank Ltd,INR,Coimbatore,DEMOINCCXXX,IN00DEMO1234567890,ACTIVE,CURRENT,562200.41,2026-02-13,562200.41,2026-02-13,562200.41,2026-02-14 07:57:42,562200.41,2026-02-14 07:57:42,,Sweep Interest REFERENCE_DROP,,BANK_ONLY,2026-02-28,298.64,0.00,562200.41,07:57:42,2026-02-28
Demo Company Pvt Ltd,1234567890,Demo Bank Ltd,INR,Coimbatore,DEMOINCCXXX,IN00DEMO1234567890,ACTIVE,CURRENT,561963.82,2026-02-13,561963.82,2026-02-13,561963.82,2026-02-14 08:21:19,561963.82,2026-02-14 08:21:19,,Monthly Account Fee REFERENCE_DROP,,BANK_ONLY,2026-02-28,0.00,236.59,561963.82,08:21:19,2026-02-28
Demo Company Pvt Ltd,1234567890,Demo Bank Ltd,INR,Coimbatore,DEMOINCCXXX,IN00DEMO1234567890,ACTIVE,CURRENT,561724.71,2026-02-13,561724.71,2026-02-13,561724.71,2026-02-14 08:41:38,561724.71,2026-02-14 08:41:38,BNK-0882F5BA3068,Monthly Account Fee AMOUNT_TYPO,,BANK_ONLY,2026-02-28,0.00,239.11,561724.71,08:41:38,2026-02-28
Demo Company Pvt Ltd,1234567890,Demo Bank Ltd,INR,Coimbatore,DEMOINCCXXX,IN00DEMO1234567890,ACTIVE,CURRENT,567012.29,2026-02-13,567012.29,2026-02-13,567012.29,2026-02-14 09:32:52,567012.29,2026-02-14 09:32:52,BNK-C2F126AD3C14,GL-18F4E943F4D4 UPI transfer BANK,CUST-F7EE8EB1,RECEIPT,2026-02-28,5287.58,0.00,567012.29,09:32:52,2026-02-28
Demo Company Pvt Ltd,1234567890,Demo Bank Ltd,INR,Coimbatore,DEMOINCCXXX,IN00DEMO1234567890,ACTIVE,CURRENT,590218.66,2026-02-13,590218.66,2026-02-13,590218.66,2026-02-14 09:51:33,590218.66,2026-02-14 09:51:33,BNK-4BD274119986,GL-057356B22CF1 NEFT transfer BANK,CUST-5FEC95F3,TRANSFER,2026-02-28,23206.37,0.00,590218.66,09:51:33,2026-02-28
Demo Company Pvt Ltd,1234567890,Demo Bank Ltd,INR,Coimbatore,DEMOINCCXXX,IN00DEMO1234567890,ACTIVE,CURRENT,582597.78,2026-02-13,582597.78,2026-02-13,582597.78,2026-02-14 10:51:05,582597.78,2026-02-14 10:51:05,BNK-FB07F320D3D6,GL-0B7BC8713557 NEFT transfer BANK,,RECEIPT,2026-02-28,0.00,7620.88,582597.78,10:51:05,2026-02-28
Demo Company Pvt Ltd,1234567890,Demo Bank Ltd,INR,Coimbatore,DEMOINCCXXX,IN00DEMO1234567890,ACTIVE,CURRENT,589924.98,2026-02-13,589924.98,2026-02-13,589924.98,2026-02-14 11:42:10,589924.98,2026-02-14 11:42:10,BNK-3CB5D67A5D00,GL-C233ECAB4D64 NEFT transfer BANK,CUST-81B11E60,TRANSFER,2026-02-28,7327.20,0.00,589924.98,11:42:10,2026-02-28
Demo Company Pvt Ltd,1234567890,Demo Bank Ltd,INR,Coimbatore,DEMOINCCXXX,IN00DEMO1234567890,ACTIVE,CURRENT,562875.89,2026-02-13,562875.89,2026-02-13,562875.89,2026-02-14 12:35:53,562875.89,2026-02-14 12:35:53,BNK-312A1B471CA7,GL-1AEA76356E6E Customer collection BANK,,RECEIPT,2026-02-28,0.00,27049.09,562875.89,12:35:53,2026-02-28
Demo Company Pvt Ltd,1234567890,Demo Bank Ltd,INR,Coimbatore,DEMOINCCXXX,IN00DEMO1234567890,ACTIVE,CURRENT,562331.55,2026-02-13,562331.55,2026-02-13,562331.55,2026-02-14 12:51:14,562331.55,2026-02-14 12:51:14,BNK-1A90FB70CEB2,GL-DA615027B356 Customer collection BANK,CUST-906A1B28,RECEIPT,2026-02-28,0.00,544.34,562331.55,12:51:14,2026-02-28
Demo Company Pvt Ltd,1234567890,Demo Bank Ltd,INR,Coimbatore,DEMOINCCXXX,IN00DEMO1234567890,ACTIVE,CURRENT,551639.98,2026-02-13,551639.98,2026-02-13,551639.98,2026-02-14 13:26:59,551639.98,2026-02-14 13:26:59,BNK-8B0205B17A65,GL-4C4D3F4FDEB6 Invoice settlement BANK,CUST-B49960C3,TRANSFER,2026-02-28,0.00,10691.57,551639.98,13:26:59,2026-02-28
Demo Company Pvt Ltd,1234567890,Demo Bank Ltd,INR,Coimbatore,DEMOINCCXXX,IN00DEMO1234567890,ACTIVE,CURRENT,555761.63,2026-02-13,555761.63,2026-02-13,555761.63,2026-02-14 14:19:59,555761.63,2026-02-14 14:19:59,BNK-A8DC0E57F6A7,GL-C3D3904B2A18 UPI transfer BANK,CUST-8840D359,PAYMENT,2026-02-28,4121.65,0.00,555761.63,14:19:59,2026-02-28
Demo Company Pvt Ltd,1234567890,Demo Bank Ltd,INR,Coimbatore,DEMOINCCXXX,IN00DEMO1234567890,ACTIVE,CURRENT,530085.08,2026-02-13,530085.08,2026-02-13,530085.08,2026-02-14 14:40:49,530085.08,2026-02-14 14:40:49,BNK-39058CE7BA8E,GL-0E10DEC8C35D NEFT transfer BANK,CUST-50CA300E,PAYMENT,2026-02-28,0.00,25676.55,530085.08,14:40:49,2026-02-28
Demo Company Pvt Ltd,1234567890,Demo Bank Ltd,INR,Coimbatore,DEMOINCCXXX,IN00DEMO1234567890,ACTIVE,CURRENT,540822.53,2026-02-13,540822.53,2026-02-13,540822.53,2026-02-14 15:29:59,540822.53,2026-02-14 15:29:59,BNK-2B22462EB4EE,GL-9A094FA9CD36 NEFT transfer BANK DATE_POSTING_ERROR,,RECEIPT,2026-02-28,10737.45,0.00,540822.53,15:29:59,2026-02-28
Demo Company Pvt Ltd,1234567890,Demo Bank Ltd,INR,Coimbatore,DEMOINCCXXX,IN00DEMO1234567890,ACTIVE,CURRENT,557445.26,2026-02-13,557445.26,2026-02-13,557445.26,2026-02-14 15:48:16,557445.26,2026-02-14 15:48:16,BNK-97FD74E1B114,GL-E4F579AD6065 NEFT transfer,CUST-D7767FC0,PAYMENT,2026-02-28,16622.73,0.00,557445.26,15:48:16,2026-02-28
Demo Company Pvt Ltd,1234567890,Demo Bank Ltd,INR,Coimbatore,DEMOINCCXXX,IN00DEMO1234567890,ACTIVE,CURRENT,574067.99,2026-02-13,574067.99,2026-02-13,574067.99,2026-02-14 16:46:10,574067.99,2026-02-14 16:46:10,BNK-97FD74E1B114-DUP,GL-E4F579AD6065 NEFT transfer DUPLICATE_POSTING,CUST-D7767FC0,PAYMENT,2026-02-28,16622.73,0.00,574067.99,16:46:10,2026-02-28
Demo Company Pvt Ltd,1234567890,Demo Bank Ltd,INR,Coimbatore,DEMOINCCXXX,IN00DEMO1234567890,ACTIVE,CURRENT,577648.98,2026-02-13,577648.98,2026-02-13,577648.98,2026-02-14 17:18:58,577648.98,2026-02-14 17:18:58,BNK-CCBDCF72658B,GL-788A34F1BBE0 UPI transfer,CUST-D81A992F,PAYMENT,2026-02-28,3580.99,0.00,577648.98,17:18:58,2026-02-28
Demo Company Pvt Ltd,1234567890,Demo Bank Ltd,INR,Coimbatore,DEMOINCCXXX,IN00DEMO1234567890,ACTIVE,CURRENT,557858.06,2026-02-13,557858.06,2026-02-13,557858.06,2026-02-14 17:55:56,557858.06,2026-02-14 17:55:56,BNK-962DFACFDC27,GL-E36A2EDA3214 Vendor payout BANK,CUST-DA34CC20,CHARGEBACK,2026-02-28,0.00,19790.92,557858.06,17:55:56,2026-02-28
Demo Company Pvt Ltd,1234567890,Demo Bank Ltd,INR,Coimbatore,DEMOINCCXXX,IN00DEMO1234567890,ACTIVE,CURRENT,540777.34,2026-02-13,540777.34,2026-02-13,540777.34,2026-02-14 18:50:04,540777.34,2026-02-14 18:50:04,BNK-3DED93BA6E7C,GL-74A6068D85A9 Vendor payout BANK,,CHARGEBACK,2026-02-28,0.00,17080.72,540777.34,18:50:04,2026-02-28
Demo Company Pvt Ltd,1234567890,Demo Bank Ltd,INR,Coimbatore,DEMOINCCXXX,IN00DEMO1234567890,ACTIVE,CURRENT,551232.64,2026-02-13,551232.64,2026-02-13,551232.64,2026-02-14 19:24:11,551232.64,2026-02-14 19:24:11,BNK-3497E55BDC7B,GL-62B64C495EA8 UPI transfer BANK,CUST-67E5C167,RECEIPT,2026-02-28,10455.30,0.00,551232.64,19:24:11,2026-02-28
Demo Company Pvt Ltd,1234567890,Demo Bank Ltd,INR,Coimbatore,DEMOINCCXXX,IN00DEMO1234567890,ACTIVE,CURRENT,530113.66,2026-02-13,530113.66,2026-02-13,530113.66,2026-02-14 20:00:58,530113.66,2026-02-14 20:00:58,BNK-6B98930BFD54,GL-0D611A67D1EA NEFT transfer BANK,CUST-77B3B136,RECEIPT,2026-02-28,0.00,21118.98,530113.66,20:00:58,2026-02-28
Demo Company Pvt Ltd,1234567890,Demo Bank Ltd,INR,Coimbatore,DEMOINCCXXX,IN00DEMO1234567890,ACTIVE,CURRENT,523285.24,2026-02-13,523285.24,2026-02-13,523285.24,2026-02-14 20:51:49,523285.24,2026-02-14 20:51:49,BNK-DFC55B74158A,GL-6FE4959E263E Customer collection,CUST-A6A82FC3,RECEIPT,2026-02-28,0.00,6828.42,523285.24,20:51:49,2026-02-28
Demo Company Pvt Ltd,1234567890,Demo Bank Ltd,INR,Coimbatore,DEMOINCCXXX,IN00DEMO1234567890,ACTIVE,CURRENT,543763.40,2026-02-13,543763.40,2026-02-13,543763.40,2026-02-14 21:46:17,543763.40,2026-02-14 21:46:17,BNK-B898BF5BD535,GL-74F478DCB17F Vendor payout BANK,,RECEIPT,2026-02-28,20478.16,0.00,543763.40,21:46:17,2026-02-28
Demo Company Pvt Ltd,1234567890,Demo Bank Ltd,INR,Coimbatore,DEMOINCCXXX,IN00DEMO1234567890,ACTIVE,CURRENT,521700.43,2026-02-13,521700.43,2026-02-13,521700.43,2026-02-14 22:29:12,521700.43,2026-02-14 22:29:12,BNK-2C053230B771,GL-B41EB1A074DF Vendor payout,CUST-59B99177,TRANSFER,2026-02-28,0.00,22062.97,521700.43,22:29:12,2026-02-28
Demo Company Pvt Ltd,1234567890,Demo Bank Ltd,INR,Coimbatore,DEMOINCCXXX,IN00DEMO1234567890,ACTIVE,CURRENT,539673.82,2026-02-13,539673.82,2026-02-13,539673.82,2026-02-14 22:50:22,539673.82,2026-02-14 22:50:22,BNK-B06AD8E90300,GL-7CA06D00E427 Vendor payout,CUST-D6F07151,CHARGEBACK,2026-02-28,17973.39,0.00,539673.82,22:50:22,2026-02-28
Demo Company Pvt Ltd,1234567890,Demo Bank Ltd,INR,Coimbatore,DEMOINCCXXX,IN00DEMO1234567890,ACTIVE,CURRENT,547215.66,2026-02-13,547215.66,2026-02-13,547215.66,2026-02-14 23:47:02,547215.66,2026-02-14 23:47:02,BNK-7E36A0B70DB8,GL-7BD8977E47AF NEFT transfer BANK,,TRANSFER,2026-02-28,7541.84,0.00,547215.66,23:47:02,2026-02-28
Demo Company Pvt Ltd,1234567890,Demo Bank Ltd,INR,Coimbatore,DEMOINCCXXX,IN00DEMO1234567890,ACTIVE,CURRENT,569187.65,2026-02-14,569187.65,2026-02-14,569187.65,2026-02-15 00:17:18,569187.65,2026-02-15 00:17:18,BNK-00D7E7B02E7C,GL-AE0021F31105 Customer collection BANK,CUST-FCBBD0E9,PAYMENT,2026-02-28,21971.99,0.00,569187.65,00:17:18,2026-02-28
Demo Company Pvt Ltd,1234567890,Demo Bank Ltd,INR,Coimbatore,DEMOINCCXXX,IN00DEMO1234567890,ACTIVE,CURRENT,590892.65,2026-02-14,590892.65,2026-02-14,590892.65,2026-02-15 00:51:54,590892.65,2026-02-15 00:51:54,BNK-6EF87F5ACD59,GL-70291B410D54 Vendor payout BANK,,RECEIPT,2026-02-28,21705.00,0.00,590892.65,00:51:54,2026-02-28
Demo Company Pvt Ltd,1234567890,Demo Bank Ltd,INR,Coimbatore,DEMOINCCXXX,IN00DEMO1234567890,ACTIVE,CURRENT,615243.03,2026-02-14,615243.03,2026-02-14,615243.03,2026-02-15 01:38:32,615243.03,2026-02-15 01:38:32,BNK-856A9D1A52CC,GL-DA626375ED05 Vendor payout,CUST-CC0401C9,PAYMENT,2026-02-28,24350.38,0.00,615243.03,01:38:32,2026-02-28
Demo Company Pvt Ltd,1234567890,Demo Bank Ltd,INR,Coimbatore,DEMOINCCXXX,IN00DEMO1234567890,ACTIVE,CURRENT,602082.73,2026-02-14,602082.73,2026-02-14,602082.73,2026-02-15 02:34:10,602082.73,2026-02-15 02:34:10,BNK-208071DA4FB8,GL-6E819F467743 NEFT transfer,CUST-5850F215,TRANSFER,2026-02-28,0.00,13160.30,602082.73,02:34:10,2026-02-28
Demo Company Pvt Ltd,1234567890,Demo Bank Ltd,INR,Coimbatore,DEMOINCCXXX,IN00DEMO1234567890,ACTIVE,CURRENT,588922.43,2026-02-14,588922.43,2026-02-14,588922.43,2026-02-15 03:19:28,588922.43,2026-02-15 03:19:28,BNK-208071DA4FB8-DUP,GL-6E819F467743 NEFT transfer DUPLICATE_POSTING,CUST-5850F215,TRANSFER,2026-02-28,0.00,13160.30,588922.43,03:19:28,2026-02-28
Demo Company Pvt Ltd,1234567890,Demo Bank Ltd,INR,Coimbatore,DEMOINCCXXX,IN00DEMO1234567890,ACTIVE,CURRENT,565867.07,2026-02-14,565867.07,2026-02-14,565867.07,2026-02-15 03:40:29,565867.07,2026-02-15 03:40:29,BNK-E12E1F395742,GL-6F179AF450D0 Customer collection BANK POLARITY_REVERSAL,CUST-ED115668,CHARGEBACK,2026-02-28,0.00,23055.36,565867.07,03:40:29,2026-02-28
Demo Company Pvt Ltd,1234567890,Demo Bank Ltd,INR,Coimbatore,DEMOINCCXXX,IN00DEMO1234567890,ACTIVE,CURRENT,580801.16,2026-02-14,580801.16,2026-02-14,580801.16,2026-02-15 04:19:37,580801.16,2026-02-15 04:19:37,BNK-E586244CFF22,GL-CE7CE6BEA29A UPI transfer,CUST-6D245317,TRANSFER,2026-02-28,14934.09,0.00,580801.16,04:19:37,2026-02-28
Demo Company Pvt Ltd,1234567890,Demo Bank Ltd,INR,Coimbatore,DEMOINCCXXX,IN00DEMO1234567890,ACTIVE,CURRENT,568258.39,2026-02-14,568258.39,2026-02-14,568258.39,2026-02-15 05:16:25,568258.39,2026-02-15 05:16:25,BNK-7843892A7407,GL-961B244ED657 Vendor payout BANK,CUST-2CC0D2DB,RECEIPT,2026-02-28,0.00,12542.77,568258.39,05:16:25,2026-02-28
Demo Company Pvt Ltd,1234567890,Demo Bank Ltd,INR,Coimbatore,DEMOINCCXXX,IN00DEMO1234567890,ACTIVE,CURRENT,583698.60,2026-02-14,583698.60,2026-02-14,583698.60,2026-02-15 05:41:25,583698.60,2026-02-15 05:41:25,BNK-936F88DECFC7,GL-E58D58956FF8 Vendor payout BANK,CUST-0CAECDA0,CHARGEBACK,2026-02-28,15440.21,0.00,583698.60,05:41:25,2026-02-28
Demo Company Pvt Ltd,1234567890,Demo Bank Ltd,INR,Coimbatore,DEMOINCCXXX,IN00DEMO1234567890,ACTIVE,CURRENT,583873.87,2026-02-14,583873.87,2026-02-14,583873.87,2026-02-15 06:20:31,583873.87,2026-02-15 06:20:31,BNK-2F2ED3907A1B,GL-01C6D5921F9A Invoice settlement BANK,CUST-8DB96081,CHARGEBACK,2026-02-28,175.27,0.00,583873.87,06:20:31,2026-02-28
Demo Company Pvt Ltd,1234567890,Demo Bank Ltd,INR,Coimbatore,DEMOINCCXXX,IN00DEMO1234567890,ACTIVE,CURRENT,590374.27,2026-02-14,590374.27,2026-02-14,590374.27,2026-02-15 06:54:25,590374.27,2026-02-15 06:54:25,BNK-695FF24EB23D,GL-DFB2F98C730C Vendor payout BANK,CUST-35BD4BE0,TRANSFER,2026-02-28,6500.40,0.00,590374.27,06:54:25,2026-02-28
Demo Company Pvt Ltd,1234567890,Demo Bank Ltd,INR,Coimbatore,DEMOINCCXXX,IN00DEMO1234567890,ACTIVE,CURRENT,590530.16,2026-02-14,590530.16,2026-02-14,590530.16,2026-02-15 07:47:03,590530.16,2026-02-15 07:47:03,BNK-0EA59A2CBEF2,GL-31D32E8F9178 UPI transfer BANK,CUST-D5FBCF63,CHARGEBACK,2026-02-28,155.89,0.00,590530.16,07:47:03,2026-02-28
Demo Company Pvt Ltd,1234567890,Demo Bank Ltd,INR,Coimbatore,DEMOINCCXXX,IN00DEMO1234567890,ACTIVE,CURRENT,586714.64,2026-02-14,586714.64,2026-02-14,586714.64,2026-02-15 08:15:32,586714.64,2026-02-15 08:15:32,BNK-18A9CAEEB6B8,GL-BEF94D558DDC Vendor payout BANK,CUST-ED8A7330,TRANSFER,2026-02-28,0.00,3815.52,586714.64,08:15:32,2026-02-28
Demo Company Pvt Ltd,1234567890,Demo Bank Ltd,INR,Coimbatore,DEMOINCCXXX,IN00DEMO1234567890,ACTIVE,CURRENT,604531.81,2026-02-14,604531.81,2026-02-14,604531.81,2026-02-15 09:11:11,604531.81,2026-02-15 09:11:11,BNK-47A9150B919F,GL-246CA81C3D35 NEFT transfer,CUST-92E9CDC7,PAYMENT,2026-02-28,17817.17,0.00,604531.81,09:11:11,2026-02-28
Demo Company Pvt Ltd,1234567890,Demo Bank Ltd,INR,Coimbatore,DEMOINCCXXX,IN00DEMO1234567890,ACTIVE,CURRENT,583854.37,2026-02-14,583854.37,2026-02-14,583854.37,2026-02-15 10:08:41,583854.37,2026-02-15 10:08:41,BNK-AC5CE84E0442,GL-F7ED9186639D Invoice settlement,CUST-1BE81520,CHARGEBACK,2026-02-28,0.00,20677.44,583854.37,10:08:41,2026-02-28
Demo Company Pvt Ltd,1234567890,Demo Bank Ltd,INR,Coimbatore,DEMOINCCXXX,IN00DEMO1234567890,ACTIVE,CURRENT,610348.96,2026-02-14,610348.96,2026-02-14,610348.96,2026-02-15 10:59:15,610348.96,2026-02-15 10:59:15,BNK-C3CD3B70CAD8,GL-6F0519794FF5 Invoice settlement,,TRANSFER,2026-02-28,26494.59,0.00,610348.96,10:59:15,2026-02-28
Demo Company Pvt Ltd,1234567890,Demo Bank Ltd,INR,Coimbatore,DEMOINCCXXX,IN00DEMO1234567890,ACTIVE,CURRENT,601078.89,2026-02-14,601078.89,2026-02-14,601078.89,2026-02-15 11:21:19,601078.89,2026-02-15 11:21:19,BNK-903A3F3805DD,GL-D550EADC65B6 NEFT transfer BANK,CUST-A9D63AD7,TRANSFER,2026-02-28,0.00,9270.07,601078.89,11:21:19,2026-02-28
Demo Company Pvt Ltd,1234567890,Demo Bank Ltd,INR,Coimbatore,DEMOINCCXXX,IN00DEMO1234567890,ACTIVE,CURRENT,576256.72,2026-02-14,576256.72,2026-02-14,576256.72,2026-02-15 12:21:08,576256.72,2026-02-15 12:21:08,BNK-A7F23D0D7C9B,GL-7C72D2BDD247 Customer collection,CUST-691DD291,TRANSFER,2026-02-28,0.00,24822.17,576256.72,12:21:08,2026-02-28
Demo Company Pvt Ltd,1234567890,Demo Bank Ltd,INR,Coimbatore,DEMOINCCXXX,IN00DEMO1234567890,ACTIVE,CURRENT,600455.48,2026-02-14,600455.48,2026-02-14,600455.48,2026-02-15 13:09:10,600455.48,2026-02-15 13:09:10,BNK-1F27EDCD0845,GL-6724D92A5A21 UPI transfer,CUST-6B9D36CA,CHARGEBACK,2026-02-28,24198.76,0.00,600455.48,13:09:10,2026-02-28
Demo Company Pvt Ltd,1234567890,Demo Bank Ltd,INR,Coimbatore,DEMOINCCXXX,IN00DEMO1234567890,ACTIVE,CURRENT,586740.10,2026-02-14,586740.10,2026-02-14,586740.10,2026-02-15 13:52:25,586740.10,2026-02-15 13:52:25,BNK-F1061FB032DE,GL-30DA218689AC Invoice settlement BANK,CUST-695630AC,TRANSFER,2026-02-28,0.00,13715.38,586740.10,13:52:25,2026-02-28
Demo Company Pvt Ltd,1234567890,Demo Bank Ltd,INR,Coimbatore,DEMOINCCXXX,IN00DEMO1234567890,ACTIVE,CURRENT,613096.75,2026-02-14,613096.75,2026-02-14,613096.75,2026-02-15 14:27:53,613096.75,2026-02-15 14:27:53,BNK-8D293A99C49E,GL-2CC4E6AF3016 Vendor payout BANK,CUST-19AFD5EF,PAYMENT,2026-02-28,26356.65,0.00,613096.75,14:27:53,2026-02-28
Demo Company Pvt Ltd,1234567890,Demo Bank Ltd,INR,Coimbatore,DEMOINCCXXX,IN00DEMO1234567890,ACTIVE,CURRENT,614483.37,2026-02-14,614483.37,2026-02-14,614483.37,2026-02-15 14:43:47,614483.37,2026-02-15 14:43:47,BNK-51A2EFC06CA8,GL-A4172E5E5C87 Invoice settlement BANK,CUST-402F253A,CHARGEBACK,2026-02-28,1386.62,0.00,614483.37,14:43:47,2026-02-28
Demo Company Pvt Ltd,1234567890,Demo Bank Ltd,INR,Coimbatore,DEMOINCCXXX,IN00DEMO1234567890,ACTIVE,CURRENT,590600.12,2026-02-14,590600.12,2026-02-14,590600.12,2026-02-15 15:37:30,590600.12,2026-02-15 15:37:30,BNK-91813555C9F0,GL-A33C7607E506 UPI transfer,,CHARGEBACK,2026-02-28,0.00,23883.25,590600.12,15:37:30,2026-02-28
Demo Company Pvt Ltd,1234567890,Demo Bank Ltd,INR,Coimbatore,DEMOINCCXXX,IN00DEMO1234567890,ACTIVE,CURRENT,564075.88,2026-02-14,564075.88,2026-02-14,564075.88,2026-02-15 15:54:28,564075.88,2026-02-15 15:54:28,BNK-71A45569CC10,GL-DB1830C10C46 Invoice settlement BANK,CUST-0B50F7F1,RECEIPT,2026-02-28,0.00,26524.24,564075.88,15:54:28,2026-02-28
Demo Company Pvt Ltd,1234567890,Demo Bank Ltd,INR,Coimbatore,DEMOINCCXXX,IN00DEMO1234567890,ACTIVE,CURRENT,564600.41,2026-02-14,564600.41,2026-02-14,564600.41,2026-02-15 16:52:03,564600.41,2026-02-15 16:52:03,BNK-B74F6068057C,GL-C62D7D022F35 Invoice settlement BANK,CUST-0C81C061,CHARGEBACK,2026-02-28,524.53,0.00,564600.41,16:52:03,2026-02-28
Demo Company Pvt Ltd,1234567890,Demo Bank Ltd,INR,Coimbatore,DEMOINCCXXX,IN00DEMO1234567890,ACTIVE,CURRENT,569261.57,2026-02-14,569261.57,2026-02-14,569261.57,2026-02-15 17:10:34,569261.57,2026-02-15 17:10:34,BNK-F91BB73CCF6D,GL-E726CE5A8FA0 Invoice settlement,CUST-E1DA0ED0,TRANSFER,2026-02-28,4661.16,0.00,569261.57,17:10:34,2026-02-28
Demo Company Pvt Ltd,1234567890,Demo Bank Ltd,INR,Coimbatore,DEMOINCCXXX,IN00DEMO1234567890,ACTIVE,CURRENT,558585.22,2026-02-14,558585.22,2026-02-14,558585.22,2026-02-15 17:48:12,558585.22,2026-02-15 17:48:12,BNK-34DC2E56BAC3,GL-D0EF8B0E282E Vendor payout BANK,CUST-FFEE7BA8,CHARGEBACK,2026-02-28,0.00,10676.35,558585.22,17:48:12,2026-02-28
Demo Company Pvt Ltd,1234567890,Demo Bank Ltd,INR,Coimbatore,DEMOINCCXXX,IN00DEMO1234567890,ACTIVE,CURRENT,563815.33,2026-02-14,563815.33,2026-02-14,563815.33,2026-02-15 18:46:11,563815.33,2026-02-15 18:46:11,BNK-A43790504B03,GL-500EBD5D4B29 NEFT transfer,CUST-B66B10ED,PAYMENT,2026-02-28,5230.11,0.00,563815.33,18:46:11,2026-02-28
Demo Company Pvt Ltd,1234567890,Demo Bank Ltd,INR,Coimbatore,DEMOINCCXXX,IN00DEMO1234567890,ACTIVE,CURRENT,549455.28,2026-02-14,549455.28,2026-02-14,549455.28,2026-02-15 19:38:17,549455.28,2026-02-15 19:38:17,BNK-07002706440B,GL-428AA784028E Invoice settlement BANK,CUST-31930812,PAYMENT,2026-02-28,0.00,14360.05,549455.28,19:38:17,2026-02-28
Demo Company Pvt Ltd,1234567890,Demo Bank Ltd,INR,Coimbatore,DEMOINCCXXX,IN00DEMO1234567890,ACTIVE,CURRENT,531900.92,2026-02-14,531900.92,2026-02-14,531900.92,2026-02-15 20:04:24,531900.92,2026-02-15 20:04:24,BNK-A2E2ECBFDE26,GL-92F64631274C Invoice settlement,,RECEIPT,2026-02-28,0.00,17554.36,531900.92,20:04:24,2026-02-28
Demo Company Pvt Ltd,1234567890,Demo Bank Ltd,INR,Coimbatore,DEMOINCCXXX,IN00DEMO1234567890,ACTIVE,CURRENT,530610.13,2026-02-14,530610.13,2026-02-14,530610.13,2026-02-15 20:52:10,530610.13,2026-02-15 20:52:10,BNK-B31F9F5D3685,GL-CA2B9313BAA6 Vendor payout BANK,CUST-DA543907,TRANSFER,2026-02-28,0.00,1290.79,530610.13,20:52:10,2026-02-28
Demo Company Pvt Ltd,1234567890,Demo Bank Ltd,INR,Coimbatore,DEMOINCCXXX,IN00DEMO1234567890,ACTIVE,CURRENT,542990.16,2026-02-14,542990.16,2026-02-14,542990.16,2026-02-15 21:12:39,542990.16,2026-02-15 21:12:39,BNK-5668F1160E69,GL-272935B241D4 Customer collection,CUST-FAEF85F2,PAYMENT,2026-02-28,12380.03,0.00,542990.16,21:12:39,2026-02-28
Demo Company Pvt Ltd,1234567890,Demo Bank Ltd,INR,Coimbatore,DEMOINCCXXX,IN00DEMO1234567890,ACTIVE,CURRENT,525011.22,2026-02-14,525011.22,2026-02-14,525011.22,2026-02-15 22:10:55,525011.22,2026-02-15 22:10:55,BNK-4258126DF4E9,GL-8DA51CDCCDF0 UPI transfer BANK,,RECEIPT,2026-02-28,0.00,17978.94,525011.22,22:10:55,2026-02-28
Demo Company Pvt Ltd,1234567890,Demo Bank Ltd,INR,Coimbatore,DEMOINCCXXX,IN00DEMO1234567890,ACTIVE,CURRENT,529170.85,2026-02-14,529170.85,2026-02-14,529170.85,2026-02-15 23:00:12,529170.85,2026-02-15 23:00:12,BNK-A028A4F506E5,GL-1119299E91D7 NEFT transfer,CUST-1E1B2002,PAYMENT,2026-02-28,4159.63,0.00,529170.85,23:00:12,2026-02-28
Demo Company Pvt Ltd,1234567890,Demo Bank Ltd,INR,Coimbatore,DEMOINCCXXX,IN00DEMO1234567890,ACTIVE,CURRENT,536350.32,2026-02-14,536350.32,2026-02-14,536350.32,2026-02-15 23:57:21,536350.32,2026-02-15 23:57:21,BNK-7D901206033B,GL-A27AAA7152E4 Customer collection,CUST-8853E0E0,CHARGEBACK,2026-02-28,7179.47,0.00,536350.32,23:57:21,2026-02-28
Demo Company Pvt Ltd,1234567890,Demo Bank Ltd,INR,Coimbatore,DEMOINCCXXX,IN00DEMO1234567890,ACTIVE,CURRENT,555944.01,2026-02-15,555944.01,2026-02-15,555944.01,2026-02-16 00:26:15,555944.01,2026-02-16 00:26:15,BNK-254AF2DD4CE2,GL-C62291B731A3 Invoice settlement BANK,,RECEIPT,2026-02-28,19593.69,0.00,555944.01,00:26:15,2026-02-28
Demo Company Pvt Ltd,1234567890,Demo Bank Ltd,INR,Coimbatore,DEMOINCCXXX,IN00DEMO1234567890,ACTIVE,CURRENT,582643.30,2026-02-15,582643.30,2026-02-15,582643.30,2026-02-16 01:25:58,582643.30,2026-02-16 01:25:58,BNK-FCBEEA28CF55,GL-BCD00A751D07 UPI transfer,CUST-63F81CDE,RECEIPT,2026-02-28,26699.29,0.00,582643.30,01:25:58,2026-02-28
Demo Company Pvt Ltd,1234567890,Demo Bank Ltd,INR,Coimbatore,DEMOINCCXXX,IN00DEMO1234567890,ACTIVE,CURRENT,580191.23,2026-02-15,580191.23,2026-02-15,580191.23,2026-02-16 01:47:56,580191.23,2026-02-16 01:47:56,BNK-533E044D2961,GL-F5DE840B854E Invoice settlement BANK,CUST-142CB497,PAYMENT,2026-02-28,0.00,2452.07,580191.23,01:47:56,2026-02-28
Demo Company Pvt Ltd,1234567890,Demo Bank Ltd,INR,Coimbatore,DEMOINCCXXX,IN00DEMO1234567890,ACTIVE,CURRENT,580584.15,2026-02-15,580584.15,2026-02-15,580584.15,2026-02-16 02:24:19,580584.15,2026-02-16 02:24:19,BNK-B6E8D214995F,GL-48D1F7E8078F Invoice settlement BANK,,TRANSFER,2026-02-28,392.92,0.00,580584.15,02:24:19,2026-02-28
Demo Company Pvt Ltd,1234567890,Demo Bank Ltd,INR,Coimbatore,DEMOINCCXXX,IN00DEMO1234567890,ACTIVE,CURRENT,602413.30,2026-02-15,602413.30,2026-02-15,602413.30,2026-02-16 02:58:01,602413.30,2026-02-16 02:58:01,BNK-9CE3657F9767,GL-2685092BD42A Customer collection,CUST-AF734450,PAYMENT,2026-02-28,21829.15,0.00,602413.30,02:58:01,2026-02-28
Demo Company Pvt Ltd,1234567890,Demo Bank Ltd,INR,Coimbatore,DEMOINCCXXX,IN00DEMO1234567890,ACTIVE,CURRENT,580249.33,2026-02-15,580249.33,2026-02-15,580249.33,2026-02-16 03:23:58,580249.33,2026-02-16 03:23:58,BNK-B18BF6B296C1,GL-D8389918BDCA UPI transfer,CUST-EE5BB123,TRANSFER,2026-02-28,0.00,22163.97,580249.33,03:23:58,2026-02-28
Demo Company Pvt Ltd,1234567890,Demo Bank Ltd,INR,Coimbatore,DEMOINCCXXX,IN00DEMO1234567890,ACTIVE,CURRENT,606058.79,2026-02-15,606058.79,2026-02-15,606058.79,2026-02-16 04:19:49,606058.79,2026-02-16 04:19:49,BNK-6E3C9545BCF8,GL-ADF731DE73A4 Vendor payout BANK,CUST-B77155A9,PAYMENT,2026-02-28,25809.46,0.00,606058.79,04:19:49,2026-02-28
Demo Company Pvt Ltd,1234567890,Demo Bank Ltd,INR,Coimbatore,DEMOINCCXXX,IN00DEMO1234567890,ACTIVE,CURRENT,610044.05,2026-02-15,610044.05,2026-02-15,610044.05,2026-02-16 04:46:50,610044.05,2026-02-16 04:46:50,BNK-53A22760B28B,GL-1024D8425797 Customer collection BANK,CUST-3B4FD55F,RECEIPT,2026-02-28,3985.26,0.00,610044.05,04:46:50,2026-02-28
Demo Company Pvt Ltd,1234567890,Demo Bank Ltd,INR,Coimbatore,DEMOINCCXXX,IN00DEMO1234567890,ACTIVE,CURRENT,613209.56,2026-02-15,613209.56,2026-02-15,613209.56,2026-02-16 05:15:05,613209.56,2026-02-16 05:15:05,BNK-89F67FF27008,GL-E3B6E184D66A NEFT transfer,CUST-53299F16,CHARGEBACK,2026-02-28,3165.51,0.00,613209.56,05:15:05,2026-02-28
Demo Company Pvt Ltd,1234567890,Demo Bank Ltd,INR,Coimbatore,DEMOINCCXXX,IN00DEMO1234567890,ACTIVE,CURRENT,627322.51,2026-02-15,627322.51,2026-02-15,627322.51,2026-02-16 05:41:03,627322.51,2026-02-16 05:41:03,BNK-8569C47463BB,GL-7F35D7704445 UPI transfer BANK,,PAYMENT,2026-02-28,14112.95,0.00,627322.51,05:41:03,2026-02-28
Demo Company Pvt Ltd,1234567890,Demo Bank Ltd,INR,Coimbatore,DEMOINCCXXX,IN00DEMO1234567890,ACTIVE,CURRENT,617254.90,2026-02-15,617254.90,2026-02-15,617254.90,2026-02-16 06:08:09,617254.90,2026-02-16 06:08:09,BNK-D7F90B0F94AE,GL-A00619643398 Vendor payout,CUST-ABD2A759,PAYMENT,2026-02-28,0.00,10067.61,617254.90,06:08:09,2026-02-28
Demo Company Pvt Ltd,1234567890,Demo Bank Ltd,INR,Coimbatore,DEMOINCCXXX,IN00DEMO1234567890,ACTIVE,CURRENT,620531.58,2026-02-15,620531.58,2026-02-15,620531.58,2026-02-16 07:03:39,620531.58,2026-02-16 07:03:39,BNK-C9CF39C6FD02,GL-67D478FF8422 Invoice settlement BANK,,CHARGEBACK,2026-02-28,3276.68,0.00,620531.58,07:03:39,2026-02-28
Demo Company Pvt Ltd,1234567890,Demo Bank Ltd,INR,Coimbatore,DEMOINCCXXX,IN00DEMO1234567890,ACTIVE,CURRENT,640865.41,2026-02-15,640865.41,2026-02-15,640865.41,2026-02-16 08:03:06,640865.41,2026-02-16 08:03:06,BNK-181E38BB1F5A,GL-E0B46F40C668 UPI transfer,CUST-84BD4A62,CHARGEBACK,2026-02-28,20333.83,0.00,640865.41,08:03:06,2026-02-28
Demo Company Pvt Ltd,1234567890,Demo Bank Ltd,INR,Coimbatore,DEMOINCCXXX,IN00DEMO1234567890,ACTIVE,CURRENT,633756.33,2026-02-15,633756.33,2026-02-15,633756.33,2026-02-16 08:38:20,633756.33,2026-02-16 08:38:20,BNK-47246E60CD35,GL-08BD9F6BBECB Invoice settlement BANK,CUST-BC36255A,TRANSFER,2026-02-28,0.00,7109.08,633756.33,08:38:20,2026-02-28
Demo Company Pvt Ltd,1234567890,Demo Bank Ltd,INR,Coimbatore,DEMOINCCXXX,IN00DEMO1234567890,ACTIVE,CURRENT,630381.51,2026-02-15,630381.51,2026-02-15,630381.51,2026-02-16 09:11:46,630381.51,2026-02-16 09:11:46,BNK-14B0AE38D7FC,GL-3C638AD6F0B2 Vendor payout,CUST-57A52685,RECEIPT,2026-02-28,0.00,3374.82,630381.51,09:11:46,2026-02-28
Demo Company Pvt Ltd,1234567890,Demo Bank Ltd,INR,Coimbatore,DEMOINCCXXX,IN00DEMO1234567890,ACTIVE,CURRENT,634019.81,2026-02-15,634019.81,2026-02-15,634019.81,2026-02-16 10:07:58,634019.81,2026-02-16 10:07:58,BNK-C17F2761A65A,GL-0BB4E1018A38 Customer collection,,TRANSFER,2026-02-28,3638.30,0.00,634019.81,10:07:58,2026-02-28
Demo Company Pvt Ltd,1234567890,Demo Bank Ltd,INR,Coimbatore,DEMOINCCXXX,IN00DEMO1234567890,ACTIVE,CURRENT,656097.29,2026-02-15,656097.29,2026-02-15,656097.29,2026-02-16 10:23:42,656097.29,2026-02-16 10:23:42,BNK-B6F918D38055,GL-D261BE337ACF NEFT transfer BANK,CUST-86060D05,PAYMENT,2026-02-28,22077.48,0.00,656097.29,10:23:42,2026-02-28
Demo Company Pvt Ltd,1234567890,Demo Bank Ltd,INR,Coimbatore,DEMOINCCXXX,IN00DEMO1234567890,ACTIVE,CURRENT,647290.12,2026-02-15,647290.12,2026-02-15,647290.12,2026-02-16 10:48:32,647290.12,2026-02-16 10:48:32,BNK-6822D0B75297,GL-614A23C50721 Invoice settlement BANK,CUST-B1AA00E7,PAYMENT,2026-02-28,0.00,8807.17,647290.12,10:48:32,2026-02-28
Demo Company Pvt Ltd,1234567890,Demo Bank Ltd,INR,Coimbatore,DEMOINCCXXX,IN00DEMO1234567890,ACTIVE,CURRENT,647563.71,2026-02-15,647563.71,2026-02-15,647563.71,2026-02-16 11:05:01,647563.71,2026-02-16 11:05:01,BNK-F878C473E9F6,GL-D8A6022AE463 NEFT transfer,CUST-A519DF18,TRANSFER,2026-02-28,273.59,0.00,647563.71,11:05:01,2026-02-28
Demo Company Pvt Ltd,1234567890,Demo Bank Ltd,INR,Coimbatore,DEMOINCCXXX,IN00DEMO1234567890,ACTIVE,CURRENT,656519.10,2026-02-15,656519.10,2026-02-15,656519.10,2026-02-16 11:36:04,656519.10,2026-02-16 11:36:04,,GL-8DC6B12A23E2 NEFT transfer BANK REFERENCE_DROP,,RECEIPT,2026-02-28,8955.39,0.00,656519.10,11:36:04,2026-02-28
Demo Company Pvt Ltd,1234567890,Demo Bank Ltd,INR,Coimbatore,DEMOINCCXXX,IN00DEMO1234567890,ACTIVE,CURRENT,661130.17,2026-02-15,661130.17,2026-02-15,661130.17,2026-02-16 11:59:40,661130.17,2026-02-16 11:59:40,BNK-511393F12BD4,GL-82B171993E05 Invoice settlement BANK,,CHARGEBACK,2026-02-28,4611.07,0.00,661130.17,11:59:40,2026-02-28
Demo Company Pvt Ltd,1234567890,Demo Bank Ltd,INR,Coimbatore,DEMOINCCXXX,IN00DEMO1234567890,ACTIVE,CURRENT,653925.46,2026-02-15,653925.46,2026-02-15,653925.46,2026-02-16 12:48:40,653925.46,2026-02-16 12:48:40,BNK-0E97F48627A9,GL-6CCD0A3CC2A2 Invoice settlement BANK,CUST-A0233286,CHARGEBACK,2026-02-28,0.00,7204.71,653925.46,12:48:40,2026-02-28
Demo Company Pvt Ltd,1234567890,Demo Bank Ltd,INR,Coimbatore,DEMOINCCXXX,IN00DEMO1234567890,ACTIVE,CURRENT,658648.02,2026-02-15,658648.02,2026-02-15,658648.02,2026-02-16 13:21:00,658648.02,2026-02-16 13:21:00,BNK-380BDE0084B9,GL-27A63F17EEA8 Customer collection BANK POLARITY_REVERSAL,CUST-1F3616CE,TRANSFER,2026-02-28,4722.56,0.00,658648.02,13:21:00,2026-02-28
Demo Company Pvt Ltd,1234567890,Demo Bank Ltd,INR,Coimbatore,DEMOINCCXXX,IN00DEMO1234567890,ACTIVE,CURRENT,646821.61,2026-02-15,646821.61,2026-02-15,646821.61,2026-02-16 14:10:36,646821.61,2026-02-16 14:10:36,BNK-6266FA86AE74,GL-64B6F0CC0EB7 Customer collection BANK,CUST-EC867932,RECEIPT,2026-02-28,0.00,11826.41,646821.61,14:10:36,2026-02-28
Demo Company Pvt Ltd,1234567890,Demo Bank Ltd,INR,Coimbatore,DEMOINCCXXX,IN00DEMO1234567890,ACTIVE,CURRENT,640202.88,2026-02-15,640202.88,2026-02-15,640202.88,2026-02-16 14:56:35,640202.88,2026-02-16 14:56:35,BNK-4270F7EF3BC2,GL-3EF563E3CFDC Vendor payout BANK POLARITY_REVERSAL,CUST-C271D5CB,PAYMENT,2026-02-28,0.00,6618.73,640202.88,14:56:35,2026-02-28
Demo Company Pvt Ltd,1234567890,Demo Bank Ltd,INR,Coimbatore,DEMOINCCXXX,IN00DEMO1234567890,ACTIVE,CURRENT,654950.83,2026-02-15,654950.83,2026-02-15,654950.83,2026-02-16 15:43:27,654950.83,2026-02-16 15:43:27,BNK-F343D35836E1,GL-9077837A9572 NEFT transfer,,PAYMENT,2026-02-28,14747.95,0.00,654950.83,15:43:27,2026-02-28
Demo Company Pvt Ltd,1234567890,Demo Bank Ltd,INR,Coimbatore,DEMOINCCXXX,IN00DEMO1234567890,ACTIVE,CURRENT,670425.37,2026-02-15,670425.37,2026-02-15,670425.37,2026-02-16 16:26:42,670425.37,2026-02-16 16:26:42,BNK-2B1E36A22F34,GL-5C1829F8B295 UPI transfer BANK,,TRANSFER,2026-02-28,15474.54,0.00,670425.37,16:26:42,2026-02-28
Demo Company Pvt Ltd,1234567890,Demo Bank Ltd,INR,Coimbatore,DEMOINCCXXX,IN00DEMO1234567890,ACTIVE,CURRENT,666183.81,2026-02-15,666183.81,2026-02-15,666183.81,2026-02-16 16:54:50,666183.81,2026-02-16 16:54:50,,GL-F3E95B7D2DFA UPI transfer BANK REFERENCE_DROP,,CHARGEBACK,2026-02-28,0.00,4241.56,666183.81,16:54:50,2026-02-28
Demo Company Pvt Ltd,1234567890,Demo Bank Ltd,INR,Coimbatore,DEMOINCCXXX,IN00DEMO1234567890,ACTIVE,CURRENT,656191.04,2026-02-15,656191.04,2026-02-15,656191.04,2026-02-16 17:25:55,656191.04,2026-02-16 17:25:55,BNK-F05BC7F7926D,GL-E7FEDEF9697B Invoice settlement BANK,CUST-C1BD62C6,TRANSFER,2026-02-28,0.00,9992.77,656191.04,17:25:55,2026-02-28
Demo Company Pvt Ltd,1234567890,Demo Bank Ltd,INR,Coimbatore,DEMOINCCXXX,IN00DEMO1234567890,ACTIVE,CURRENT,660744.48,2026-02-15,660744.48,2026-02-15,660744.48,2026-02-16 18:22:53,660744.48,2026-02-16 18:22:53,BNK-3AAB2D293D57,GL-12035B9FDA60 Customer collection,CUST-3F84EE04,TRANSFER,2026-02-28,4553.44,0.00,660744.48,18:22:53,2026-02-28
Demo Company Pvt Ltd,1234567890,Demo Bank Ltd,INR,Coimbatore,DEMOINCCXXX,IN00DEMO1234567890,ACTIVE,CURRENT,637445.49,2026-02-15,637445.49,2026-02-15,637445.49,2026-02-16 18:38:54,637445.49,2026-02-16 18:38:54,BNK-DEB7D4F8DD71,GL-3ADD7587695C Vendor payout BANK,CUST-9D2B1276,CHARGEBACK,2026-02-28,0.00,23298.99,637445.49,18:38:54,2026-02-28
Demo Company Pvt Ltd,1234567890,Demo Bank Ltd,INR,Coimbatore,DEMOINCCXXX,IN00DEMO1234567890,ACTIVE,CURRENT,630728.60,2026-02-15,630728.60,2026-02-15,630728.60,2026-02-16 18:53:57,630728.60,2026-02-16 18:53:57,BNK-66D4819AF38A,GL-A984BD14EE4D UPI transfer,CUST-65B6DC92,CHARGEBACK,2026-02-28,0.00,6716.89,630728.60,18:53:57,2026-02-28
Demo Company Pvt Ltd,1234567890,Demo Bank Ltd,INR,Coimbatore,DEMOINCCXXX,IN00DEMO1234567890,ACTIVE,CURRENT,642413.96,2026-02-15,642413.96,2026-02-15,642413.96,2026-02-16 19:42:09,642413.96,2026-02-16 19:42:09,BNK-79A6A60FCCBF,GL-0001C4BDC20D Customer collection,CUST-C77C90F7,PAYMENT,2026-02-28,11685.36,0.00,642413.96,19:42:09,2026-02-28
Demo Company Pvt Ltd,1234567890,Demo Bank Ltd,INR,Coimbatore,DEMOINCCXXX,IN00DEMO1234567890,ACTIVE,CURRENT,656092.22,2026-02-15,656092.22,2026-02-15,656092.22,2026-02-16 20:03:46,656092.22,2026-02-16 20:03:46,BNK-9C0B84D5E1B0,GL-FBDCBD7AC9E9 Vendor payout BANK,CUST-6AE4127A,CHARGEBACK,2026-02-28,13678.26,0.00,656092.22,20:03:46,2026-02-28
Demo Company Pvt Ltd,1234567890,Demo Bank Ltd,INR,Coimbatore,DEMOINCCXXX,IN00DEMO1234567890,ACTIVE,CURRENT,640491.46,2026-02-15,640491.46,2026-02-15,640491.46,2026-02-16 20:54:11,640491.46,2026-02-16 20:54:11,BNK-F366878199D0,GL-B11AB9D8A3B7 UPI transfer,CUST-BC6A14E9,CHARGEBACK,2026-02-28,0.00,15600.76,640491.46,20:54:11,2026-02-28
Demo Company Pvt Ltd,1234567890,Demo Bank Ltd,INR,Coimbatore,DEMOINCCXXX,IN00DEMO1234567890,ACTIVE,CURRENT,650568.30,2026-02-15,650568.30,2026-02-15,650568.30,2026-02-16 21:21:43,650568.30,2026-02-16 21:21:43,BNK-62DCC69FE945,GL-52431A05BD5C UPI transfer BANK,CUST-C3790EFA,TRANSFER,2026-02-28,10076.84,0.00,650568.30,21:21:43,2026-02-28
Demo Company Pvt Ltd,1234567890,Demo Bank Ltd,INR,Coimbatore,DEMOINCCXXX,IN00DEMO1234567890,ACTIVE,CURRENT,660595.47,2026-02-15,660595.47,2026-02-15,660595.47,2026-02-16 21:41:26,660595.47,2026-02-16 21:41:26,BNK-2E50DAE483D6,GL-E2771518AF88 Vendor payout BANK,CUST-1FCB9535,TRANSFER,2026-02-28,10027.17,0.00,660595.47,21:41:26,2026-02-28
Demo Company Pvt Ltd,1234567890,Demo Bank Ltd,INR,Coimbatore,DEMOINCCXXX,IN00DEMO1234567890,ACTIVE,CURRENT,639898.24,2026-02-15,639898.24,2026-02-15,639898.24,2026-02-16 22:40:19,639898.24,2026-02-16 22:40:19,BNK-58F2CB4F34B0,GL-018E996FA96B NEFT transfer,CUST-FC38EDC6,TRANSFER,2026-02-28,0.00,20697.23,639898.24,22:40:19,2026-02-28
Demo Company Pvt Ltd,1234567890,Demo Bank Ltd,INR,Coimbatore,DEMOINCCXXX,IN00DEMO1234567890,ACTIVE,CURRENT,643904.84,2026-02-15,643904.84,2026-02-15,643904.84,2026-02-16 23:22:40,643904.84,2026-02-16 23:22:40,BNK-BA85FF1DAC64,GL-F049DA6D496E Customer collection BANK DATE_POSTING_ERROR,CUST-9EB6103F,RECEIPT,2026-02-28,4006.60,0.00,643904.84,23:22:40,2026-02-28
Demo Company Pvt Ltd,1234567890,Demo Bank Ltd,INR,Coimbatore,DEMOINCCXXX,IN00DEMO1234567890,ACTIVE,CURRENT,661346.43,2026-02-16,661346.43,2026-02-16,661346.43,2026-02-17 00:05:04,661346.43,2026-02-17 00:05:04,BNK-DD289A23B459,GL-9DBB8D3EEFF7 NEFT transfer BANK,CUST-FEA4E469,PAYMENT,2026-02-28,17441.59,0.00,661346.43,00:05:04,2026-02-28
Demo Company Pvt Ltd,1234567890,Demo Bank Ltd,INR,Coimbatore,DEMOINCCXXX,IN00DEMO1234567890,ACTIVE,CURRENT,641239.41,2026-02-16,641239.41,2026-02-16,641239.41,2026-02-17 00:47:11,641239.41,2026-02-17 00:47:11,BNK-AAECFC37403E,GL-890B5BDF15DC Customer collection,,TRANSFER,2026-02-28,0.00,20107.02,641239.41,00:47:11,2026-02-28
Demo Company Pvt Ltd,1234567890,Demo Bank Ltd,INR,Coimbatore,DEMOINCCXXX,IN00DEMO1234567890,ACTIVE,CURRENT,653841.80,2026-02-16,653841.80,2026-02-16,653841.80,2026-02-17 01:28:18,653841.80,2026-02-17 01:28:18,BNK-683FD2DF4897,GL-A21BC6357C67 Customer collection,CUST-8E32CB37,TRANSFER,2026-02-28,12602.39,0.00,653841.80,01:28:18,2026-02-28
Demo Company Pvt Ltd,1234567890,Demo Bank Ltd,INR,Coimbatore,DEMOINCCXXX,IN00DEMO1234567890,ACTIVE,CURRENT,647944.60,2026-02-16,647944.60,2026-02-16,647944.60,2026-02-17 01:57:16,647944.60,2026-02-17 01:57:16,BNK-F766F8C5D4EA,GL-52802FC8098B Vendor payout,,RECEIPT,2026-02-28,0.00,5897.20,647944.60,01:57:16,2026-02-28
Demo Company Pvt Ltd,1234567890,Demo Bank Ltd,INR,Coimbatore,DEMOINCCXXX,IN00DEMO1234567890,ACTIVE,CURRENT,653740.74,2026-02-16,653740.74,2026-02-16,653740.74,2026-02-17 02:51:40,653740.74,2026-02-17 02:51:40,BNK-EC8DACBA6898,GL-6885B9E7DF7C Vendor payout,CUST-EC9854D1,RECEIPT,2026-02-28,5796.14,0.00,653740.74,02:51:40,2026-02-28
Demo Company Pvt Ltd,1234567890,Demo Bank Ltd,INR,Coimbatore,DEMOINCCXXX,IN00DEMO1234567890,ACTIVE,CURRENT,659536.88,2026-02-16,659536.88,2026-02-16,659536.88,2026-02-17 03:35:51,659536.88,2026-02-17 03:35:51,BNK-EC8DACBA6898-DUP,GL-6885B9E7DF7C Vendor payout DUPLICATE_POSTING,CUST-EC9854D1,RECEIPT,2026-02-28,5796.14,0.00,659536.88,03:35:51,2026-02-28
Demo Company Pvt Ltd,1234567890,Demo Bank Ltd,INR,Coimbatore,DEMOINCCXXX,IN00DEMO1234567890,ACTIVE,CURRENT,669771.98,2026-02-16,669771.98,2026-02-16,669771.98,2026-02-17 03:57:15,669771.98,2026-02-17 03:57:15,BNK-869292BC5159,GL-8A4F2A7A7C28 Customer collection BANK,,CHARGEBACK,2026-02-28,10235.10,0.00,669771.98,03:57:15,2026-02-28
Demo Company Pvt Ltd,1234567890,Demo Bank Ltd,INR,Coimbatore,DEMOINCCXXX,IN00DEMO1234567890,ACTIVE,CURRENT,676607.65,2026-02-16,676607.65,2026-02-16,676607.65,2026-02-17 04:19:00,676607.65,2026-02-17 04:19:00,BNK-8CD0A3C0FA79,GL-4D48B2815045 Invoice settlement,,CHARGEBACK,2026-02-28,6835.67,0.00,676607.65,04:19:00,2026-02-28
Demo Company Pvt Ltd,1234567890,Demo Bank Ltd,INR,Coimbatore,DEMOINCCXXX,IN00DEMO1234567890,ACTIVE,CURRENT,661176.98,2026-02-16,661176.98,2026-02-16,661176.98,2026-02-17 05:01:56,661176.98,2026-02-17 05:01:56,BNK-82A72D900ABE,GL-41AE8ECC2D38 Customer collection BANK,,PAYMENT,2026-02-28,0.00,15430.67,661176.98,05:01:56,2026-02-28
Demo Company Pvt Ltd,1234567890,Demo Bank Ltd,INR,Coimbatore,DEMOINCCXXX,IN00DEMO1234567890,ACTIVE,CURRENT,682466.98,2026-02-16,682466.98,2026-02-16,682466.98,2026-02-17 05:37:27,682466.98,2026-02-17 05:37:27,BNK-577214EF8753,GL-0BF933794F0C Vendor payout,CUST-80B54958,TRANSFER,2026-02-28,21290.00,0.00,682466.98,05:37:27,2026-02-28
Demo Company Pvt Ltd,1234567890,Demo Bank Ltd,INR,Coimbatore,DEMOINCCXXX,IN00DEMO1234567890,ACTIVE,CURRENT,699994.16,2026-02-16,699994.16,2026-02-16,699994.16,2026-02-17 06:03:01,699994.16,2026-02-17 06:03:01,,GL-DF35F89282BC UPI transfer REFERENCE_DROP,,PAYMENT,2026-02-28,17527.18,0.00,699994.16,06:03:01,2026-02-28
Demo Company Pvt Ltd,1234567890,Demo Bank Ltd,INR,Coimbatore,DEMOINCCXXX,IN00DEMO1234567890,ACTIVE,CURRENT,704123.60,2026-02-16,704123.60,2026-02-16,704123.60,2026-02-17 06:49:36,704123.60,2026-02-17 06:49:36,BNK-47A1E1012924,GL-F2F24F6895D1 UPI transfer BANK,,TRANSFER,2026-02-28,4129.44,0.00,704123.60,06:49:36,2026-02-28
Demo Company Pvt Ltd,1234567890,Demo Bank Ltd,INR,Coimbatore,DEMOINCCXXX,IN00DEMO1234567890,ACTIVE,CURRENT,706438.39,2026-02-16,706438.39,2026-02-16,706438.39,2026-02-17 07:07:05,706438.39,2026-02-17 07:07:05,BNK-E53286634BEE,GL-3E3325AD5289 Invoice settlement BANK,CUST-D2312CDC,TRANSFER,2026-02-28,2314.79,0.00,706438.39,07:07:05,2026-02-28
Demo Company Pvt Ltd,1234567890,Demo Bank Ltd,INR,Coimbatore,DEMOINCCXXX,IN00DEMO1234567890,ACTIVE,CURRENT,705986.13,2026-02-16,705986.13,2026-02-16,705986.13,2026-02-17 07:38:43,705986.13,2026-02-17 07:38:43,BNK-618E48BCBD37,GL-A0CFD9D34303 NEFT transfer BANK POLARITY_REVERSAL,CUST-19E16099,RECEIPT,2026-02-28,0.00,452.26,705986.13,07:38:43,2026-02-28
Demo Company Pvt Ltd,1234567890,Demo Bank Ltd,INR,Coimbatore,DEMOINCCXXX,IN00DEMO1234567890,ACTIVE,CURRENT,678842.84,2026-02-16,678842.84,2026-02-16,678842.84,2026-02-17 08:31:55,678842.84,2026-02-17 08:31:55,BNK-8DC6E83FABE1,GL-340F6D26B9A6 Vendor payout BANK,CUST-BDB78044,CHARGEBACK,2026-02-28,0.00,27143.29,678842.84,08:31:55,2026-02-28
Demo Company Pvt Ltd,1234567890,Demo Bank Ltd,INR,Coimbatore,DEMOINCCXXX,IN00DEMO1234567890,ACTIVE,CURRENT,656509.85,2026-02-16,656509.85,2026-02-16,656509.85,2026-02-17 09:12:55,656509.85,2026-02-17 09:12:55,BNK-B3CEB5C8AC8F,GL-6C208522EAD9 Vendor payout BANK,CUST-8D96E135,PAYMENT,2026-02-28,0.00,22332.99,656509.85,09:12:55,2026-02-28
Demo Company Pvt Ltd,1234567890,Demo Bank Ltd,INR,Coimbatore,DEMOINCCXXX,IN00DEMO1234567890,ACTIVE,CURRENT,646657.19,2026-02-16,646657.19,2026-02-16,646657.19,2026-02-17 10:05:05,646657.19,2026-02-17 10:05:05,BNK-8A4F8DC7D4B9,GL-2AC4FCE25F98 Vendor payout BANK,,TRANSFER,2026-02-28,0.00,9852.66,646657.19,10:05:05,2026-02-28
Demo Company Pvt Ltd,1234567890,Demo Bank Ltd,INR,Coimbatore,DEMOINCCXXX,IN00DEMO1234567890,ACTIVE,CURRENT,661336.32,2026-02-16,661336.32,2026-02-16,661336.32,2026-02-17 10:53:27,661336.32,2026-02-17 10:53:27,BNK-9579B0DDB648,GL-122ED23F0C34 UPI transfer BANK,CUST-943B2F3B,CHARGEBACK,2026-02-28,14679.13,0.00,661336.32,10:53:27,2026-02-28
Demo Company Pvt Ltd,1234567890,Demo Bank Ltd,INR,Coimbatore,DEMOINCCXXX,IN00DEMO1234567890,ACTIVE,CURRENT,681894.23,2026-02-16,681894.23,2026-02-16,681894.23,2026-02-17 11:25:19,681894.23,2026-02-17 11:25:19,BNK-426E5FF2C898,GL-CDC54AA3DEF1 NEFT transfer BANK,CUST-04475FD5,TRANSFER,2026-02-28,20557.91,0.00,681894.23,11:25:19,2026-02-28
Demo Company Pvt Ltd,1234567890,Demo Bank Ltd,INR,Coimbatore,DEMOINCCXXX,IN00DEMO1234567890,ACTIVE,CURRENT,702452.14,2026-02-16,702452.14,2026-02-16,702452.14,2026-02-17 12:14:45,702452.14,2026-02-17 12:14:45,BNK-426E5FF2C898-DUP,GL-CDC54AA3DEF1 NEFT transfer BANK DUPLICATE_POSTING,CUST-04475FD5,TRANSFER,2026-02-28,20557.91,0.00,702452.14,12:14:45,2026-02-28
Demo Company Pvt Ltd,1234567890,Demo Bank Ltd,INR,Coimbatore,DEMOINCCXXX,IN00DEMO1234567890,ACTIVE,CURRENT,729597.05,2026-02-16,729597.05,2026-02-16,729597.05,2026-02-17 12:57:17,729597.05,2026-02-17 12:57:17,BNK-FEF5B285E5FD,GL-37FDB23388C7 Vendor payout BANK,CUST-19DB9311,TRANSFER,2026-02-28,27144.91,0.00,729597.05,12:57:17,2026-02-28
Demo Company Pvt Ltd,1234567890,Demo Bank Ltd,INR,Coimbatore,DEMOINCCXXX,IN00DEMO1234567890,ACTIVE,CURRENT,744531.89,2026-02-16,744531.89,2026-02-16,744531.89,2026-02-17 13:19:50,744531.89,2026-02-17 13:19:50,BNK-99A550953FB4,GL-0310401B8EB5 NEFT transfer BANK,,RECEIPT,2026-02-28,14934.84,0.00,744531.89,13:19:50,2026-02-28
Demo Company Pvt Ltd,1234567890,Demo Bank Ltd,INR,Coimbatore,DEMOINCCXXX,IN00DEMO1234567890,ACTIVE,CURRENT,761790.98,2026-02-16,761790.98,2026-02-16,761790.98,2026-02-17 14:13:10,761790.98,2026-02-17 14:13:10,BNK-575B7AC1D44E,GL-F67BB98C2753 Customer collection,CUST-43012058,CHARGEBACK,2026-02-28,17259.09,0.00,761790.98,14:13:10,2026-02-28
Demo Company Pvt Ltd,1234567890,Demo Bank Ltd,INR,Coimbatore,DEMOINCCXXX,IN00DEMO1234567890,ACTIVE,CURRENT,789146.23,2026-02-16,789146.23,2026-02-16,789146.23,2026-02-17 14:31:20,789146.23,2026-02-17 14:31:20,BNK-7128720152DC,GL-51C7F081710A Invoice settlement BANK,CUST-89D9736C,PAYMENT,2026-02-28,27355.25,0.00,789146.23,14:31:20,2026-02-28
Demo Company Pvt Ltd,1234567890,Demo Bank Ltd,INR,Coimbatore,DEMOINCCXXX,IN00DEMO1234567890,ACTIVE,CURRENT,781881.33,2026-02-16,781881.33,2026-02-16,781881.33,2026-02-17 14:58:08,781881.33,2026-02-17 14:58:08,BNK-6509046C3BE2,GL-B1102E5120BF Vendor payout BANK AMOUNT_TYPO,CUST-905C09BB,RECEIPT,2026-02-28,0.00,7264.90,781881.33,14:58:08,2026-02-28
Demo Company Pvt Ltd,1234567890,Demo Bank Ltd,INR,Coimbatore,DEMOINCCXXX,IN00DEMO1234567890,ACTIVE,CURRENT,801638.60,2026-02-16,801638.60,2026-02-16,801638.60,2026-02-17 15:20:14,801638.60,2026-02-17 15:20:14,BNK-C97BE89723A4,GL-1B1EF4FE3DCE Vendor payout BANK,CUST-7CF1AB53,TRANSFER,2026-02-28,19757.27,0.00,801638.60,15:20:14,2026-02-28
Demo Company Pvt Ltd,1234567890,Demo Bank Ltd,INR,Coimbatore,DEMOINCCXXX,IN00DEMO1234567890,ACTIVE,CURRENT,792174.44,2026-02-16,792174.44,2026-02-16,792174.44,2026-02-17 15:50:45,792174.44,2026-02-17 15:50:45,BNK-B754C86DC908,GL-898D2CB447E5 Customer collection BANK,CUST-1E7768E0,CHARGEBACK,2026-02-28,0.00,9464.16,792174.44,15:50:45,2026-02-28
Demo Company Pvt Ltd,1234567890,Demo Bank Ltd,INR,Coimbatore,DEMOINCCXXX,IN00DEMO1234567890,ACTIVE,CURRENT,767605.93,2026-02-16,767605.93,2026-02-16,767605.93,2026-02-17 16:34:10,767605.93,2026-02-17 16:34:10,BNK-EC4547B7C7AF,GL-6179BDFBC265 Customer collection BANK,CUST-F53DA773,RECEIPT,2026-02-28,0.00,24568.51,767605.93,16:34:10,2026-02-28
Demo Company Pvt Ltd,1234567890,Demo Bank Ltd,INR,Coimbatore,DEMOINCCXXX,IN00DEMO1234567890,ACTIVE,CURRENT,788008.90,2026-02-16,788008.90,2026-02-16,788008.90,2026-02-17 17:33:04,788008.90,2026-02-17 17:33:04,BNK-CFB5ABBD5965,GL-C1D08C4C5FA9 Vendor payout,CUST-007608F0,RECEIPT,2026-02-28,20402.97,0.00,788008.90,17:33:04,2026-02-28
Demo Company Pvt Ltd,1234567890,Demo Bank Ltd,INR,Coimbatore,DEMOINCCXXX,IN00DEMO1234567890,ACTIVE,CURRENT,768071.14,2026-02-16,768071.14,2026-02-16,768071.14,2026-02-17 17:55:06,768071.14,2026-02-17 17:55:06,BNK-8A9DEF861152,GL-69E246CAB0AA NEFT transfer BANK,CUST-70C3D9F3,PAYMENT,2026-02-28,0.00,19937.76,768071.14,17:55:06,2026-02-28
Demo Company Pvt Ltd,1234567890,Demo Bank Ltd,INR,Coimbatore,DEMOINCCXXX,IN00DEMO1234567890,ACTIVE,CURRENT,759433.94,2026-02-16,759433.94,2026-02-16,759433.94,2026-02-17 18:33:23,759433.94,2026-02-17 18:33:23,BNK-767995064FD8,GL-48AE0715AD2C Vendor payout BANK,,TRANSFER,2026-02-28,0.00,8637.20,759433.94,18:33:23,2026-02-28
Demo Company Pvt Ltd,1234567890,Demo Bank Ltd,INR,Coimbatore,DEMOINCCXXX,IN00DEMO1234567890,ACTIVE,CURRENT,735399.39,2026-02-16,735399.39,2026-02-16,735399.39,2026-02-17 19:16:06,735399.39,2026-02-17 19:16:06,BNK-7A6BBE139FBB,GL-5FABCEC234A3 Invoice settlement,CUST-06C28E12,RECEIPT,2026-02-28,0.00,24034.55,735399.39,19:16:06,2026-02-28
Demo Company Pvt Ltd,1234567890,Demo Bank Ltd,INR,Coimbatore,DEMOINCCXXX,IN00DEMO1234567890,ACTIVE,CURRENT,748366.07,2026-02-16,748366.07,2026-02-16,748366.07,2026-02-17 19:43:58,748366.07,2026-02-17 19:43:58,BNK-39EA699A86E9,GL-3DD494CFD76A UPI transfer,CUST-B6E2A7FF,RECEIPT,2026-02-28,12966.68,0.00,748366.07,19:43:58,2026-02-28
Demo Company Pvt Ltd,1234567890,Demo Bank Ltd,INR,Coimbatore,DEMOINCCXXX,IN00DEMO1234567890,ACTIVE,CURRENT,736380.33,2026-02-16,736380.33,2026-02-16,736380.33,2026-02-17 20:07:00,736380.33,2026-02-17 20:07:00,BNK-B2B95C41B5D6,GL-9ED8C0A9CB11 Invoice settlement BANK AMOUNT_TYPO,CUST-4FE52908,CHARGEBACK,2026-02-28,0.00,11985.74,736380.33,20:07:00,2026-02-28
Demo Company Pvt Ltd,1234567890,Demo Bank Ltd,INR,Coimbatore,DEMOINCCXXX,IN00DEMO1234567890,ACTIVE,CURRENT,756072.88,2026-02-16,756072.88,2026-02-16,756072.88,2026-02-17 20:31:21,756072.88,2026-02-17 20:31:21,BNK-2C4461B9FED5,GL-2795B345A7A5 UPI transfer BANK,CUST-4FFB5B31,TRANSFER,2026-02-28,19692.55,0.00,756072.88,20:31:21,2026-02-28
Demo Company Pvt Ltd,1234567890,Demo Bank Ltd,INR,Coimbatore,DEMOINCCXXX,IN00DEMO1234567890,ACTIVE,CURRENT,751945.54,2026-02-16,751945.54,2026-02-16,751945.54,2026-02-17 21:26:12,751945.54,2026-02-17 21:26:12,BNK-D93DC0F96D0D,GL-E9ED5F5AFFD4 Vendor payout BANK AMOUNT_TYPO,CUST-D17DC541,CHARGEBACK,2026-02-28,0.00,4127.34,751945.54,21:26:12,2026-02-28
Demo Company Pvt Ltd,1234567890,Demo Bank Ltd,INR,Coimbatore,DEMOINCCXXX,IN00DEMO1234567890,ACTIVE,CURRENT,742016.42,2026-02-16,742016.42,2026-02-16,742016.42,2026-02-17 21:43:31,742016.42,2026-02-17 21:43:31,BNK-D7BA6948DFD6,GL-8184BAF2D61A NEFT transfer BANK,CUST-64AAE212,RECEIPT,2026-02-28,0.00,9929.12,742016.42,21:43:31,2026-02-28
Demo Company Pvt Ltd,1234567890,Demo Bank Ltd,INR,Coimbatore,DEMOINCCXXX,IN00DEMO1234567890,ACTIVE,CURRENT,730227.57,2026-02-16,730227.57,2026-02-16,730227.57,2026-02-17 22:27:26,730227.57,2026-02-17 22:27:26,BNK-77395FDF172B,GL-EE486C6A7490 UPI transfer BANK,,TRANSFER,2026-02-28,0.00,11788.85,730227.57,22:27:26,2026-02-28
Demo Company Pvt Ltd,1234567890,Demo Bank Ltd,INR,Coimbatore,DEMOINCCXXX,IN00DEMO1234567890,ACTIVE,CURRENT,725454.54,2026-02-16,725454.54,2026-02-16,725454.54,2026-02-17 22:56:01,725454.54,2026-02-17 22:56:01,BNK-81029EADD3DC,GL-29A0C628917C UPI transfer BANK,,RECEIPT,2026-02-28,0.00,4773.03,725454.54,22:56:01,2026-02-28
Demo Company Pvt Ltd,1234567890,Demo Bank Ltd,INR,Coimbatore,DEMOINCCXXX,IN00DEMO1234567890,ACTIVE,CURRENT,730416.98,2026-02-16,730416.98,2026-02-16,730416.98,2026-02-17 23:24:31,730416.98,2026-02-17 23:24:31,BNK-6E06249CEE19,GL-A7426ED8DD8E Vendor payout,CUST-46396AD4,CHARGEBACK,2026-02-28,4962.44,0.00,730416.98,23:24:31,2026-02-28
Demo Company Pvt Ltd,1234567890,Demo Bank Ltd,INR,Coimbatore,DEMOINCCXXX,IN00DEMO1234567890,ACTIVE,CURRENT,712379.53,2026-02-16,712379.53,2026-02-16,712379.53,2026-02-17 23:42:35,712379.53,2026-02-17 23:42:35,BNK-6758555D4EB1,GL-62C6A1650E20 NEFT transfer BANK,,CHARGEBACK,2026-02-28,0.00,18037.45,712379.53,23:42:35,2026-02-28
Demo Company Pvt Ltd,1234567890,Demo Bank Ltd,INR,Coimbatore,DEMOINCCXXX,IN00DEMO1234567890,ACTIVE,CURRENT,720968.01,2026-02-17,720968.01,2026-02-17,720968.01,2026-02-18 00:19:52,720968.01,2026-02-18 00:19:52,BNK-3A1337952262,GL-9DA65DAF6EA6 Invoice settlement BANK,CUST-6B5654EB,TRANSFER,2026-02-28,8588.48,0.00,720968.01,00:19:52,2026-02-28
Demo Company Pvt Ltd,1234567890,Demo Bank Ltd,INR,Coimbatore,DEMOINCCXXX,IN00DEMO1234567890,ACTIVE,CURRENT,720256.05,2026-02-17,720256.05,2026-02-17,720256.05,2026-02-18 00:41:59,720256.05,2026-02-18 00:41:59,BNK-1FF9E82172B9,GL-B105E4A37CCB Vendor payout DATE_POSTING_ERROR,CUST-9F15E488,PAYMENT,2026-02-28,0.00,711.96,720256.05,00:41:59,2026-02-28
Demo Company Pvt Ltd,1234567890,Demo Bank Ltd,INR,Coimbatore,DEMOINCCXXX,IN00DEMO1234567890,ACTIVE,CURRENT,729300.57,2026-02-17,729300.57,2026-02-17,729300.57,2026-02-18 01:24:28,729300.57,2026-02-18 01:24:28,BNK-EA7B8704B99D,GL-1A02F1018B3D NEFT transfer BANK,CUST-90F828A2,TRANSFER,2026-02-28,9044.52,0.00,729300.57,01:24:28,2026-02-28
Demo Company Pvt Ltd,1234567890,Demo Bank Ltd,INR,Coimbatore,DEMOINCCXXX,IN00DEMO1234567890,ACTIVE,CURRENT,730993.09,2026-02-17,730993.09,2026-02-17,730993.09,2026-02-18 01:54:07,730993.09,2026-02-18 01:54:07,,GL-D43A91B158B8 Vendor payout REFERENCE_DROP,,PAYMENT,2026-02-28,1692.52,0.00,730993.09,01:54:07,2026-02-28
Demo Company Pvt Ltd,1234567890,Demo Bank Ltd,INR,Coimbatore,DEMOINCCXXX,IN00DEMO1234567890,ACTIVE,CURRENT,746558.41,2026-02-17,746558.41,2026-02-17,746558.41,2026-02-18 02:51:58,746558.41,2026-02-18 02:51:58,BNK-C31E1952B991,GL-A2617433598F UPI transfer BANK,CUST-0C301111,CHARGEBACK,2026-02-28,15565.32,0.00,746558.41,02:51:58,2026-02-28
Demo Company Pvt Ltd,1234567890,Demo Bank Ltd,INR,Coimbatore,DEMOINCCXXX,IN00DEMO1234567890,ACTIVE,CURRENT,762123.73,2026-02-17,762123.73,2026-02-17,762123.73,2026-02-18 03:15:41,762123.73,2026-02-18 03:15:41,BNK-C31E1952B991-DUP,GL-A2617433598F UPI transfer BANK DUPLICATE_POSTING,CUST-0C301111,CHARGEBACK,2026-02-28,15565.32,0.00,762123.73,03:15:41,2026-02-28
Demo Company Pvt Ltd,1234567890,Demo Bank Ltd,INR,Coimbatore,DEMOINCCXXX,IN00DEMO1234567890,ACTIVE,CURRENT,767459.19,2026-02-17,767459.19,2026-02-17,767459.19,2026-02-18 03:53:41,767459.19,2026-02-18 03:53:41,BNK-7C530D8B67FB,GL-F690C367A876 Invoice settlement BANK,,RECEIPT,2026-02-28,5335.46,0.00,767459.19,03:53:41,2026-02-28
Demo Company Pvt Ltd,1234567890,Demo Bank Ltd,INR,Coimbatore,DEMOINCCXXX,IN00DEMO1234567890,ACTIVE,CURRENT,772794.65,2026-02-17,772794.65,2026-02-17,772794.65,2026-02-18 04:27:48,772794.65,2026-02-18 04:27:48,BNK-7C530D8B67FB-DUP,GL-F690C367A876 Invoice settlement BANK DUPLICATE_POSTING,,RECEIPT,2026-02-28,5335.46,0.00,772794.65,04:27:48,2026-02-28
Demo Company Pvt Ltd,1234567890,Demo Bank Ltd,INR,Coimbatore,DEMOINCCXXX,IN00DEMO1234567890,ACTIVE,CURRENT,755757.13,2026-02-17,755757.13,2026-02-17,755757.13,2026-02-18 05:10:39,755757.13,2026-02-18 05:10:39,BNK-61284C549E72,GL-4872C1EB42E6 NEFT transfer,CUST-26A835B2,PAYMENT,2026-02-28,0.00,17037.52,755757.13,05:10:39,2026-02-28
Demo Company Pvt Ltd,1234567890,Demo Bank Ltd,INR,Coimbatore,DEMOINCCXXX,IN00DEMO1234567890,ACTIVE,CURRENT,731518.58,2026-02-17,731518.58,2026-02-17,731518.58,2026-02-18 05:45:32,731518.58,2026-02-18 05:45:32,BNK-CD97381E0816,GL-F77B0127A8FF UPI transfer,,TRANSFER,2026-02-28,0.00,24238.55,731518.58,05:45:32,2026-02-28
Demo Company Pvt Ltd,1234567890,Demo Bank Ltd,INR,Coimbatore,DEMOINCCXXX,IN00DEMO1234567890,ACTIVE,CURRENT,753360.76,2026-02-17,753360.76,2026-02-17,753360.76,2026-02-18 06:16:06,753360.76,2026-02-18 06:16:06,BNK-C20177ACC2C6,GL-6A3A089BFC66 UPI transfer BANK,CUST-DA2C62AC,PAYMENT,2026-02-28,21842.18,0.00,753360.76,06:16:06,2026-02-28
Demo Company Pvt Ltd,1234567890,Demo Bank Ltd,INR,Coimbatore,DEMOINCCXXX,IN00DEMO1234567890,ACTIVE,CURRENT,767453.60,2026-02-17,767453.60,2026-02-17,767453.60,2026-02-18 07:08:38,767453.60,2026-02-18 07:08:38,BNK-92A9828B7503,GL-3733B92B9395 NEFT transfer,CUST-8A9313B6,CHARGEBACK,2026-02-28,14092.84,0.00,767453.60,07:08:38,2026-02-28
Demo Company Pvt Ltd,1234567890,Demo Bank Ltd,INR,Coimbatore,DEMOINCCXXX,IN00DEMO1234567890,ACTIVE,CURRENT,781546.44,2026-02-17,781546.44,2026-02-17,781546.44,2026-02-18 07:48:34,781546.44,2026-02-18 07:48:34,BNK-92A9828B7503-DUP,GL-3733B92B9395 NEFT transfer DUPLICATE_POSTING,CUST-8A9313B6,CHARGEBACK,2026-02-28,14092.84,0.00,781546.44,07:48:34,2026-02-28
Demo Company Pvt Ltd,1234567890,Demo Bank Ltd,INR,Coimbatore,DEMOINCCXXX,IN00DEMO1234567890,ACTIVE,CURRENT,785840.82,2026-02-17,785840.82,2026-02-17,785840.82,2026-02-18 08:15:35,785840.82,2026-02-18 08:15:35,BNK-CA93E691F93B,GL-279807B45ABE NEFT transfer,CUST-10506156,RECEIPT,2026-02-28,4294.38,0.00,785840.82,08:15:35,2026-02-28
Demo Company Pvt Ltd,1234567890,Demo Bank Ltd,INR,Coimbatore,DEMOINCCXXX,IN00DEMO1234567890,ACTIVE,CURRENT,793414.29,2026-02-17,793414.29,2026-02-17,793414.29,2026-02-18 08:42:25,793414.29,2026-02-18 08:42:25,BNK-E43DD1B971DA,GL-5E2B5FF24112 Invoice settlement,CUST-AF8B7542,TRANSFER,2026-02-28,7573.47,0.00,793414.29,08:42:25,2026-02-28
Demo Company Pvt Ltd,1234567890,Demo Bank Ltd,INR,Coimbatore,DEMOINCCXXX,IN00DEMO1234567890,ACTIVE,CURRENT,785570.74,2026-02-17,785570.74,2026-02-17,785570.74,2026-02-18 09:08:12,785570.74,2026-02-18 09:08:12,BNK-442E1B0F3EDC,GL-C323FBC4F0DB Invoice settlement BANK,CUST-58AA4CA5,RECEIPT,2026-02-28,0.00,7843.55,785570.74,09:08:12,2026-02-28
Demo Company Pvt Ltd,1234567890,Demo Bank Ltd,INR,Coimbatore,DEMOINCCXXX,IN00DEMO1234567890,ACTIVE,CURRENT,799823.05,2026-02-17,799823.05,2026-02-17,799823.05,2026-02-18 10:03:02,799823.05,2026-02-18 10:03:02,BNK-62B1305E79B5,GL-67A782FFDC50 UPI transfer BANK,CUST-0E1B97E7,PAYMENT,2026-02-28,14252.31,0.00,799823.05,10:03:02,2026-02-28
Demo Company Pvt Ltd,1234567890,Demo Bank Ltd,INR,Coimbatore,DEMOINCCXXX,IN00DEMO1234567890,ACTIVE,CURRENT,818710.77,2026-02-17,818710.77,2026-02-17,818710.77,2026-02-18 10:54:55,818710.77,2026-02-18 10:54:55,BNK-B6B089FE4233,GL-EFAF0CDE4D4B NEFT transfer BANK,,TRANSFER,2026-02-28,18887.72,0.00,818710.77,10:54:55,2026-02-28
Demo Company Pvt Ltd,1234567890,Demo Bank Ltd,INR,Coimbatore,DEMOINCCXXX,IN00DEMO1234567890,ACTIVE,CURRENT,797022.30,2026-02-17,797022.30,2026-02-17,797022.30,2026-02-18 11:11:22,797022.30,2026-02-18 11:11:22,BNK-80D729B42FF7,GL-99DD5B558C2A Invoice settlement BANK,,RECEIPT,2026-02-28,0.00,21688.47,797022.30,11:11:22,2026-02-28
Demo Company Pvt Ltd,1234567890,Demo Bank Ltd,INR,Coimbatore,DEMOINCCXXX,IN00DEMO1234567890,ACTIVE,CURRENT,813954.02,2026-02-17,813954.02,2026-02-17,813954.02,2026-02-18 11:28:58,813954.02,2026-02-18 11:28:58,BNK-52BE4EC09C1D,GL-09E9F4068785 Customer collection BANK,,RECEIPT,2026-02-28,16931.72,0.00,813954.02,11:28:58,2026-02-28
Demo Company Pvt Ltd,1234567890,Demo Bank Ltd,INR,Coimbatore,DEMOINCCXXX,IN00DEMO1234567890,ACTIVE,CURRENT,840005.71,2026-02-17,840005.71,2026-02-17,840005.71,2026-02-18 11:54:33,840005.71,2026-02-18 11:54:33,BNK-41CE5F910905,GL-990365AFF291 Vendor payout,,CHARGEBACK,2026-02-28,26051.69,0.00,840005.71,11:54:33,2026-02-28
Demo Company Pvt Ltd,1234567890,Demo Bank Ltd,INR,Coimbatore,DEMOINCCXXX,IN00DEMO1234567890,ACTIVE,CURRENT,812618.07,2026-02-17,812618.07,2026-02-17,812618.07,2026-02-18 12:53:38,812618.07,2026-02-18 12:53:38,BNK-A098D6C49CE9,GL-919EE77092AA NEFT transfer BANK,CUST-264C5DB9,CHARGEBACK,2026-02-28,0.00,27387.64,812618.07,12:53:38,2026-02-28
Demo Company Pvt Ltd,1234567890,Demo Bank Ltd,INR,Coimbatore,DEMOINCCXXX,IN00DEMO1234567890,ACTIVE,CURRENT,832517.10,2026-02-17,832517.10,2026-02-17,832517.10,2026-02-18 13:52:01,832517.10,2026-02-18 13:52:01,,GL-8A7DA71454FA Vendor payout BANK REFERENCE_DROP,,CHARGEBACK,2026-02-28,19899.03,0.00,832517.10,13:52:01,2026-02-28
Demo Company Pvt Ltd,1234567890,Demo Bank Ltd,INR,Coimbatore,DEMOINCCXXX,IN00DEMO1234567890,ACTIVE,CURRENT,850180.50,2026-02-17,850180.50,2026-02-17,850180.50,2026-02-18 14:29:45,850180.50,2026-02-18 14:29:45,BNK-7AE09C997864,GL-EAFD073475FD Invoice settlement BANK,CUST-FA77C669,PAYMENT,2026-02-28,17663.40,0.00,850180.50,14:29:45,2026-02-28
Demo Company Pvt Ltd,1234567890,Demo Bank Ltd,INR,Coimbatore,DEMOINCCXXX,IN00DEMO1234567890,ACTIVE,CURRENT,849396.04,2026-02-17,849396.04,2026-02-17,849396.04,2026-02-18 15:23:26,849396.04,2026-02-18 15:23:26,BNK-F15B5F8408FB,GL-E2750DF3B371 Invoice settlement BANK,CUST-9D8FF5DA,TRANSFER,2026-02-28,0.00,784.46,849396.04,15:23:26,2026-02-28
Demo Company Pvt Ltd,1234567890,Demo Bank Ltd,INR,Coimbatore,DEMOINCCXXX,IN00DEMO1234567890,ACTIVE,CURRENT,849181.40,2026-02-17,849181.40,2026-02-17,849181.40,2026-02-18 15:54:20,849181.40,2026-02-18 15:54:20,BNK-616EBAF509A2,GL-68D856CF0D32 Invoice settlement BANK,CUST-2B5C5539,PAYMENT,2026-02-28,0.00,214.64,849181.40,15:54:20,2026-02-28
Demo Company Pvt Ltd,1234567890,Demo Bank Ltd,INR,Coimbatore,DEMOINCCXXX,IN00DEMO1234567890,ACTIVE,CURRENT,840312.94,2026-02-17,840312.94,2026-02-17,840312.94,2026-02-18 16:48:35,840312.94,2026-02-18 16:48:35,BNK-86A61B76DB8E,GL-7D0CB12179C2 Vendor payout BANK,CUST-E3D08852,TRANSFER,2026-02-28,0.00,8868.46,840312.94,16:48:35,2026-02-28
Demo Company Pvt Ltd,1234567890,Demo Bank Ltd,INR,Coimbatore,DEMOINCCXXX,IN00DEMO1234567890,ACTIVE,CURRENT,826180.08,2026-02-17,826180.08,2026-02-17,826180.08,2026-02-18 17:27:23,826180.08,2026-02-18 17:27:23,BNK-68602DE9E762,GL-8B9C609181B3 Customer collection BANK AMOUNT_TYPO,CUST-17BE3507,CHARGEBACK,2026-02-28,0.00,14132.86,826180.08,17:27:23,2026-02-28
Demo Company Pvt Ltd,1234567890,Demo Bank Ltd,INR,Coimbatore,DEMOINCCXXX,IN00DEMO1234567890,ACTIVE,CURRENT,841856.43,2026-02-17,841856.43,2026-02-17,841856.43,2026-02-18 17:42:25,841856.43,2026-02-18 17:42:25,BNK-F848E010568A,GL-CEC4ABB1B90D NEFT transfer BANK,,PAYMENT,2026-02-28,15676.35,0.00,841856.43,17:42:25,2026-02-28
Demo Company Pvt Ltd,1234567890,Demo Bank Ltd,INR,Coimbatore,DEMOINCCXXX,IN00DEMO1234567890,ACTIVE,CURRENT,860808.62,2026-02-17,860808.62,2026-02-17,860808.62,2026-02-18 18:38:01,860808.62,2026-02-18 18:38:01,BNK-3D5174486601,GL-771BEEFE3743 Vendor payout BANK,CUST-82C89F87,PAYMENT,2026-02-28,18952.19,0.00,860808.62,18:38:01,2026-02-28
Demo Company Pvt Ltd,1234567890,Demo Bank Ltd,INR,Coimbatore,DEMOINCCXXX,IN00DEMO1234567890,ACTIVE,CURRENT,887205.93,2026-02-17,887205.93,2026-02-17,887205.93,2026-02-18 19:21:22,887205.93,2026-02-18 19:21:22,BNK-0D028653A757,GL-41DBBA1270FB NEFT transfer,,TRANSFER,2026-02-28,26397.31,0.00,887205.93,19:21:22,2026-02-28
Demo Company Pvt Ltd,1234567890,Demo Bank Ltd,INR,Coimbatore,DEMOINCCXXX,IN00DEMO1234567890,ACTIVE,CURRENT,907678.19,2026-02-17,907678.19,2026-02-17,907678.19,2026-02-18 20:02:40,907678.19,2026-02-18 20:02:40,BNK-3AD92B6B8447,GL-39094FE86333 Customer collection BANK,CUST-8C8C95E7,RECEIPT,2026-02-28,20472.26,0.00,907678.19,20:02:40,2026-02-28
Demo Company Pvt Ltd,1234567890,Demo Bank Ltd,INR,Coimbatore,DEMOINCCXXX,IN00DEMO1234567890,ACTIVE,CURRENT,895777.60,2026-02-17,895777.60,2026-02-17,895777.60,2026-02-18 21:00:55,895777.60,2026-02-18 21:00:55,BNK-7DC5B48ED02A,GL-22CC3544BBF9 Customer collection,CUST-29709FCC,RECEIPT,2026-02-28,0.00,11900.59,895777.60,21:00:55,2026-02-28
Demo Company Pvt Ltd,1234567890,Demo Bank Ltd,INR,Coimbatore,DEMOINCCXXX,IN00DEMO1234567890,ACTIVE,CURRENT,877780.70,2026-02-17,877780.70,2026-02-17,877780.70,2026-02-18 21:35:40,877780.70,2026-02-18 21:35:40,BNK-23A872B539CD,GL-E981B4B5725B UPI transfer BANK,CUST-A42FA263,TRANSFER,2026-02-28,0.00,17996.90,877780.70,21:35:40,2026-02-28
Demo Company Pvt Ltd,1234567890,Demo Bank Ltd,INR,Coimbatore,DEMOINCCXXX,IN00DEMO1234567890,ACTIVE,CURRENT,880090.47,2026-02-17,880090.47,2026-02-17,880090.47,2026-02-18 22:30:26,880090.47,2026-02-18 22:30:26,BNK-DFB5895F57C2,GL-38FC29A94146 Customer collection,CUST-8178A1AC,RECEIPT,2026-02-28,2309.77,0.00,880090.47,22:30:26,2026-02-28
Demo Company Pvt Ltd,1234567890,Demo Bank Ltd,INR,Coimbatore,DEMOINCCXXX,IN00DEMO1234567890,ACTIVE,CURRENT,892611.63,2026-02-17,892611.63,2026-02-17,892611.63,2026-02-18 23:05:58,892611.63,2026-02-18 23:05:58,BNK-8412BF7FAAD1,GL-AEF704F697DA UPI transfer BANK,,RECEIPT,2026-02-28,12521.16,0.00,892611.63,23:05:58,2026-02-28
Demo Company Pvt Ltd,1234567890,Demo Bank Ltd,INR,Coimbatore,DEMOINCCXXX,IN00DEMO1234567890,ACTIVE,CURRENT,892209.55,2026-02-17,892209.55,2026-02-17,892209.55,2026-02-18 23:32:24,892209.55,2026-02-18 23:32:24,BNK-043E6C526EC6,GL-2E4225B1BEE8 Invoice settlement BANK,CUST-132EA91F,RECEIPT,2026-02-28,0.00,402.08,892209.55,23:32:24,2026-02-28
Demo Company Pvt Ltd,1234567890,Demo Bank Ltd,INR,Coimbatore,DEMOINCCXXX,IN00DEMO1234567890,ACTIVE,CURRENT,880422.28,2026-02-17,880422.28,2026-02-17,880422.28,2026-02-18 23:51:30,880422.28,2026-02-18 23:51:30,BNK-900E2A7F5E1A,GL-059643496768 Customer collection BANK,CUST-5DF01B0C,TRANSFER,2026-02-28,0.00,11787.27,880422.28,23:51:30,2026-02-28
Demo Company Pvt Ltd,1234567890,Demo Bank Ltd,INR,Coimbatore,DEMOINCCXXX,IN00DEMO1234567890,ACTIVE,CURRENT,893507.85,2026-02-18,893507.85,2026-02-18,893507.85,2026-02-19 00:50:33,893507.85,2026-02-19 00:50:33,BNK-777ED700D9EC,GL-A9976A10D09E Vendor payout BANK,CUST-08F939DF,CHARGEBACK,2026-02-28,13085.57,0.00,893507.85,00:50:33,2026-02-28
Demo Company Pvt Ltd,1234567890,Demo Bank Ltd,INR,Coimbatore,DEMOINCCXXX,IN00DEMO1234567890,ACTIVE,CURRENT,866754.04,2026-02-18,866754.04,2026-02-18,866754.04,2026-02-19 01:27:51,866754.04,2026-02-19 01:27:51,BNK-1D348681108B,GL-A0F230F2E5CB UPI transfer,CUST-53C00CBE,TRANSFER,2026-02-28,0.00,26753.81,866754.04,01:27:51,2026-02-28
Demo Company Pvt Ltd,1234567890,Demo Bank Ltd,INR,Coimbatore,DEMOINCCXXX,IN00DEMO1234567890,ACTIVE,CURRENT,882936.16,2026-02-18,882936.16,2026-02-18,882936.16,2026-02-19 02:20:44,882936.16,2026-02-19 02:20:44,BNK-7721209E8338,GL-275DAE88E867 Customer collection BANK,CUST-CB20821F,CHARGEBACK,2026-02-28,16182.12,0.00,882936.16,02:20:44,2026-02-28
Demo Company Pvt Ltd,1234567890,Demo Bank Ltd,INR,Coimbatore,DEMOINCCXXX,IN00DEMO1234567890,ACTIVE,CURRENT,886786.80,2026-02-18,886786.80,2026-02-18,886786.80,2026-02-19 03:12:16,886786.80,2026-02-19 03:12:16,BNK-605F02B409B6,GL-4BA10E1269D2 Customer collection BANK,CUST-1C39C7F0,TRANSFER,2026-02-28,3850.64,0.00,886786.80,03:12:16,2026-02-28
Demo Company Pvt Ltd,1234567890,Demo Bank Ltd,INR,Coimbatore,DEMOINCCXXX,IN00DEMO1234567890,ACTIVE,CURRENT,899611.97,2026-02-18,899611.97,2026-02-18,899611.97,2026-02-19 03:52:08,899611.97,2026-02-19 03:52:08,BNK-9F287D5CB993,GL-DDA209EDFF7C NEFT transfer BANK,CUST-1CE6E73D,RECEIPT,2026-02-28,12825.17,0.00,899611.97,03:52:08,2026-02-28
Demo Company Pvt Ltd,1234567890,Demo Bank Ltd,INR,Coimbatore,DEMOINCCXXX,IN00DEMO1234567890,ACTIVE,CURRENT,927197.27,2026-02-18,927197.27,2026-02-18,927197.27,2026-02-19 04:30:35,927197.27,2026-02-19 04:30:35,BNK-243C8B6D28D0,GL-4F405CCE7187 Customer collection BANK,CUST-292AF9BB,RECEIPT,2026-02-28,27585.30,0.00,927197.27,04:30:35,2026-02-28
Demo Company Pvt Ltd,1234567890,Demo Bank Ltd,INR,Coimbatore,DEMOINCCXXX,IN00DEMO1234567890,ACTIVE,CURRENT,946421.88,2026-02-18,946421.88,2026-02-18,946421.88,2026-02-19 05:02:17,946421.88,2026-02-19 05:02:17,,GL-C755F670D0F3 UPI transfer BANK REFERENCE_DROP,,RECEIPT,2026-02-28,19224.61,0.00,946421.88,05:02:17,2026-02-28
Demo Company Pvt Ltd,1234567890,Demo Bank Ltd,INR,Coimbatore,DEMOINCCXXX,IN00DEMO1234567890,ACTIVE,CURRENT,943625.03,2026-02-18,943625.03,2026-02-18,943625.03,2026-02-19 05:46:06,943625.03,2026-02-19 05:46:06,BNK-9770254E7C29,GL-FBAF6E16705C UPI transfer BANK,,TRANSFER,2026-02-28,0.00,2796.85,943625.03,05:46:06,2026-02-28
Demo Company Pvt Ltd,1234567890,Demo Bank Ltd,INR,Coimbatore,DEMOINCCXXX,IN00DEMO1234567890,ACTIVE,CURRENT,918945.97,2026-02-18,918945.97,2026-02-18,918945.97,2026-02-19 06:16:19,918945.97,2026-02-19 06:16:19,,GL-D3510C34E746 Vendor payout BANK REFERENCE_DROP,,TRANSFER,2026-02-28,0.00,24679.06,918945.97,06:16:19,2026-02-28
Demo Company Pvt Ltd,1234567890,Demo Bank Ltd,INR,Coimbatore,DEMOINCCXXX,IN00DEMO1234567890,ACTIVE,CURRENT,945239.21,2026-02-18,945239.21,2026-02-18,945239.21,2026-02-19 07:15:43,945239.21,2026-02-19 07:15:43,BNK-F56B83734D9B,GL-489CE4CB9AA7 Customer collection BANK,CUST-9FC46B30,RECEIPT,2026-02-28,26293.24,0.00,945239.21,07:15:43,2026-02-28
Demo Company Pvt Ltd,1234567890,Demo Bank Ltd,INR,Coimbatore,DEMOINCCXXX,IN00DEMO1234567890,ACTIVE,CURRENT,944783.63,2026-02-18,944783.63,2026-02-18,944783.63,2026-02-19 07:57:44,944783.63,2026-02-19 07:57:44,BNK-1478FA803AFC,GL-CBE55857F735 UPI transfer BANK,,TRANSFER,2026-02-28,0.00,455.58,944783.63,07:57:44,2026-02-28
Demo Company Pvt Ltd,1234567890,Demo Bank Ltd,INR,Coimbatore,DEMOINCCXXX,IN00DEMO1234567890,ACTIVE,CURRENT,971229.29,2026-02-18,971229.29,2026-02-18,971229.29,2026-02-19 08:17:55,971229.29,2026-02-19 08:17:55,BNK-991A949A20E2,GL-88B25187601B UPI transfer,CUST-75A9FE68,CHARGEBACK,2026-02-28,26445.66,0.00,971229.29,08:17:55,2026-02-28
Demo Company Pvt Ltd,1234567890,Demo Bank Ltd,INR,Coimbatore,DEMOINCCXXX,IN00DEMO1234567890,ACTIVE,CURRENT,960912.54,2026-02-18,960912.54,2026-02-18,960912.54,2026-02-19 09:12:17,960912.54,2026-02-19 09:12:17,BNK-91BB7EA97449,GL-52F7EB773F79 Customer collection,,RECEIPT,2026-02-28,0.00,10316.75,960912.54,09:12:17,2026-02-28
Demo Company Pvt Ltd,1234567890,Demo Bank Ltd,INR,Coimbatore,DEMOINCCXXX,IN00DEMO1234567890,ACTIVE,CURRENT,951143.87,2026-02-18,951143.87,2026-02-18,951143.87,2026-02-19 10:11:18,951143.87,2026-02-19 10:11:18,BNK-24A2E245969D,GL-844948DD4D09 Customer collection BANK POLARITY_REVERSAL,CUST-EBCE0AC7,TRANSFER,2026-02-28,0.00,9768.67,951143.87,10:11:18,2026-02-28
Demo Company Pvt Ltd,1234567890,Demo Bank Ltd,INR,Coimbatore,DEMOINCCXXX,IN00DEMO1234567890,ACTIVE,CURRENT,967198.00,2026-02-18,967198.00,2026-02-18,967198.00,2026-02-19 10:31:51,967198.00,2026-02-19 10:31:51,BNK-956E271FC978,GL-86041F4B9F6C Invoice settlement BANK,CUST-6CEB9601,PAYMENT,2026-02-28,16054.13,0.00,967198.00,10:31:51,2026-02-28
Demo Company Pvt Ltd,1234567890,Demo Bank Ltd,INR,Coimbatore,DEMOINCCXXX,IN00DEMO1234567890,ACTIVE,CURRENT,990526.20,2026-02-18,990526.20,2026-02-18,990526.20,2026-02-19 11:03:54,990526.20,2026-02-19 11:03:54,BNK-B5A8BBB1D1C8,GL-188714B2B9FE Customer collection,CUST-F5C2CEB3,TRANSFER,2026-02-28,23328.20,0.00,990526.20,11:03:54,2026-02-28
Demo Company Pvt Ltd,1234567890,Demo Bank Ltd,INR,Coimbatore,DEMOINCCXXX,IN00DEMO1234567890,ACTIVE,CURRENT,986264.17,2026-02-18,986264.17,2026-02-18,986264.17,2026-02-19 11:53:24,986264.17,2026-02-19 11:53:24,BNK-04FC995E7D76,GL-F6EAFD1785FE Customer collection BANK,CUST-1DD5E433,CHARGEBACK,2026-02-28,0.00,4262.03,986264.17,11:53:24,2026-02-28
Demo Company Pvt Ltd,1234567890,Demo Bank Ltd,INR,Coimbatore,DEMOINCCXXX,IN00DEMO1234567890,ACTIVE,CURRENT,961507.68,2026-02-18,961507.68,2026-02-18,961507.68,2026-02-19 12:40:00,961507.68,2026-02-19 12:40:00,BNK-90F5F767AD59,GL-3F6AF5D9FF0F UPI transfer,CUST-9340ADF2,TRANSFER,2026-02-28,0.00,24756.49,961507.68,12:40:00,2026-02-28
Demo Company Pvt Ltd,1234567890,Demo Bank Ltd,INR,Coimbatore,DEMOINCCXXX,IN00DEMO1234567890,ACTIVE,CURRENT,962092.73,2026-02-18,962092.73,2026-02-18,962092.73,2026-02-19 12:58:29,962092.73,2026-02-19 12:58:29,BNK-56F7DEC298C1,GL-07CA150FEE36 UPI transfer BANK,CUST-740F3E83,TRANSFER,2026-02-28,585.05,0.00,962092.73,12:58:29,2026-02-28
Demo Company Pvt Ltd,1234567890,Demo Bank Ltd,INR,Coimbatore,DEMOINCCXXX,IN00DEMO1234567890,ACTIVE,CURRENT,947207.69,2026-02-18,947207.69,2026-02-18,947207.69,2026-02-19 13:47:39,947207.69,2026-02-19 13:47:39,BNK-51BFDEAC4346,GL-867F50759C79 Vendor payout BANK,,TRANSFER,2026-02-28,0.00,14885.04,947207.69,13:47:39,2026-02-28
Demo Company Pvt Ltd,1234567890,Demo Bank Ltd,INR,Coimbatore,DEMOINCCXXX,IN00DEMO1234567890,ACTIVE,CURRENT,959635.11,2026-02-18,959635.11,2026-02-18,959635.11,2026-02-19 14:11:26,959635.11,2026-02-19 14:11:26,BNK-72EAB22D267D,GL-FBC92C333E4D NEFT transfer BANK,,PAYMENT,2026-02-28,12427.42,0.00,959635.11,14:11:26,2026-02-28
Demo Company Pvt Ltd,1234567890,Demo Bank Ltd,INR,Coimbatore,DEMOINCCXXX,IN00DEMO1234567890,ACTIVE,CURRENT,976726.06,2026-02-18,976726.06,2026-02-18,976726.06,2026-02-19 14:40:27,976726.06,2026-02-19 14:40:27,BNK-5B6356F3F880,GL-E93B4A09C7F7 Customer collection BANK,CUST-1594EB88,RECEIPT,2026-02-28,17090.95,0.00,976726.06,14:40:27,2026-02-28
Demo Company Pvt Ltd,1234567890,Demo Bank Ltd,INR,Coimbatore,DEMOINCCXXX,IN00DEMO1234567890,ACTIVE,CURRENT,992360.58,2026-02-18,992360.58,2026-02-18,992360.58,2026-02-19 15:15:23,992360.58,2026-02-19 15:15:23,BNK-D153C1D7850A,GL-FB0DE6D0A666 Customer collection BANK,,PAYMENT,2026-02-28,15634.52,0.00,992360.58,15:15:23,2026-02-28
Demo Company Pvt Ltd,1234567890,Demo Bank Ltd,INR,Coimbatore,DEMOINCCXXX,IN00DEMO1234567890,ACTIVE,CURRENT,989491.99,2026-02-18,989491.99,2026-02-18,989491.99,2026-02-19 16:07:29,989491.99,2026-02-19 16:07:29,BNK-8ED172841C90,GL-778DE85C3416 Invoice settlement POLARITY_REVERSAL,,RECEIPT,2026-02-28,0.00,2868.59,989491.99,16:07:29,2026-02-28
Demo Company Pvt Ltd,1234567890,Demo Bank Ltd,INR,Coimbatore,DEMOINCCXXX,IN00DEMO1234567890,ACTIVE,CURRENT,994762.26,2026-02-18,994762.26,2026-02-18,994762.26,2026-02-19 16:23:51,994762.26,2026-02-19 16:23:51,BNK-10F690AD2FCF,GL-EA30449D269F Invoice settlement BANK,CUST-7309BD38,PAYMENT,2026-02-28,5270.27,0.00,994762.26,16:23:51,2026-02-28
Demo Company Pvt Ltd,1234567890,Demo Bank Ltd,INR,Coimbatore,DEMOINCCXXX,IN00DEMO1234567890,ACTIVE,CURRENT,1018370.71,2026-02-18,1018370.71,2026-02-18,1018370.71,2026-02-19 16:42:48,1018370.71,2026-02-19 16:42:48,BNK-3FE0591EAB03,GL-A5329231078A UPI transfer BANK,CUST-18644B3B,PAYMENT,2026-02-28,23608.45,0.00,1018370.71,16:42:48,2026-02-28
Demo Company Pvt Ltd,1234567890,Demo Bank Ltd,INR,Coimbatore,DEMOINCCXXX,IN00DEMO1234567890,ACTIVE,CURRENT,992971.66,2026-02-18,992971.66,2026-02-18,992971.66,2026-02-19 17:37:06,992971.66,2026-02-19 17:37:06,BNK-EA2EB7268B17,GL-C3075DF8E552 Customer collection,,CHARGEBACK,2026-02-28,0.00,25399.05,992971.66,17:37:06,2026-02-28
Demo Company Pvt Ltd,1234567890,Demo Bank Ltd,INR,Coimbatore,DEMOINCCXXX,IN00DEMO1234567890,ACTIVE,CURRENT,991871.02,2026-02-18,991871.02,2026-02-18,991871.02,2026-02-19 17:57:14,991871.02,2026-02-19 17:57:14,BNK-7D463E6FF012,GL-F66A1754E735 Vendor payout BANK,,CHARGEBACK,2026-02-28,0.00,1100.64,991871.02,17:57:14,2026-02-28
Demo Company Pvt Ltd,1234567890,Demo Bank Ltd,INR,Coimbatore,DEMOINCCXXX,IN00DEMO1234567890,ACTIVE,CURRENT,971490.13,2026-02-18,971490.13,2026-02-18,971490.13,2026-02-19 18:31:41,971490.13,2026-02-19 18:31:41,BNK-53FFEE24291D,GL-D8AC9E63998B UPI transfer BANK,CUST-E52799C4,RECEIPT,2026-02-28,0.00,20380.89,971490.13,18:31:41,2026-02-28
Demo Company Pvt Ltd,1234567890,Demo Bank Ltd,INR,Coimbatore,DEMOINCCXXX,IN00DEMO1234567890,ACTIVE,CURRENT,976220.03,2026-02-18,976220.03,2026-02-18,976220.03,2026-02-19 18:47:58,976220.03,2026-02-19 18:47:58,BNK-B868BB2E7F34,GL-727AB56550F8 Customer collection BANK,,TRANSFER,2026-02-28,4729.90,0.00,976220.03,18:47:58,2026-02-28
Demo Company Pvt Ltd,1234567890,Demo Bank Ltd,INR,Coimbatore,DEMOINCCXXX,IN00DEMO1234567890,ACTIVE,CURRENT,963673.01,2026-02-18,963673.01,2026-02-18,963673.01,2026-02-19 19:46:44,963673.01,2026-02-19 19:46:44,BNK-6807D1D977E9,GL-2F5D91BCFA38 Invoice settlement BANK,,RECEIPT,2026-02-28,0.00,12547.02,963673.01,19:46:44,2026-02-28
Demo Company Pvt Ltd,1234567890,Demo Bank Ltd,INR,Coimbatore,DEMOINCCXXX,IN00DEMO1234567890,ACTIVE,CURRENT,959065.31,2026-02-18,959065.31,2026-02-18,959065.31,2026-02-19 20:46:05,959065.31,2026-02-19 20:46:05,BNK-FAEF6C6482BF,GL-12DD73C0C2E6 NEFT transfer BANK,CUST-4D16B0F6,TRANSFER,2026-02-28,0.00,4607.70,959065.31,20:46:05,2026-02-28
Demo Company Pvt Ltd,1234567890,Demo Bank Ltd,INR,Coimbatore,DEMOINCCXXX,IN00DEMO1234567890,ACTIVE,CURRENT,935515.74,2026-02-18,935515.74,2026-02-18,935515.74,2026-02-19 21:10:10,935515.74,2026-02-19 21:10:10,BNK-51FE18CE07C7,GL-E69446E149BE Customer collection BANK,CUST-40E359C2,RECEIPT,2026-02-28,0.00,23549.57,935515.74,21:10:10,2026-02-28
Demo Company Pvt Ltd,1234567890,Demo Bank Ltd,INR,Coimbatore,DEMOINCCXXX,IN00DEMO1234567890,ACTIVE,CURRENT,937716.31,2026-02-18,937716.31,2026-02-18,937716.31,2026-02-19 21:57:23,937716.31,2026-02-19 21:57:23,BNK-F2512CCB44FE,GL-D3F6827B60F9 Customer collection,CUST-BF64ADFF,CHARGEBACK,2026-02-28,2200.57,0.00,937716.31,21:57:23,2026-02-28
Demo Company Pvt Ltd,1234567890,Demo Bank Ltd,INR,Coimbatore,DEMOINCCXXX,IN00DEMO1234567890,ACTIVE,CURRENT,915013.75,2026-02-18,915013.75,2026-02-18,915013.75,2026-02-19 22:45:10,915013.75,2026-02-19 22:45:10,BNK-EAD76F47CAA3,GL-2328199DC567 Customer collection BANK,CUST-14B5970E,PAYMENT,2026-02-28,0.00,22702.56,915013.75,22:45:10,2026-02-28
Demo Company Pvt Ltd,1234567890,Demo Bank Ltd,INR,Coimbatore,DEMOINCCXXX,IN00DEMO1234567890,ACTIVE,CURRENT,924173.41,2026-02-18,924173.41,2026-02-18,924173.41,2026-02-19 23:17:58,924173.41,2026-02-19 23:17:58,BNK-01B395D62CB7,GL-52AB77D0ED99 UPI transfer DATE_POSTING_ERROR,,RECEIPT,2026-02-28,9159.66,0.00,924173.41,23:17:58,2026-02-28
Demo Company Pvt Ltd,1234567890,Demo Bank Ltd,INR,Coimbatore,DEMOINCCXXX,IN00DEMO1234567890,ACTIVE,CURRENT,923961.90,2026-02-18,923961.90,2026-02-18,923961.90,2026-02-19 23:49:53,923961.90,2026-02-19 23:49:53,BNK-C6C4E8235563,GL-98ED9AB18F67 Customer collection BANK,,CHARGEBACK,2026-02-28,0.00,211.51,923961.90,23:49:53,2026-02-28
Demo Company Pvt Ltd,1234567890,Demo Bank Ltd,INR,Coimbatore,DEMOINCCXXX,IN00DEMO1234567890,ACTIVE,CURRENT,905340.50,2026-02-19,905340.50,2026-02-19,905340.50,2026-02-20 00:06:57,905340.50,2026-02-20 00:06:57,BNK-A3C8EB92C908,GL-DD11BE09392A Invoice settlement BANK,,CHARGEBACK,2026-02-28,0.00,18621.40,905340.50,00:06:57,2026-02-28
Demo Company Pvt Ltd,1234567890,Demo Bank Ltd,INR,Coimbatore,DEMOINCCXXX,IN00DEMO1234567890,ACTIVE,CURRENT,910503.96,2026-02-19,910503.96,2026-02-19,910503.96,2026-02-20 00:46:18,910503.96,2026-02-20 00:46:18,BNK-D39E6EC47DFF,GL-3B99D5094B41 UPI transfer BANK,,CHARGEBACK,2026-02-28,5163.46,0.00,910503.96,00:46:18,2026-02-28
Demo Company Pvt Ltd,1234567890,Demo Bank Ltd,INR,Coimbatore,DEMOINCCXXX,IN00DEMO1234567890,ACTIVE,CURRENT,924399.67,2026-02-19,924399.67,2026-02-19,924399.67,2026-02-20 01:34:24,924399.67,2026-02-20 01:34:24,BNK-0C48BA69E169,GL-EA8897F0A82B UPI transfer,CUST-71EC440E,PAYMENT,2026-02-28,13895.71,0.00,924399.67,01:34:24,2026-02-28
Demo Company Pvt Ltd,1234567890,Demo Bank Ltd,INR,Coimbatore,DEMOINCCXXX,IN00DEMO1234567890,ACTIVE,CURRENT,910675.87,2026-02-19,910675.87,2026-02-19,910675.87,2026-02-20 02:17:03,910675.87,2026-02-20 02:17:03,BNK-5D4ACF2D50A2,GL-C0D4675A4CA4 Vendor payout BANK POLARITY_REVERSAL,CUST-E3E81A6A,PAYMENT,2026-02-28,0.00,13723.80,910675.87,02:17:03,2026-02-28
Demo Company Pvt Ltd,1234567890,Demo Bank Ltd,INR,Coimbatore,DEMOINCCXXX,IN00DEMO1234567890,ACTIVE,CURRENT,924651.45,2026-02-19,924651.45,2026-02-19,924651.45,2026-02-20 03:00:49,924651.45,2026-02-20 03:00:49,BNK-D7C88848B416,GL-8C8C7D88FECB NEFT transfer,CUST-FFE05BBB,CHARGEBACK,2026-02-28,13975.58,0.00,924651.45,03:00:49,2026-02-28
Demo Company Pvt Ltd,1234567890,Demo Bank Ltd,INR,Coimbatore,DEMOINCCXXX,IN00DEMO1234567890,ACTIVE,CURRENT,903272.20,2026-02-19,903272.20,2026-02-19,903272.20,2026-02-20 03:30:14,903272.20,2026-02-20 03:30:14,BNK-746477DD84E8,GL-329EE1FE76C8 Vendor payout,CUST-FF260BC4,CHARGEBACK,2026-02-28,0.00,21379.25,903272.20,03:30:14,2026-02-28
Demo Company Pvt Ltd,1234567890,Demo Bank Ltd,INR,Coimbatore,DEMOINCCXXX,IN00DEMO1234567890,ACTIVE,CURRENT,876866.79,2026-02-19,876866.79,2026-02-19,876866.79,2026-02-20 04:28:10,876866.79,2026-02-20 04:28:10,BNK-E6DE4817F796,GL-AAE875229FE3 Customer collection BANK POLARITY_REVERSAL,CUST-B36356CF,RECEIPT,2026-02-28,0.00,26405.41,876866.79,04:28:10,2026-02-28
Demo Company Pvt Ltd,1234567890,Demo Bank Ltd,INR,Coimbatore,DEMOINCCXXX,IN00DEMO1234567890,ACTIVE,CURRENT,871509.77,2026-02-19,871509.77,2026-02-19,871509.77,2026-02-20 05:25:29,871509.77,2026-02-20 05:25:29,BNK-6DA02FF4A06A,GL-B8416775C664 UPI transfer,CUST-8CFF645A,PAYMENT,2026-02-28,0.00,5357.02,871509.77,05:25:29,2026-02-28
Demo Company Pvt Ltd,1234567890,Demo Bank Ltd,INR,Coimbatore,DEMOINCCXXX,IN00DEMO1234567890,ACTIVE,CURRENT,871472.11,2026-02-19,871472.11,2026-02-19,871472.11,2026-02-20 06:02:24,871472.11,2026-02-20 06:02:24,BNK-17DA4C814F97,Monthly Account Fee,,BANK_ONLY,2026-02-28,0.00,37.66,871472.11,06:02:24,2026-02-28
Demo Company Pvt Ltd,1234567890,Demo Bank Ltd,INR,Coimbatore,DEMOINCCXXX,IN00DEMO1234567890,ACTIVE,CURRENT,871604.02,2026-02-19,871604.02,2026-02-19,871604.02,2026-02-20 06:26:44,871604.02,2026-02-20 06:26:44,BNK-E5086AE15A69,Sweep Interest,,BANK_ONLY,2026-02-28,131.91,0.00,871604.02,06:26:44,2026-02-28
Demo Company Pvt Ltd,1234567890,Demo Bank Ltd,INR,Coimbatore,DEMOINCCXXX,IN00DEMO1234567890,ACTIVE,CURRENT,871411.11,2026-02-19,871411.11,2026-02-19,871411.11,2026-02-20 07:12:43,871411.11,2026-02-20 07:12:43,BNK-813C857B8AE4,Monthly Account Fee,,BANK_ONLY,2026-02-28,0.00,192.91,871411.11,07:12:43,2026-02-28
Demo Company Pvt Ltd,1234567890,Demo Bank Ltd,INR,Coimbatore,DEMOINCCXXX,IN00DEMO1234567890,ACTIVE,CURRENT,871388.20,2026-02-19,871388.20,2026-02-19,871388.20,2026-02-20 08:12:17,871388.20,2026-02-20 08:12:17,BNK-5B15DDC517F3,Overdraft Charge DATE_POSTING_ERROR,,BANK_ONLY,2026-02-28,0.00,22.91,871388.20,08:12:17,2026-02-28
Demo Company Pvt Ltd,1234567890,Demo Bank Ltd,INR,Coimbatore,DEMOINCCXXX,IN00DEMO1234567890,ACTIVE,CURRENT,871292.37,2026-02-19,871292.37,2026-02-19,871292.37,2026-02-20 09:04:53,871292.37,2026-02-20 09:04:53,BNK-874892324933,Overdraft Charge,,BANK_ONLY,2026-02-28,0.00,95.83,871292.37,09:04:53,2026-02-28
Demo Company Pvt Ltd,1234567890,Demo Bank Ltd,INR,Coimbatore,DEMOINCCXXX,IN00DEMO1234567890,ACTIVE,CURRENT,871019.88,2026-02-19,871019.88,2026-02-19,871019.88,2026-02-20 09:45:33,871019.88,2026-02-20 09:45:33,BNK-4DB77D75AA80,Overdraft Charge,,BANK_ONLY,2026-02-28,0.00,272.49,871019.88,09:45:33,2026-02-28
Demo Company Pvt Ltd,1234567890,Demo Bank Ltd,INR,Coimbatore,DEMOINCCXXX,IN00DEMO1234567890,ACTIVE,CURRENT,870791.03,2026-02-19,870791.03,2026-02-19,870791.03,2026-02-20 10:14:38,870791.03,2026-02-20 10:14:38,BNK-E303DA321773,Overdraft Charge,,BANK_ONLY,2026-02-28,0.00,228.85,870791.03,10:14:38,2026-02-28
Demo Company Pvt Ltd,1234567890,Demo Bank Ltd,INR,Coimbatore,DEMOINCCXXX,IN00DEMO1234567890,ACTIVE,CURRENT,870500.48,2026-02-19,870500.48,2026-02-19,870500.48,2026-02-20 10:34:27,870500.48,2026-02-20 10:34:27,BNK-C6F7689A2936,Overdraft Charge,,BANK_ONLY,2026-02-28,0.00,290.55,870500.48,10:34:27,2026-02-28
Demo Company Pvt Ltd,1234567890,Demo Bank Ltd,INR,Coimbatore,DEMOINCCXXX,IN00DEMO1234567890,ACTIVE,CURRENT,870235.04,2026-02-19,870235.04,2026-02-19,870235.04,2026-02-20 10:57:13,870235.04,2026-02-20 10:57:13,BNK-9DF633F0A6A9,Monthly Account Fee,,BANK_ONLY,2026-02-28,0.00,265.44,870235.04,10:57:13,2026-02-28
Demo Company Pvt Ltd,1234567890,Demo Bank Ltd,INR,Coimbatore,DEMOINCCXXX,IN00DEMO1234567890,ACTIVE,CURRENT,870211.03,2026-02-19,870211.03,2026-02-19,870211.03,2026-02-20 11:24:04,870211.03,2026-02-20 11:24:04,BNK-606BD3CC11B1,Overdraft Charge,,BANK_ONLY,2026-02-28,0.00,24.01,870211.03,11:24:04,2026-02-28
Demo Company Pvt Ltd,1234567890,Demo Bank Ltd,INR,Coimbatore,DEMOINCCXXX,IN00DEMO1234567890,ACTIVE,CURRENT,869901.26,2026-02-19,869901.26,2026-02-19,869901.26,2026-02-20 12:08:52,869901.26,2026-02-20 12:08:52,BNK-999D4BE857B8,Monthly Account Fee,,BANK_ONLY,2026-02-28,0.00,309.77,869901.26,12:08:52,2026-02-28
Demo Company Pvt Ltd,1234567890,Demo Bank Ltd,INR,Coimbatore,DEMOINCCXXX,IN00DEMO1234567890,ACTIVE,CURRENT,869733.98,2026-02-19,869733.98,2026-02-19,869733.98,2026-02-20 13:07:06,869733.98,2026-02-20 13:07:06,BNK-1038A4C540CF,Card Network Charge DATE_POSTING_ERROR,,BANK_ONLY,2026-02-28,0.00,167.28,869733.98,13:07:06,2026-02-28
Demo Company Pvt Ltd,1234567890,Demo Bank Ltd,INR,Coimbatore,DEMOINCCXXX,IN00DEMO1234567890,ACTIVE,CURRENT,869689.17,2026-02-19,869689.17,2026-02-19,869689.17,2026-02-20 13:40:31,869689.17,2026-02-20 13:40:31,BNK-A8A77DA208D5,Card Network Charge,,BANK_ONLY,2026-02-28,0.00,44.81,869689.17,13:40:31,2026-02-28
Demo Company Pvt Ltd,1234567890,Demo Bank Ltd,INR,Coimbatore,DEMOINCCXXX,IN00DEMO1234567890,ACTIVE,CURRENT,869355.03,2026-02-19,869355.03,2026-02-19,869355.03,2026-02-20 14:26:23,869355.03,2026-02-20 14:26:23,BNK-AED87077378A,Card Network Charge,,BANK_ONLY,2026-02-28,0.00,334.14,869355.03,14:26:23,2026-02-28
Demo Company Pvt Ltd,1234567890,Demo Bank Ltd,INR,Coimbatore,DEMOINCCXXX,IN00DEMO1234567890,ACTIVE,CURRENT,869214.30,2026-02-19,869214.30,2026-02-19,869214.30,2026-02-20 15:03:02,869214.30,2026-02-20 15:03:02,BNK-5366536856BD,Overdraft Charge,,BANK_ONLY,2026-02-28,0.00,140.73,869214.30,15:03:02,2026-02-28
Demo Company Pvt Ltd,1234567890,Demo Bank Ltd,INR,Coimbatore,DEMOINCCXXX,IN00DEMO1234567890,ACTIVE,CURRENT,869209.24,2026-02-19,869209.24,2026-02-19,869209.24,2026-02-20 16:02:54,869209.24,2026-02-20 16:02:54,BNK-EE2E56D8C4AB,Overdraft Charge,,BANK_ONLY,2026-02-28,0.00,5.06,869209.24,16:02:54,2026-02-28
Demo Company Pvt Ltd,1234567890,Demo Bank Ltd,INR,Coimbatore,DEMOINCCXXX,IN00DEMO1234567890,ACTIVE,CURRENT,869181.65,2026-02-19,869181.65,2026-02-19,869181.65,2026-02-20 16:58:33,869181.65,2026-02-20 16:58:33,BNK-A30D5280AED9,Overdraft Charge,,BANK_ONLY,2026-02-28,0.00,27.59,869181.65,16:58:33,2026-02-28
Demo Company Pvt Ltd,1234567890,Demo Bank Ltd,INR,Coimbatore,DEMOINCCXXX,IN00DEMO1234567890,ACTIVE,CURRENT,869001.69,2026-02-19,869001.69,2026-02-19,869001.69,2026-02-20 17:29:29,869001.69,2026-02-20 17:29:29,BNK-68F02E898601,Overdraft Charge,,BANK_ONLY,2026-02-28,0.00,179.96,869001.69,17:29:29,2026-02-28
Demo Company Pvt Ltd,1234567890,Demo Bank Ltd,INR,Coimbatore,DEMOINCCXXX,IN00DEMO1234567890,ACTIVE,CURRENT,869017.63,2026-02-19,869017.63,2026-02-19,869017.63,2026-02-20 18:11:59,869017.63,2026-02-20 18:11:59,BNK-1A3C56B70DAE,Sweep Interest,,BANK_ONLY,2026-02-28,15.94,0.00,869017.63,18:11:59,2026-02-28
Demo Company Pvt Ltd,1234567890,Demo Bank Ltd,INR,Coimbatore,DEMOINCCXXX,IN00DEMO1234567890,ACTIVE,CURRENT,868861.86,2026-02-19,868861.86,2026-02-19,868861.86,2026-02-20 18:58:04,868861.86,2026-02-20 18:58:04,BNK-4A05F8840A77,Monthly Account Fee,,BANK_ONLY,2026-02-28,0.00,155.77,868861.86,18:58:04,2026-02-28
Demo Company Pvt Ltd,1234567890,Demo Bank Ltd,INR,Coimbatore,DEMOINCCXXX,IN00DEMO1234567890,ACTIVE,CURRENT,868801.28,2026-02-19,868801.28,2026-02-19,868801.28,2026-02-20 19:15:29,868801.28,2026-02-20 19:15:29,BNK-18B9FB682541,Overdraft Charge,,BANK_ONLY,2026-02-28,0.00,60.58,868801.28,19:15:29,2026-02-28
Demo Company Pvt Ltd,1234567890,Demo Bank Ltd,INR,Coimbatore,DEMOINCCXXX,IN00DEMO1234567890,ACTIVE,CURRENT,868718.33,2026-02-19,868718.33,2026-02-19,868718.33,2026-02-20 19:42:25,868718.33,2026-02-20 19:42:25,BNK-E1102E471D81,Overdraft Charge,,BANK_ONLY,2026-02-28,0.00,82.95,868718.33,19:42:25,2026-02-28
Demo Company Pvt Ltd,1234567890,Demo Bank Ltd,INR,Coimbatore,DEMOINCCXXX,IN00DEMO1234567890,ACTIVE,CURRENT,868550.92,2026-02-19,868550.92,2026-02-19,868550.92,2026-02-20 20:42:25,868550.92,2026-02-20 20:42:25,BNK-78FEB2EC9E42,Overdraft Charge,,BANK_ONLY,2026-02-28,0.00,167.41,868550.92,20:42:25,2026-02-28
Demo Company Pvt Ltd,1234567890,Demo Bank Ltd,INR,Coimbatore,DEMOINCCXXX,IN00DEMO1234567890,ACTIVE,CURRENT,868253.22,2026-02-19,868253.22,2026-02-19,868253.22,2026-02-20 21:36:43,868253.22,2026-02-20 21:36:43,BNK-70709598C356,Overdraft Charge,,BANK_ONLY,2026-02-28,0.00,297.70,868253.22,21:36:43,2026-02-28
Demo Company Pvt Ltd,1234567890,Demo Bank Ltd,INR,Coimbatore,DEMOINCCXXX,IN00DEMO1234567890,ACTIVE,CURRENT,868047.34,2026-02-19,868047.34,2026-02-19,868047.34,2026-02-20 22:02:39,868047.34,2026-02-20 22:02:39,BNK-6D7E3BACFC2B,Monthly Account Fee,,BANK_ONLY,2026-02-28,0.00,205.88,868047.34,22:02:39,2026-02-28
Demo Company Pvt Ltd,1234567890,Demo Bank Ltd,INR,Coimbatore,DEMOINCCXXX,IN00DEMO1234567890,ACTIVE,CURRENT,867826.29,2026-02-19,867826.29,2026-02-19,867826.29,2026-02-20 22:24:04,867826.29,2026-02-20 22:24:04,BNK-80CA0033D448,Overdraft Charge,,BANK_ONLY,2026-02-28,0.00,221.05,867826.29,22:24:04,2026-02-28
Demo Company Pvt Ltd,1234567890,Demo Bank Ltd,INR,Coimbatore,DEMOINCCXXX,IN00DEMO1234567890,ACTIVE,CURRENT,867925.32,2026-02-19,867925.32,2026-02-19,867925.32,2026-02-20 22:51:16,867925.32,2026-02-20 22:51:16,BNK-D2DDE7E67506,Sweep Interest,,BANK_ONLY,2026-02-28,99.03,0.00,867925.32,22:51:16,2026-02-28
Demo Company Pvt Ltd,1234567890,Demo Bank Ltd,INR,Coimbatore,DEMOINCCXXX,IN00DEMO1234567890,ACTIVE,CURRENT,867847.48,2026-02-19,867847.48,2026-02-19,867847.48,2026-02-20 23:19:28,867847.48,2026-02-20 23:19:28,BNK-FA4CC28478F6,Overdraft Charge,,BANK_ONLY,2026-02-28,0.00,77.84,867847.48,23:19:28,2026-02-28
Demo Company Pvt Ltd,1234567890,Demo Bank Ltd,INR,Coimbatore,DEMOINCCXXX,IN00DEMO1234567890,ACTIVE,CURRENT,867751.95,2026-02-20,867751.95,2026-02-20,867751.95,2026-02-21 00:01:01,867751.95,2026-02-21 00:01:01,BNK-137486DCD6EE,Overdraft Charge,,BANK_ONLY,2026-02-28,0.00,95.53,867751.95,00:01:01,2026-02-28
Demo Company Pvt Ltd,1234567890,Demo Bank Ltd,INR,Coimbatore,DEMOINCCXXX,IN00DEMO1234567890,ACTIVE,CURRENT,867534.76,2026-02-20,867534.76,2026-02-20,867534.76,2026-02-21 00:55:30,867534.76,2026-02-21 00:55:30,BNK-5DA141549CDC,Monthly Account Fee,,BANK_ONLY,2026-02-28,0.00,217.19,867534.76,00:55:30,2026-02-28
Demo Company Pvt Ltd,1234567890,Demo Bank Ltd,INR,Coimbatore,DEMOINCCXXX,IN00DEMO1234567890,ACTIVE,CURRENT,867689.42,2026-02-20,867689.42,2026-02-20,867689.42,2026-02-21 01:31:15,867689.42,2026-02-21 01:31:15,BNK-1F1F4094FDD5,Sweep Interest,,BANK_ONLY,2026-02-28,154.66,0.00,867689.42,01:31:15,2026-02-28
Demo Company Pvt Ltd,1234567890,Demo Bank Ltd,INR,Coimbatore,DEMOINCCXXX,IN00DEMO1234567890,ACTIVE,CURRENT,867588.61,2026-02-20,867588.61,2026-02-20,867588.61,2026-02-21 02:22:15,867588.61,2026-02-21 02:22:15,BNK-24738488D18E,Overdraft Charge,,BANK_ONLY,2026-02-28,0.00,100.81,867588.61,02:22:15,2026-02-28
Demo Company Pvt Ltd,1234567890,Demo Bank Ltd,INR,Coimbatore,DEMOINCCXXX,IN00DEMO1234567890,ACTIVE,CURRENT,867326.92,2026-02-20,867326.92,2026-02-20,867326.92,2026-02-21 02:53:47,867326.92,2026-02-21 02:53:47,BNK-3C9D57A18A0B,Overdraft Charge,,BANK_ONLY,2026-02-28,0.00,261.69,867326.92,02:53:47,2026-02-28
Demo Company Pvt Ltd,1234567890,Demo Bank Ltd,INR,Coimbatore,DEMOINCCXXX,IN00DEMO1234567890,ACTIVE,CURRENT,867382.66,2026-02-20,867382.66,2026-02-20,867382.66,2026-02-21 03:16:18,867382.66,2026-02-21 03:16:18,BNK-2C392170630F,Sweep Interest,,BANK_ONLY,2026-02-28,55.74,0.00,867382.66,03:16:18,2026-02-28
Demo Company Pvt Ltd,1234567890,Demo Bank Ltd,INR,Coimbatore,DEMOINCCXXX,IN00DEMO1234567890,ACTIVE,CURRENT,840364.36,2026-02-20,840364.36,2026-02-20,840364.36,2026-02-21 03:37:56,840364.36,2026-02-21 03:37:56,BNK-92CF7C94F944,GL-D31A2EC58507 UPI transfer BANK,CUST-108F4D1A,TRANSFER,2026-02-28,0.00,27018.30,840364.36,03:37:56,2026-02-28
Demo Company Pvt Ltd,1234567890,Demo Bank Ltd,INR,Coimbatore,DEMOINCCXXX,IN00DEMO1234567890,ACTIVE,CURRENT,865269.91,2026-02-20,865269.91,2026-02-20,865269.91,2026-02-21 04:20:14,865269.91,2026-02-21 04:20:14,BNK-DDB418D6A271,GL-C28A1597B028 Customer collection,,RECEIPT,2026-02-28,24905.55,0.00,865269.91,04:20:14,2026-02-28
Demo Company Pvt Ltd,1234567890,Demo Bank Ltd,INR,Coimbatore,DEMOINCCXXX,IN00DEMO1234567890,ACTIVE,CURRENT,843706.34,2026-02-20,843706.34,2026-02-20,843706.34,2026-02-21 04:43:32,843706.34,2026-02-21 04:43:32,BNK-8D12CFABCC1D,GL-2AD3329457E4 Invoice settlement BANK,CUST-0DE9C658,TRANSFER,2026-02-28,0.00,21563.57,843706.34,04:43:32,2026-02-28
Demo Company Pvt Ltd,1234567890,Demo Bank Ltd,INR,Coimbatore,DEMOINCCXXX,IN00DEMO1234567890,ACTIVE,CURRENT,868727.83,2026-02-20,868727.83,2026-02-20,868727.83,2026-02-21 05:35:28,868727.83,2026-02-21 05:35:28,BNK-6A33A0B855D1,GL-9D4E395D0DAE UPI transfer,CUST-21742A3A,CHARGEBACK,2026-02-28,25021.49,0.00,868727.83,05:35:28,2026-02-28
Demo Company Pvt Ltd,1234567890,Demo Bank Ltd,INR,Coimbatore,DEMOINCCXXX,IN00DEMO1234567890,ACTIVE,CURRENT,845151.36,2026-02-20,845151.36,2026-02-20,845151.36,2026-02-21 06:28:49,845151.36,2026-02-21 06:28:49,BNK-3397EF8511AD,GL-E79357C26B73 Customer collection BANK,CUST-15CD0FF2,RECEIPT,2026-02-28,0.00,23576.47,845151.36,06:28:49,2026-02-28
Demo Company Pvt Ltd,1234567890,Demo Bank Ltd,INR,Coimbatore,DEMOINCCXXX,IN00DEMO1234567890,ACTIVE,CURRENT,832597.78,2026-02-20,832597.78,2026-02-20,832597.78,2026-02-21 07:03:47,832597.78,2026-02-21 07:03:47,BNK-23A9878666E7,GL-222EF99D704C Invoice settlement BANK,CUST-85B9AB30,RECEIPT,2026-02-28,0.00,12553.58,832597.78,07:03:47,2026-02-28
Demo Company Pvt Ltd,1234567890,Demo Bank Ltd,INR,Coimbatore,DEMOINCCXXX,IN00DEMO1234567890,ACTIVE,CURRENT,815091.21,2026-02-20,815091.21,2026-02-20,815091.21,2026-02-21 08:00:30,815091.21,2026-02-21 08:00:30,BNK-F8539766FB70,GL-AE5498E259CB Customer collection BANK,CUST-6E9B1665,TRANSFER,2026-02-28,0.00,17506.57,815091.21,08:00:30,2026-02-28
Demo Company Pvt Ltd,1234567890,Demo Bank Ltd,INR,Coimbatore,DEMOINCCXXX,IN00DEMO1234567890,ACTIVE,CURRENT,815288.42,2026-02-20,815288.42,2026-02-20,815288.42,2026-02-21 08:23:43,815288.42,2026-02-21 08:23:43,BNK-218CE66026C7,GL-011D26AA8729 NEFT transfer BANK,CUST-E06C5441,RECEIPT,2026-02-28,197.21,0.00,815288.42,08:23:43,2026-02-28
Demo Company Pvt Ltd,1234567890,Demo Bank Ltd,INR,Coimbatore,DEMOINCCXXX,IN00DEMO1234567890,ACTIVE,CURRENT,787751.01,2026-02-20,787751.01,2026-02-20,787751.01,2026-02-21 09:14:50,787751.01,2026-02-21 09:14:50,BNK-20E37457B5A2,GL-A3B049503C12 Vendor payout BANK,,PAYMENT,2026-02-28,0.00,27537.41,787751.01,09:14:50,2026-02-28
Demo Company Pvt Ltd,1234567890,Demo Bank Ltd,INR,Coimbatore,DEMOINCCXXX,IN00DEMO1234567890,ACTIVE,CURRENT,810251.38,2026-02-20,810251.38,2026-02-20,810251.38,2026-02-21 10:03:28,810251.38,2026-02-21 10:03:28,BNK-6E4F1D57D800,GL-F69EEFA827B9 UPI transfer BANK,,CHARGEBACK,2026-02-28,22500.37,0.00,810251.38,10:03:28,2026-02-28
Demo Company Pvt Ltd,1234567890,Demo Bank Ltd,INR,Coimbatore,DEMOINCCXXX,IN00DEMO1234567890,ACTIVE,CURRENT,815804.22,2026-02-20,815804.22,2026-02-20,815804.22,2026-02-21 10:26:50,815804.22,2026-02-21 10:26:50,BNK-97273662CC23,GL-8FB323C49DC2 Invoice settlement,CUST-CB3B2C10,CHARGEBACK,2026-02-28,5552.84,0.00,815804.22,10:26:50,2026-02-28
Demo Company Pvt Ltd,1234567890,Demo Bank Ltd,INR,Coimbatore,DEMOINCCXXX,IN00DEMO1234567890,ACTIVE,CURRENT,820216.19,2026-02-20,820216.19,2026-02-20,820216.19,2026-02-21 11:17:01,820216.19,2026-02-21 11:17:01,BNK-6C0F5A63BDE0,GL-8059901C4D21 Customer collection BANK,CUST-77FAA24D,PAYMENT,2026-02-28,4411.97,0.00,820216.19,11:17:01,2026-02-28
Demo Company Pvt Ltd,1234567890,Demo Bank Ltd,INR,Coimbatore,DEMOINCCXXX,IN00DEMO1234567890,ACTIVE,CURRENT,822524.78,2026-02-20,822524.78,2026-02-20,822524.78,2026-02-21 12:15:21,822524.78,2026-02-21 12:15:21,BNK-0704D6C25346,GL-71F0CBD83F46 Customer collection BANK,,RECEIPT,2026-02-28,2308.59,0.00,822524.78,12:15:21,2026-02-28
Demo Company Pvt Ltd,1234567890,Demo Bank Ltd,INR,Coimbatore,DEMOINCCXXX,IN00DEMO1234567890,ACTIVE,CURRENT,809942.19,2026-02-20,809942.19,2026-02-20,809942.19,2026-02-21 13:00:56,809942.19,2026-02-21 13:00:56,BNK-A9EE3BBE62F8,GL-45ABBC311C9C Customer collection,,TRANSFER,2026-02-28,0.00,12582.59,809942.19,13:00:56,2026-02-28
Demo Company Pvt Ltd,1234567890,Demo Bank Ltd,INR,Coimbatore,DEMOINCCXXX,IN00DEMO1234567890,ACTIVE,CURRENT,820029.59,2026-02-20,820029.59,2026-02-20,820029.59,2026-02-21 13:50:38,820029.59,2026-02-21 13:50:38,BNK-50B6C3A1F483,GL-1591AC11768A Vendor payout BANK,CUST-D42E46E1,PAYMENT,2026-02-28,10087.40,0.00,820029.59,13:50:38,2026-02-28
Demo Company Pvt Ltd,1234567890,Demo Bank Ltd,INR,Coimbatore,DEMOINCCXXX,IN00DEMO1234567890,ACTIVE,CURRENT,819835.79,2026-02-20,819835.79,2026-02-20,819835.79,2026-02-21 14:38:44,819835.79,2026-02-21 14:38:44,BNK-83D10433D2D1,GL-5C02E69B4819 Customer collection,CUST-A42A59BC,RECEIPT,2026-02-28,0.00,193.80,819835.79,14:38:44,2026-02-28
Demo Company Pvt Ltd,1234567890,Demo Bank Ltd,INR,Coimbatore,DEMOINCCXXX,IN00DEMO1234567890,ACTIVE,CURRENT,833465.51,2026-02-20,833465.51,2026-02-20,833465.51,2026-02-21 15:33:06,833465.51,2026-02-21 15:33:06,BNK-089B56813386,GL-8C72C9E6B064 NEFT transfer,CUST-5B968D3E,RECEIPT,2026-02-28,13629.72,0.00,833465.51,15:33:06,2026-02-28
Demo Company Pvt Ltd,1234567890,Demo Bank Ltd,INR,Coimbatore,DEMOINCCXXX,IN00DEMO1234567890,ACTIVE,CURRENT,829165.41,2026-02-20,829165.41,2026-02-20,829165.41,2026-02-21 15:59:09,829165.41,2026-02-21 15:59:09,BNK-D13967EA3D53,GL-964D5E6CD61F Invoice settlement BANK,,CHARGEBACK,2026-02-28,0.00,4300.10,829165.41,15:59:09,2026-02-28
Demo Company Pvt Ltd,1234567890,Demo Bank Ltd,INR,Coimbatore,DEMOINCCXXX,IN00DEMO1234567890,ACTIVE,CURRENT,804387.53,2026-02-20,804387.53,2026-02-20,804387.53,2026-02-21 16:36:11,804387.53,2026-02-21 16:36:11,BNK-B6E43ED9A9DF,GL-5836401DAC29 Customer collection BANK,CUST-F54B48F4,PAYMENT,2026-02-28,0.00,24777.88,804387.53,16:36:11,2026-02-28
Demo Company Pvt Ltd,1234567890,Demo Bank Ltd,INR,Coimbatore,DEMOINCCXXX,IN00DEMO1234567890,ACTIVE,CURRENT,830112.20,2026-02-20,830112.20,2026-02-20,830112.20,2026-02-21 17:13:31,830112.20,2026-02-21 17:13:31,BNK-F672854350F7,GL-115C688EE7B3 NEFT transfer,,RECEIPT,2026-02-28,25724.67,0.00,830112.20,17:13:31,2026-02-28
Demo Company Pvt Ltd,1234567890,Demo Bank Ltd,INR,Coimbatore,DEMOINCCXXX,IN00DEMO1234567890,ACTIVE,CURRENT,836578.32,2026-02-20,836578.32,2026-02-20,836578.32,2026-02-21 17:39:47,836578.32,2026-02-21 17:39:47,BNK-5BBB99778FCE,GL-5FE3F05C3713 Customer collection,CUST-E0720D84,TRANSFER,2026-02-28,6466.12,0.00,836578.32,17:39:47,2026-02-28
Demo Company Pvt Ltd,1234567890,Demo Bank Ltd,INR,Coimbatore,DEMOINCCXXX,IN00DEMO1234567890,ACTIVE,CURRENT,824052.86,2026-02-20,824052.86,2026-02-20,824052.86,2026-02-21 18:38:24,824052.86,2026-02-21 18:38:24,BNK-7A1715F742A3,GL-4B93B81F6DA7 Invoice settlement BANK POLARITY_REVERSAL,CUST-497A213A,PAYMENT,2026-02-28,0.00,12525.46,824052.86,18:38:24,2026-02-28
Demo Company Pvt Ltd,1234567890,Demo Bank Ltd,INR,Coimbatore,DEMOINCCXXX,IN00DEMO1234567890,ACTIVE,CURRENT,843104.17,2026-02-20,843104.17,2026-02-20,843104.17,2026-02-21 19:17:41,843104.17,2026-02-21 19:17:41,BNK-3F7DFDF7A888,GL-7E41C191312C NEFT transfer,CUST-FCC1513E,TRANSFER,2026-02-28,19051.31,0.00,843104.17,19:17:41,2026-02-28
Demo Company Pvt Ltd,1234567890,Demo Bank Ltd,INR,Coimbatore,DEMOINCCXXX,IN00DEMO1234567890,ACTIVE,CURRENT,826401.45,2026-02-20,826401.45,2026-02-20,826401.45,2026-02-21 20:11:35,826401.45,2026-02-21 20:11:35,BNK-C3BB07ECAA5F,GL-EDD051A87210 Vendor payout BANK,,RECEIPT,2026-02-28,0.00,16702.72,826401.45,20:11:35,2026-02-28
Demo Company Pvt Ltd,1234567890,Demo Bank Ltd,INR,Coimbatore,DEMOINCCXXX,IN00DEMO1234567890,ACTIVE,CURRENT,801416.92,2026-02-20,801416.92,2026-02-20,801416.92,2026-02-21 20:51:53,801416.92,2026-02-21 20:51:53,BNK-939C05F0ACF3,GL-5F21248F8A48 NEFT transfer BANK,CUST-5D0EB847,TRANSFER,2026-02-28,0.00,24984.53,801416.92,20:51:53,2026-02-28
Demo Company Pvt Ltd,1234567890,Demo Bank Ltd,INR,Coimbatore,DEMOINCCXXX,IN00DEMO1234567890,ACTIVE,CURRENT,811432.04,2026-02-20,811432.04,2026-02-20,811432.04,2026-02-21 21:20:10,811432.04,2026-02-21 21:20:10,BNK-6C3E1CC7551D,GL-09476FFA6147 Customer collection BANK,CUST-DE35C77B,PAYMENT,2026-02-28,10015.12,0.00,811432.04,21:20:10,2026-02-28
Demo Company Pvt Ltd,1234567890,Demo Bank Ltd,INR,Coimbatore,DEMOINCCXXX,IN00DEMO1234567890,ACTIVE,CURRENT,793769.70,2026-02-20,793769.70,2026-02-20,793769.70,2026-02-21 21:41:23,793769.70,2026-02-21 21:41:23,BNK-BE25DF6E5C8C,GL-1D3719292729 NEFT transfer BANK,CUST-6342A923,CHARGEBACK,2026-02-28,0.00,17662.34,793769.70,21:41:23,2026-02-28
Demo Company Pvt Ltd,1234567890,Demo Bank Ltd,INR,Coimbatore,DEMOINCCXXX,IN00DEMO1234567890,ACTIVE,CURRENT,779037.17,2026-02-20,779037.17,2026-02-20,779037.17,2026-02-21 22:19:58,779037.17,2026-02-21 22:19:58,BNK-2B4352A8A373,GL-9BE7FD762D38 Vendor payout BANK,CUST-C27802A6,PAYMENT,2026-02-28,0.00,14732.53,779037.17,22:19:58,2026-02-28
Demo Company Pvt Ltd,1234567890,Demo Bank Ltd,INR,Coimbatore,DEMOINCCXXX,IN00DEMO1234567890,ACTIVE,CURRENT,776998.80,2026-02-20,776998.80,2026-02-20,776998.80,2026-02-21 23:03:00,776998.80,2026-02-21 23:03:00,BNK-2AF3A1C47A81,GL-F7035D317E3C Vendor payout AMOUNT_TYPO,CUST-1E78E5B5,PAYMENT,2026-02-28,0.00,2038.37,776998.80,23:03:00,2026-02-28
Demo Company Pvt Ltd,1234567890,Demo Bank Ltd,INR,Coimbatore,DEMOINCCXXX,IN00DEMO1234567890,ACTIVE,CURRENT,786402.27,2026-02-20,786402.27,2026-02-20,786402.27,2026-02-21 23:40:36,786402.27,2026-02-21 23:40:36,BNK-3D3A9B275604,GL-929D0FE463B2 Customer collection BANK,CUST-13CA94D2,RECEIPT,2026-02-28,9403.47,0.00,786402.27,23:40:36,2026-02-28
Demo Company Pvt Ltd,1234567890,Demo Bank Ltd,INR,Coimbatore,DEMOINCCXXX,IN00DEMO1234567890,ACTIVE,CURRENT,761210.22,2026-02-21,761210.22,2026-02-21,761210.22,2026-02-22 00:17:11,761210.22,2026-02-22 00:17:11,BNK-9192CCC78566,GL-70AA678713EC Vendor payout BANK AMOUNT_TYPO,CUST-FC89430F,TRANSFER,2026-02-28,0.00,25192.05,761210.22,00:17:11,2026-02-28
Demo Company Pvt Ltd,1234567890,Demo Bank Ltd,INR,Coimbatore,DEMOINCCXXX,IN00DEMO1234567890,ACTIVE,CURRENT,761491.15,2026-02-21,761491.15,2026-02-21,761491.15,2026-02-22 01:02:00,761491.15,2026-02-22 01:02:00,BNK-106691B65947,GL-B0AC6037F48B Customer collection,CUST-4001DE3A,TRANSFER,2026-02-28,280.93,0.00,761491.15,01:02:00,2026-02-28
Demo Company Pvt Ltd,1234567890,Demo Bank Ltd,INR,Coimbatore,DEMOINCCXXX,IN00DEMO1234567890,ACTIVE,CURRENT,778874.48,2026-02-21,778874.48,2026-02-21,778874.48,2026-02-22 01:51:46,778874.48,2026-02-22 01:51:46,BNK-B5B1E6682216,GL-698A2F04DCE3 Customer collection BANK,,TRANSFER,2026-02-28,17383.33,0.00,778874.48,01:51:46,2026-02-28
Demo Company Pvt Ltd,1234567890,Demo Bank Ltd,INR,Coimbatore,DEMOINCCXXX,IN00DEMO1234567890,ACTIVE,CURRENT,772806.80,2026-02-21,772806.80,2026-02-21,772806.80,2026-02-22 02:19:00,772806.80,2026-02-22 02:19:00,BNK-8A92DB72AA3F,GL-BE981126C545 UPI transfer,CUST-569A1B96,RECEIPT,2026-02-28,0.00,6067.68,772806.80,02:19:00,2026-02-28
Demo Company Pvt Ltd,1234567890,Demo Bank Ltd,INR,Coimbatore,DEMOINCCXXX,IN00DEMO1234567890,ACTIVE,CURRENT,754923.47,2026-02-21,754923.47,2026-02-21,754923.47,2026-02-22 03:04:37,754923.47,2026-02-22 03:04:37,BNK-15265D861570,GL-1CCE0B94AAA6 Invoice settlement BANK,CUST-DD2CE088,RECEIPT,2026-02-28,0.00,17883.33,754923.47,03:04:37,2026-02-28
Demo Company Pvt Ltd,1234567890,Demo Bank Ltd,INR,Coimbatore,DEMOINCCXXX,IN00DEMO1234567890,ACTIVE,CURRENT,747578.90,2026-02-21,747578.90,2026-02-21,747578.90,2026-02-22 03:50:15,747578.90,2026-02-22 03:50:15,BNK-D72C68DB75F9,GL-00DC6477FA38 Invoice settlement BANK,CUST-E3F6E0BD,TRANSFER,2026-02-28,0.00,7344.57,747578.90,03:50:15,2026-02-28
Demo Company Pvt Ltd,1234567890,Demo Bank Ltd,INR,Coimbatore,DEMOINCCXXX,IN00DEMO1234567890,ACTIVE,CURRENT,771951.05,2026-02-21,771951.05,2026-02-21,771951.05,2026-02-22 04:24:25,771951.05,2026-02-22 04:24:25,BNK-DC4B2259D01B,GL-9F9EC69972D6 Vendor payout BANK,CUST-7960ECDF,RECEIPT,2026-02-28,24372.15,0.00,771951.05,04:24:25,2026-02-28
Demo Company Pvt Ltd,1234567890,Demo Bank Ltd,INR,Coimbatore,DEMOINCCXXX,IN00DEMO1234567890,ACTIVE,CURRENT,748361.22,2026-02-21,748361.22,2026-02-21,748361.22,2026-02-22 04:59:42,748361.22,2026-02-22 04:59:42,BNK-F559C1C92D39,GL-6A2C97903D7D UPI transfer,CUST-39B6E911,RECEIPT,2026-02-28,0.00,23589.83,748361.22,04:59:42,2026-02-28
Demo Company Pvt Ltd,1234567890,Demo Bank Ltd,INR,Coimbatore,DEMOINCCXXX,IN00DEMO1234567890,ACTIVE,CURRENT,739814.43,2026-02-21,739814.43,2026-02-21,739814.43,2026-02-22 05:47:24,739814.43,2026-02-22 05:47:24,BNK-C86628CBE6B3,GL-23425C90D17A UPI transfer BANK,CUST-A8F6422E,RECEIPT,2026-02-28,0.00,8546.79,739814.43,05:47:24,2026-02-28
Demo Company Pvt Ltd,1234567890,Demo Bank Ltd,INR,Coimbatore,DEMOINCCXXX,IN00DEMO1234567890,ACTIVE,CURRENT,713775.35,2026-02-21,713775.35,2026-02-21,713775.35,2026-02-22 06:34:55,713775.35,2026-02-22 06:34:55,BNK-D078E07FAB89,GL-8B6BEE5F9B90 Customer collection BANK,CUST-AFE4A5EC,PAYMENT,2026-02-28,0.00,26039.08,713775.35,06:34:55,2026-02-28
Demo Company Pvt Ltd,1234567890,Demo Bank Ltd,INR,Coimbatore,DEMOINCCXXX,IN00DEMO1234567890,ACTIVE,CURRENT,700060.29,2026-02-21,700060.29,2026-02-21,700060.29,2026-02-22 06:53:35,700060.29,2026-02-22 06:53:35,BNK-459AC70EAAD1,GL-D38A3990233E Vendor payout BANK,CUST-A536E153,CHARGEBACK,2026-02-28,0.00,13715.06,700060.29,06:53:35,2026-02-28
Demo Company Pvt Ltd,1234567890,Demo Bank Ltd,INR,Coimbatore,DEMOINCCXXX,IN00DEMO1234567890,ACTIVE,CURRENT,708858.13,2026-02-21,708858.13,2026-02-21,708858.13,2026-02-22 07:19:58,708858.13,2026-02-22 07:19:58,BNK-21286B46CBC0,GL-BE97DEC7AF1C Customer collection BANK,CUST-00F0461A,TRANSFER,2026-02-28,8797.84,0.00,708858.13,07:19:58,2026-02-28
Demo Company Pvt Ltd,1234567890,Demo Bank Ltd,INR,Coimbatore,DEMOINCCXXX,IN00DEMO1234567890,ACTIVE,CURRENT,729694.73,2026-02-21,729694.73,2026-02-21,729694.73,2026-02-22 07:38:23,729694.73,2026-02-22 07:38:23,BNK-DCBC6014AD84,GL-F0992D16F6D5 Customer collection BANK,,TRANSFER,2026-02-28,20836.60,0.00,729694.73,07:38:23,2026-02-28
Demo Company Pvt Ltd,1234567890,Demo Bank Ltd,INR,Coimbatore,DEMOINCCXXX,IN00DEMO1234567890,ACTIVE,CURRENT,714378.64,2026-02-21,714378.64,2026-02-21,714378.64,2026-02-22 07:53:45,714378.64,2026-02-22 07:53:45,BNK-19844B9CCD3D,GL-BDA03C39BF76 Customer collection BANK,CUST-76CC1F07,PAYMENT,2026-02-28,0.00,15316.09,714378.64,07:53:45,2026-02-28
Demo Company Pvt Ltd,1234567890,Demo Bank Ltd,INR,Coimbatore,DEMOINCCXXX,IN00DEMO1234567890,ACTIVE,CURRENT,698132.65,2026-02-21,698132.65,2026-02-21,698132.65,2026-02-22 08:23:37,698132.65,2026-02-22 08:23:37,BNK-DF81667CD8C0,GL-66E36FFACA78 Vendor payout,CUST-602F93DE,RECEIPT,2026-02-28,0.00,16245.99,698132.65,08:23:37,2026-02-28
Demo Company Pvt Ltd,1234567890,Demo Bank Ltd,INR,Coimbatore,DEMOINCCXXX,IN00DEMO1234567890,ACTIVE,CURRENT,673115.11,2026-02-21,673115.11,2026-02-21,673115.11,2026-02-22 08:57:12,673115.11,2026-02-22 08:57:12,BNK-66B17599416F,GL-9BC5D782B248 NEFT transfer BANK,CUST-0AA897BF,CHARGEBACK,2026-02-28,0.00,25017.54,673115.11,08:57:12,2026-02-28
Demo Company Pvt Ltd,1234567890,Demo Bank Ltd,INR,Coimbatore,DEMOINCCXXX,IN00DEMO1234567890,ACTIVE,CURRENT,681383.91,2026-02-21,681383.91,2026-02-21,681383.91,2026-02-22 09:36:31,681383.91,2026-02-22 09:36:31,BNK-68A8362CAD6B,GL-6AC19CA855C8 Customer collection,CUST-DA75C1E4,PAYMENT,2026-02-28,8268.80,0.00,681383.91,09:36:31,2026-02-28
Demo Company Pvt Ltd,1234567890,Demo Bank Ltd,INR,Coimbatore,DEMOINCCXXX,IN00DEMO1234567890,ACTIVE,CURRENT,661673.90,2026-02-21,661673.90,2026-02-21,661673.90,2026-02-22 10:21:49,661673.90,2026-02-22 10:21:49,BNK-86E4D0431D7B,GL-21488BDF3E3C Invoice settlement BANK POLARITY_REVERSAL,CUST-C7A45E53,CHARGEBACK,2026-02-28,0.00,19710.01,661673.90,10:21:49,2026-02-28
Demo Company Pvt Ltd,1234567890,Demo Bank Ltd,INR,Coimbatore,DEMOINCCXXX,IN00DEMO1234567890,ACTIVE,CURRENT,676014.07,2026-02-21,676014.07,2026-02-21,676014.07,2026-02-22 11:07:46,676014.07,2026-02-22 11:07:46,BNK-A33536A5B4B7,GL-804CC3853C3F Customer collection BANK,CUST-6D54D9FD,PAYMENT,2026-02-28,14340.17,0.00,676014.07,11:07:46,2026-02-28
Demo Company Pvt Ltd,1234567890,Demo Bank Ltd,INR,Coimbatore,DEMOINCCXXX,IN00DEMO1234567890,ACTIVE,CURRENT,690354.24,2026-02-21,690354.24,2026-02-21,690354.24,2026-02-22 11:52:31,690354.24,2026-02-22 11:52:31,BNK-A33536A5B4B7-DUP,GL-804CC3853C3F Customer collection BANK DUPLICATE_POSTING,CUST-6D54D9FD,PAYMENT,2026-02-28,14340.17,0.00,690354.24,11:52:31,2026-02-28
Demo Company Pvt Ltd,1234567890,Demo Bank Ltd,INR,Coimbatore,DEMOINCCXXX,IN00DEMO1234567890,ACTIVE,CURRENT,667451.48,2026-02-21,667451.48,2026-02-21,667451.48,2026-02-22 12:40:06,667451.48,2026-02-22 12:40:06,BNK-1752EA8F5105,GL-2C56FC601B65 Invoice settlement BANK,CUST-367F1847,CHARGEBACK,2026-02-28,0.00,22902.76,667451.48,12:40:06,2026-02-28
Demo Company Pvt Ltd,1234567890,Demo Bank Ltd,INR,Coimbatore,DEMOINCCXXX,IN00DEMO1234567890,ACTIVE,CURRENT,644548.72,2026-02-21,644548.72,2026-02-21,644548.72,2026-02-22 13:34:56,644548.72,2026-02-22 13:34:56,BNK-1752EA8F5105-DUP,GL-2C56FC601B65 Invoice settlement BANK DUPLICATE_POSTING,CUST-367F1847,CHARGEBACK,2026-02-28,0.00,22902.76,644548.72,13:34:56,2026-02-28
Demo Company Pvt Ltd,1234567890,Demo Bank Ltd,INR,Coimbatore,DEMOINCCXXX,IN00DEMO1234567890,ACTIVE,CURRENT,654775.71,2026-02-21,654775.71,2026-02-21,654775.71,2026-02-22 13:56:06,654775.71,2026-02-22 13:56:06,BNK-B14837C1220D,GL-14A77AD75D1D NEFT transfer BANK,CUST-AC90266D,TRANSFER,2026-02-28,10226.99,0.00,654775.71,13:56:06,2026-02-28
Demo Company Pvt Ltd,1234567890,Demo Bank Ltd,INR,Coimbatore,DEMOINCCXXX,IN00DEMO1234567890,ACTIVE,CURRENT,635173.44,2026-02-21,635173.44,2026-02-21,635173.44,2026-02-22 14:36:33,635173.44,2026-02-22 14:36:33,BNK-ADDFC78F570E,GL-C2DF14F302E6 Invoice settlement BANK,CUST-3331C94E,PAYMENT,2026-02-28,0.00,19602.27,635173.44,14:36:33,2026-02-28
Demo Company Pvt Ltd,1234567890,Demo Bank Ltd,INR,Coimbatore,DEMOINCCXXX,IN00DEMO1234567890,ACTIVE,CURRENT,630411.45,2026-02-21,630411.45,2026-02-21,630411.45,2026-02-22 15:09:17,630411.45,2026-02-22 15:09:17,BNK-18A9ADAEECF6,GL-F09578EA072B Invoice settlement,CUST-C173BE23,PAYMENT,2026-02-28,0.00,4761.99,630411.45,15:09:17,2026-02-28
Demo Company Pvt Ltd,1234567890,Demo Bank Ltd,INR,Coimbatore,DEMOINCCXXX,IN00DEMO1234567890,ACTIVE,CURRENT,607793.99,2026-02-21,607793.99,2026-02-21,607793.99,2026-02-22 16:04:39,607793.99,2026-02-22 16:04:39,BNK-AA62A8017869,GL-48ED1D6E65E3 NEFT transfer BANK,CUST-C74C5445,RECEIPT,2026-02-28,0.00,22617.46,607793.99,16:04:39,2026-02-28
Demo Company Pvt Ltd,1234567890,Demo Bank Ltd,INR,Coimbatore,DEMOINCCXXX,IN00DEMO1234567890,ACTIVE,CURRENT,586836.33,2026-02-21,586836.33,2026-02-21,586836.33,2026-02-22 16:42:33,586836.33,2026-02-22 16:42:33,BNK-A83EDF9FB870,GL-068B91819DB8 Vendor payout BANK,CUST-E11E915E,TRANSFER,2026-02-28,0.00,20957.66,586836.33,16:42:33,2026-02-28
Demo Company Pvt Ltd,1234567890,Demo Bank Ltd,INR,Coimbatore,DEMOINCCXXX,IN00DEMO1234567890,ACTIVE,CURRENT,606724.26,2026-02-21,606724.26,2026-02-21,606724.26,2026-02-22 17:29:51,606724.26,2026-02-22 17:29:51,BNK-2255CF230338,GL-BC0E2FF55775 Customer collection BANK,CUST-11C45C63,PAYMENT,2026-02-28,19887.93,0.00,606724.26,17:29:51,2026-02-28
Demo Company Pvt Ltd,1234567890,Demo Bank Ltd,INR,Coimbatore,DEMOINCCXXX,IN00DEMO1234567890,ACTIVE,CURRENT,615465.47,2026-02-21,615465.47,2026-02-21,615465.47,2026-02-22 18:05:49,615465.47,2026-02-22 18:05:49,BNK-1CAF7E26474B,GL-A22E4C3456B2 Vendor payout BANK,CUST-75BD1E8B,RECEIPT,2026-02-28,8741.21,0.00,615465.47,18:05:49,2026-02-28
Demo Company Pvt Ltd,1234567890,Demo Bank Ltd,INR,Coimbatore,DEMOINCCXXX,IN00DEMO1234567890,ACTIVE,CURRENT,605003.04,2026-02-21,605003.04,2026-02-21,605003.04,2026-02-22 18:57:51,605003.04,2026-02-22 18:57:51,BNK-518BA3A53749,GL-0E323F637A96 Vendor payout BANK,CUST-05536C21,RECEIPT,2026-02-28,0.00,10462.43,605003.04,18:57:51,2026-02-28
Demo Company Pvt Ltd,1234567890,Demo Bank Ltd,INR,Coimbatore,DEMOINCCXXX,IN00DEMO1234567890,ACTIVE,CURRENT,619802.80,2026-02-21,619802.80,2026-02-21,619802.80,2026-02-22 19:44:21,619802.80,2026-02-22 19:44:21,BNK-A6590F6BA8C2,GL-78499F47CE15 Invoice settlement BANK,CUST-08688595,TRANSFER,2026-02-28,14799.76,0.00,619802.80,19:44:21,2026-02-28
Demo Company Pvt Ltd,1234567890,Demo Bank Ltd,INR,Coimbatore,DEMOINCCXXX,IN00DEMO1234567890,ACTIVE,CURRENT,617355.08,2026-02-21,617355.08,2026-02-21,617355.08,2026-02-22 20:42:27,617355.08,2026-02-22 20:42:27,BNK-04A464113F16,GL-02444163581F UPI transfer,CUST-5DF4C9CA,CHARGEBACK,2026-02-28,0.00,2447.72,617355.08,20:42:27,2026-02-28
Demo Company Pvt Ltd,1234567890,Demo Bank Ltd,INR,Coimbatore,DEMOINCCXXX,IN00DEMO1234567890,ACTIVE,CURRENT,616632.53,2026-02-21,616632.53,2026-02-21,616632.53,2026-02-22 21:26:49,616632.53,2026-02-22 21:26:49,BNK-9E92A8600E72,GL-140D6D6D1118 NEFT transfer BANK,CUST-FAECC741,TRANSFER,2026-02-28,0.00,722.55,616632.53,21:26:49,2026-02-28
Demo Company Pvt Ltd,1234567890,Demo Bank Ltd,INR,Coimbatore,DEMOINCCXXX,IN00DEMO1234567890,ACTIVE,CURRENT,600324.80,2026-02-21,600324.80,2026-02-21,600324.80,2026-02-22 22:24:55,600324.80,2026-02-22 22:24:55,BNK-DDB0ED235A62,GL-9EACB48FD009 Vendor payout BANK,,TRANSFER,2026-02-28,0.00,16307.73,600324.80,22:24:55,2026-02-28
Demo Company Pvt Ltd,1234567890,Demo Bank Ltd,INR,Coimbatore,DEMOINCCXXX,IN00DEMO1234567890,ACTIVE,CURRENT,585505.85,2026-02-21,585505.85,2026-02-21,585505.85,2026-02-22 23:11:50,585505.85,2026-02-22 23:11:50,BNK-F9646D0FBE74,GL-BC5702775609 Customer collection BANK,,CHARGEBACK,2026-02-28,0.00,14818.95,585505.85,23:11:50,2026-02-28
Demo Company Pvt Ltd,1234567890,Demo Bank Ltd,INR,Coimbatore,DEMOINCCXXX,IN00DEMO1234567890,ACTIVE,CURRENT,612668.95,2026-02-21,612668.95,2026-02-21,612668.95,2026-02-22 23:52:45,612668.95,2026-02-22 23:52:45,BNK-80F590185CB1,GL-82EF906D5A56 UPI transfer BANK,CUST-0C68BE42,RECEIPT,2026-02-28,27163.10,0.00,612668.95,23:52:45,2026-02-28
Demo Company Pvt Ltd,1234567890,Demo Bank Ltd,INR,Coimbatore,DEMOINCCXXX,IN00DEMO1234567890,ACTIVE,CURRENT,600244.76,2026-02-22,600244.76,2026-02-22,600244.76,2026-02-23 00:25:19,600244.76,2026-02-23 00:25:19,BNK-4F55C00ED422,GL-F606733F3585 NEFT transfer BANK,,TRANSFER,2026-02-28,0.00,12424.19,600244.76,00:25:19,2026-02-28
Demo Company Pvt Ltd,1234567890,Demo Bank Ltd,INR,Coimbatore,DEMOINCCXXX,IN00DEMO1234567890,ACTIVE,CURRENT,583670.56,2026-02-22,583670.56,2026-02-22,583670.56,2026-02-23 00:48:19,583670.56,2026-02-23 00:48:19,BNK-1EF5801DCDE2,GL-2EFFA212D2A9 UPI transfer,CUST-F4EC3D43,RECEIPT,2026-02-28,0.00,16574.20,583670.56,00:48:19,2026-02-28
Demo Company Pvt Ltd,1234567890,Demo Bank Ltd,INR,Coimbatore,DEMOINCCXXX,IN00DEMO1234567890,ACTIVE,CURRENT,607461.40,2026-02-22,607461.40,2026-02-22,607461.40,2026-02-23 01:43:54,607461.40,2026-02-23 01:43:54,BNK-995DD293ECEC,GL-EC61B75B8C07 Vendor payout BANK,,PAYMENT,2026-02-28,23790.84,0.00,607461.40,01:43:54,2026-02-28
Demo Company Pvt Ltd,1234567890,Demo Bank Ltd,INR,Coimbatore,DEMOINCCXXX,IN00DEMO1234567890,ACTIVE,CURRENT,628357.47,2026-02-22,628357.47,2026-02-22,628357.47,2026-02-23 02:21:55,628357.47,2026-02-23 02:21:55,BNK-F676E0484511,GL-96E13AC6B375 UPI transfer,CUST-ADE17D71,TRANSFER,2026-02-28,20896.07,0.00,628357.47,02:21:55,2026-02-28
Demo Company Pvt Ltd,1234567890,Demo Bank Ltd,INR,Coimbatore,DEMOINCCXXX,IN00DEMO1234567890,ACTIVE,CURRENT,633115.49,2026-02-22,633115.49,2026-02-22,633115.49,2026-02-23 03:10:09,633115.49,2026-02-23 03:10:09,BNK-BF2E63BEDD36,GL-0831B0178D3B Vendor payout BANK,,PAYMENT,2026-02-28,4758.02,0.00,633115.49,03:10:09,2026-02-28
Demo Company Pvt Ltd,1234567890,Demo Bank Ltd,INR,Coimbatore,DEMOINCCXXX,IN00DEMO1234567890,ACTIVE,CURRENT,652726.91,2026-02-22,652726.91,2026-02-22,652726.91,2026-02-23 03:28:22,652726.91,2026-02-23 03:28:22,BNK-B8632C762948,GL-0B092D251A66 NEFT transfer BANK,CUST-B70FD09F,CHARGEBACK,2026-02-28,19611.42,0.00,652726.91,03:28:22,2026-02-28
Demo Company Pvt Ltd,1234567890,Demo Bank Ltd,INR,Coimbatore,DEMOINCCXXX,IN00DEMO1234567890,ACTIVE,CURRENT,678686.22,2026-02-22,678686.22,2026-02-22,678686.22,2026-02-23 04:10:14,678686.22,2026-02-23 04:10:14,BNK-BFFEA0EFDF72,GL-B76A1DDD8A30 Invoice settlement BANK,,RECEIPT,2026-02-28,25959.31,0.00,678686.22,04:10:14,2026-02-28
Demo Company Pvt Ltd,1234567890,Demo Bank Ltd,INR,Coimbatore,DEMOINCCXXX,IN00DEMO1234567890,ACTIVE,CURRENT,694418.72,2026-02-22,694418.72,2026-02-22,694418.72,2026-02-23 05:06:32,694418.72,2026-02-23 05:06:32,BNK-96D1A4894A64,GL-C29A2418F5B2 Invoice settlement,,TRANSFER,2026-02-28,15732.50,0.00,694418.72,05:06:32,2026-02-28
Demo Company Pvt Ltd,1234567890,Demo Bank Ltd,INR,Coimbatore,DEMOINCCXXX,IN00DEMO1234567890,ACTIVE,CURRENT,694873.42,2026-02-22,694873.42,2026-02-22,694873.42,2026-02-23 05:42:25,694873.42,2026-02-23 05:42:25,BNK-79EF047CBFA3,GL-F828BB3E20F0 Customer collection BANK,,PAYMENT,2026-02-28,454.70,0.00,694873.42,05:42:25,2026-02-28
Demo Company Pvt Ltd,1234567890,Demo Bank Ltd,INR,Coimbatore,DEMOINCCXXX,IN00DEMO1234567890,ACTIVE,CURRENT,718639.31,2026-02-22,718639.31,2026-02-22,718639.31,2026-02-23 06:08:27,718639.31,2026-02-23 06:08:27,BNK-13C4E4B83BCD,GL-CAB215F12DD9 NEFT transfer BANK AMOUNT_TYPO,CUST-5BB33007,RECEIPT,2026-02-28,23765.89,0.00,718639.31,06:08:27,2026-02-28
Demo Company Pvt Ltd,1234567890,Demo Bank Ltd,INR,Coimbatore,DEMOINCCXXX,IN00DEMO1234567890,ACTIVE,CURRENT,726925.43,2026-02-22,726925.43,2026-02-22,726925.43,2026-02-23 06:49:23,726925.43,2026-02-23 06:49:23,BNK-6B901E0C4FB4,GL-416EDC13A877 Customer collection,CUST-64CCDBEF,RECEIPT,2026-02-28,8286.12,0.00,726925.43,06:49:23,2026-02-28
Demo Company Pvt Ltd,1234567890,Demo Bank Ltd,INR,Coimbatore,DEMOINCCXXX,IN00DEMO1234567890,ACTIVE,CURRENT,725626.79,2026-02-22,725626.79,2026-02-22,725626.79,2026-02-23 07:21:15,725626.79,2026-02-23 07:21:15,BNK-B2E33F94C3E4,GL-469A10DAAE28 NEFT transfer,CUST-3D5CF529,CHARGEBACK,2026-02-28,0.00,1298.64,725626.79,07:21:15,2026-02-28
Demo Company Pvt Ltd,1234567890,Demo Bank Ltd,INR,Coimbatore,DEMOINCCXXX,IN00DEMO1234567890,ACTIVE,CURRENT,718341.46,2026-02-22,718341.46,2026-02-22,718341.46,2026-02-23 08:16:57,718341.46,2026-02-23 08:16:57,BNK-932F695CCFBF,GL-610E8B923A96 Customer collection,CUST-CCC48E92,TRANSFER,2026-02-28,0.00,7285.33,718341.46,08:16:57,2026-02-28
Demo Company Pvt Ltd,1234567890,Demo Bank Ltd,INR,Coimbatore,DEMOINCCXXX,IN00DEMO1234567890,ACTIVE,CURRENT,717061.69,2026-02-22,717061.69,2026-02-22,717061.69,2026-02-23 08:51:04,717061.69,2026-02-23 08:51:04,BNK-19907050AE74,GL-2B35B0D21B46 Vendor payout BANK,CUST-F668AC01,CHARGEBACK,2026-02-28,0.00,1279.77,717061.69,08:51:04,2026-02-28
Demo Company Pvt Ltd,1234567890,Demo Bank Ltd,INR,Coimbatore,DEMOINCCXXX,IN00DEMO1234567890,ACTIVE,CURRENT,701802.71,2026-02-22,701802.71,2026-02-22,701802.71,2026-02-23 09:32:35,701802.71,2026-02-23 09:32:35,BNK-51460D891BF8,GL-FD82ED861259 UPI transfer,CUST-C3D676C0,PAYMENT,2026-02-28,0.00,15258.98,701802.71,09:32:35,2026-02-28
Demo Company Pvt Ltd,1234567890,Demo Bank Ltd,INR,Coimbatore,DEMOINCCXXX,IN00DEMO1234567890,ACTIVE,CURRENT,698033.01,2026-02-22,698033.01,2026-02-22,698033.01,2026-02-23 10:07:52,698033.01,2026-02-23 10:07:52,BNK-49A46840DA38,GL-37DD265BC4D9 Customer collection BANK,CUST-8B809641,RECEIPT,2026-02-28,0.00,3769.70,698033.01,10:07:52,2026-02-28
Demo Company Pvt Ltd,1234567890,Demo Bank Ltd,INR,Coimbatore,DEMOINCCXXX,IN00DEMO1234567890,ACTIVE,CURRENT,705703.94,2026-02-22,705703.94,2026-02-22,705703.94,2026-02-23 10:47:23,705703.94,2026-02-23 10:47:23,,GL-BC789C48EE6C Invoice settlement BANK REFERENCE_DROP,,RECEIPT,2026-02-28,7670.93,0.00,705703.94,10:47:23,2026-02-28
Demo Company Pvt Ltd,1234567890,Demo Bank Ltd,INR,Coimbatore,DEMOINCCXXX,IN00DEMO1234567890,ACTIVE,CURRENT,682612.77,2026-02-22,682612.77,2026-02-22,682612.77,2026-02-23 11:17:23,682612.77,2026-02-23 11:17:23,BNK-EB36EE23EE3A,GL-10554C885E6A NEFT transfer BANK,,RECEIPT,2026-02-28,0.00,23091.17,682612.77,11:17:23,2026-02-28
Demo Company Pvt Ltd,1234567890,Demo Bank Ltd,INR,Coimbatore,DEMOINCCXXX,IN00DEMO1234567890,ACTIVE,CURRENT,690705.17,2026-02-22,690705.17,2026-02-22,690705.17,2026-02-23 12:10:27,690705.17,2026-02-23 12:10:27,BNK-971FFD4D43AE,GL-68E3421FEBD6 Invoice settlement BANK,CUST-BF8E6F31,TRANSFER,2026-02-28,8092.40,0.00,690705.17,12:10:27,2026-02-28
Demo Company Pvt Ltd,1234567890,Demo Bank Ltd,INR,Coimbatore,DEMOINCCXXX,IN00DEMO1234567890,ACTIVE,CURRENT,664188.38,2026-02-22,664188.38,2026-02-22,664188.38,2026-02-23 12:26:03,664188.38,2026-02-23 12:26:03,BNK-66EC48DDD465,GL-944142C110A8 UPI transfer BANK,CUST-E341A26D,TRANSFER,2026-02-28,0.00,26516.79,664188.38,12:26:03,2026-02-28
Demo Company Pvt Ltd,1234567890,Demo Bank Ltd,INR,Coimbatore,DEMOINCCXXX,IN00DEMO1234567890,ACTIVE,CURRENT,679228.15,2026-02-22,679228.15,2026-02-22,679228.15,2026-02-23 12:43:29,679228.15,2026-02-23 12:43:29,BNK-72D308317FA6,GL-28C8FFB619A2 Vendor payout BANK AMOUNT_TYPO,CUST-E86B7D06,PAYMENT,2026-02-28,15039.77,0.00,679228.15,12:43:29,2026-02-28
Demo Company Pvt Ltd,1234567890,Demo Bank Ltd,INR,Coimbatore,DEMOINCCXXX,IN00DEMO1234567890,ACTIVE,CURRENT,651966.22,2026-02-22,651966.22,2026-02-22,651966.22,2026-02-23 13:03:30,651966.22,2026-02-23 13:03:30,BNK-1F265125C923,GL-1E502C8981CC Invoice settlement BANK,CUST-A5AFF637,PAYMENT,2026-02-28,0.00,27261.93,651966.22,13:03:30,2026-02-28
Demo Company Pvt Ltd,1234567890,Demo Bank Ltd,INR,Coimbatore,DEMOINCCXXX,IN00DEMO1234567890,ACTIVE,CURRENT,653466.85,2026-02-22,653466.85,2026-02-22,653466.85,2026-02-23 13:42:35,653466.85,2026-02-23 13:42:35,BNK-0C4901B32EAC,GL-311A22427C6F Customer collection,CUST-3B59B416,RECEIPT,2026-02-28,1500.63,0.00,653466.85,13:42:35,2026-02-28
Demo Company Pvt Ltd,1234567890,Demo Bank Ltd,INR,Coimbatore,DEMOINCCXXX,IN00DEMO1234567890,ACTIVE,CURRENT,678000.15,2026-02-22,678000.15,2026-02-22,678000.15,2026-02-23 14:02:47,678000.15,2026-02-23 14:02:47,BNK-2A75F4617EDF,GL-10C3999AD82E Vendor payout BANK,,CHARGEBACK,2026-02-28,24533.30,0.00,678000.15,14:02:47,2026-02-28
Demo Company Pvt Ltd,1234567890,Demo Bank Ltd,INR,Coimbatore,DEMOINCCXXX,IN00DEMO1234567890,ACTIVE,CURRENT,683993.20,2026-02-22,683993.20,2026-02-22,683993.20,2026-02-23 14:57:12,683993.20,2026-02-23 14:57:12,BNK-E2642A6A5EBA,GL-D7713E326449 Vendor payout BANK,CUST-C888A381,TRANSFER,2026-02-28,5993.05,0.00,683993.20,14:57:12,2026-02-28
Demo Company Pvt Ltd,1234567890,Demo Bank Ltd,INR,Coimbatore,DEMOINCCXXX,IN00DEMO1234567890,ACTIVE,CURRENT,682794.88,2026-02-22,682794.88,2026-02-22,682794.88,2026-02-23 15:30:38,682794.88,2026-02-23 15:30:38,BNK-DC3337498F92,GL-9D6F5DD0B153 Vendor payout BANK AMOUNT_TYPO,CUST-39EC09FF,PAYMENT,2026-02-28,0.00,1198.32,682794.88,15:30:38,2026-02-28
Demo Company Pvt Ltd,1234567890,Demo Bank Ltd,INR,Coimbatore,DEMOINCCXXX,IN00DEMO1234567890,ACTIVE,CURRENT,679197.77,2026-02-22,679197.77,2026-02-22,679197.77,2026-02-23 15:55:59,679197.77,2026-02-23 15:55:59,BNK-7C306960729A,GL-42B5AB003D48 UPI transfer,CUST-9322B58E,PAYMENT,2026-02-28,0.00,3597.11,679197.77,15:55:59,2026-02-28
Demo Company Pvt Ltd,1234567890,Demo Bank Ltd,INR,Coimbatore,DEMOINCCXXX,IN00DEMO1234567890,ACTIVE,CURRENT,675779.94,2026-02-22,675779.94,2026-02-22,675779.94,2026-02-23 16:52:36,675779.94,2026-02-23 16:52:36,BNK-37B56CDB4DD0,GL-7E7F939B3E2E Invoice settlement BANK,CUST-9F99B760,CHARGEBACK,2026-02-28,0.00,3417.83,675779.94,16:52:36,2026-02-28
Demo Company Pvt Ltd,1234567890,Demo Bank Ltd,INR,Coimbatore,DEMOINCCXXX,IN00DEMO1234567890,ACTIVE,CURRENT,701358.50,2026-02-22,701358.50,2026-02-22,701358.50,2026-02-23 17:19:16,701358.50,2026-02-23 17:19:16,BNK-EBF6BA71EDD1,GL-BA893B4AF859 NEFT transfer BANK POLARITY_REVERSAL,CUST-45F00CD9,TRANSFER,2026-02-28,25578.56,0.00,701358.50,17:19:16,2026-02-28
Demo Company Pvt Ltd,1234567890,Demo Bank Ltd,INR,Coimbatore,DEMOINCCXXX,IN00DEMO1234567890,ACTIVE,CURRENT,701527.39,2026-02-22,701527.39,2026-02-22,701527.39,2026-02-23 18:12:14,701527.39,2026-02-23 18:12:14,BNK-B55F118E907B,Sweep Interest,,BANK_ONLY,2026-02-28,168.89,0.00,701527.39,18:12:14,2026-02-28
Demo Company Pvt Ltd,1234567890,Demo Bank Ltd,INR,Coimbatore,DEMOINCCXXX,IN00DEMO1234567890,ACTIVE,CURRENT,701774.53,2026-02-22,701774.53,2026-02-22,701774.53,2026-02-23 19:08:53,701774.53,2026-02-23 19:08:53,BNK-AD3CD0454999,Sweep Interest,,BANK_ONLY,2026-02-28,247.14,0.00,701774.53,19:08:53,2026-02-28
Demo Company Pvt Ltd,1234567890,Demo Bank Ltd,INR,Coimbatore,DEMOINCCXXX,IN00DEMO1234567890,ACTIVE,CURRENT,701721.62,2026-02-22,701721.62,2026-02-22,701721.62,2026-02-23 19:48:52,701721.62,2026-02-23 19:48:52,BNK-EBBE99420F41,Overdraft Charge,,BANK_ONLY,2026-02-28,0.00,52.91,701721.62,19:48:52,2026-02-28
Demo Company Pvt Ltd,1234567890,Demo Bank Ltd,INR,Coimbatore,DEMOINCCXXX,IN00DEMO1234567890,ACTIVE,CURRENT,701414.43,2026-02-22,701414.43,2026-02-22,701414.43,2026-02-23 20:03:52,701414.43,2026-02-23 20:03:52,BNK-3073A9DB16E5,Card Network Charge,,BANK_ONLY,2026-02-28,0.00,307.19,701414.43,20:03:52,2026-02-28
Demo Company Pvt Ltd,1234567890,Demo Bank Ltd,INR,Coimbatore,DEMOINCCXXX,IN00DEMO1234567890,ACTIVE,CURRENT,701120.69,2026-02-22,701120.69,2026-02-22,701120.69,2026-02-23 21:02:37,701120.69,2026-02-23 21:02:37,BNK-627FA0123BF1,Card Network Charge,,BANK_ONLY,2026-02-28,0.00,293.74,701120.69,21:02:37,2026-02-28
Demo Company Pvt Ltd,1234567890,Demo Bank Ltd,INR,Coimbatore,DEMOINCCXXX,IN00DEMO1234567890,ACTIVE,CURRENT,700783.59,2026-02-22,700783.59,2026-02-22,700783.59,2026-02-23 21:21:32,700783.59,2026-02-23 21:21:32,BNK-766A6718CDFE,Monthly Account Fee,,BANK_ONLY,2026-02-28,0.00,337.10,700783.59,21:21:32,2026-02-28
Demo Company Pvt Ltd,1234567890,Demo Bank Ltd,INR,Coimbatore,DEMOINCCXXX,IN00DEMO1234567890,ACTIVE,CURRENT,700626.47,2026-02-22,700626.47,2026-02-22,700626.47,2026-02-23 22:14:34,700626.47,2026-02-23 22:14:34,BNK-278AF69DE2ED,Monthly Account Fee,,BANK_ONLY,2026-02-28,0.00,157.12,700626.47,22:14:34,2026-02-28
Demo Company Pvt Ltd,1234567890,Demo Bank Ltd,INR,Coimbatore,DEMOINCCXXX,IN00DEMO1234567890,ACTIVE,CURRENT,700452.95,2026-02-22,700452.95,2026-02-22,700452.95,2026-02-23 22:45:24,700452.95,2026-02-23 22:45:24,BNK-750C70AD36B4,Overdraft Charge,,BANK_ONLY,2026-02-28,0.00,173.52,700452.95,22:45:24,2026-02-28
Demo Company Pvt Ltd,1234567890,Demo Bank Ltd,INR,Coimbatore,DEMOINCCXXX,IN00DEMO1234567890,ACTIVE,CURRENT,700336.19,2026-02-22,700336.19,2026-02-22,700336.19,2026-02-23 23:09:50,700336.19,2026-02-23 23:09:50,BNK-2B822F580775,Card Network Charge,,BANK_ONLY,2026-02-28,0.00,116.76,700336.19,23:09:50,2026-02-28
Demo Company Pvt Ltd,1234567890,Demo Bank Ltd,INR,Coimbatore,DEMOINCCXXX,IN00DEMO1234567890,ACTIVE,CURRENT,700036.25,2026-02-22,700036.25,2026-02-22,700036.25,2026-02-23 23:27:03,700036.25,2026-02-23 23:27:03,BNK-93149387DC88,Card Network Charge,,BANK_ONLY,2026-02-28,0.00,299.94,700036.25,23:27:03,2026-02-28
Demo Company Pvt Ltd,1234567890,Demo Bank Ltd,INR,Coimbatore,DEMOINCCXXX,IN00DEMO1234567890,ACTIVE,CURRENT,699947.99,2026-02-23,699947.99,2026-02-23,699947.99,2026-02-24 00:22:09,699947.99,2026-02-24 00:22:09,BNK-4195C6E8EB21,Card Network Charge,,BANK_ONLY,2026-02-28,0.00,88.26,699947.99,00:22:09,2026-02-28
Demo Company Pvt Ltd,1234567890,Demo Bank Ltd,INR,Coimbatore,DEMOINCCXXX,IN00DEMO1234567890,ACTIVE,CURRENT,699981.44,2026-02-23,699981.44,2026-02-23,699981.44,2026-02-24 00:56:07,699981.44,2026-02-24 00:56:07,BNK-D895AB208980,Monthly Account Fee POLARITY_REVERSAL,,BANK_ONLY,2026-02-28,33.45,0.00,699981.44,00:56:07,2026-02-28
Demo Company Pvt Ltd,1234567890,Demo Bank Ltd,INR,Coimbatore,DEMOINCCXXX,IN00DEMO1234567890,ACTIVE,CURRENT,699834.61,2026-02-23,699834.61,2026-02-23,699834.61,2026-02-24 01:38:52,699834.61,2026-02-24 01:38:52,BNK-DE06D8D93465,Monthly Account Fee,,BANK_ONLY,2026-02-28,0.00,146.83,699834.61,01:38:52,2026-02-28
Demo Company Pvt Ltd,1234567890,Demo Bank Ltd,INR,Coimbatore,DEMOINCCXXX,IN00DEMO1234567890,ACTIVE,CURRENT,699727.99,2026-02-23,699727.99,2026-02-23,699727.99,2026-02-24 02:12:02,699727.99,2026-02-24 02:12:02,BNK-4CB4E887F476,Overdraft Charge,,BANK_ONLY,2026-02-28,0.00,106.62,699727.99,02:12:02,2026-02-28
Demo Company Pvt Ltd,1234567890,Demo Bank Ltd,INR,Coimbatore,DEMOINCCXXX,IN00DEMO1234567890,ACTIVE,CURRENT,699422.47,2026-02-23,699422.47,2026-02-23,699422.47,2026-02-24 02:56:26,699422.47,2026-02-24 02:56:26,BNK-8B88C1E71CC7,Monthly Account Fee,,BANK_ONLY,2026-02-28,0.00,305.52,699422.47,02:56:26,2026-02-28
Demo Company Pvt Ltd,1234567890,Demo Bank Ltd,INR,Coimbatore,DEMOINCCXXX,IN00DEMO1234567890,ACTIVE,CURRENT,699378.23,2026-02-23,699378.23,2026-02-23,699378.23,2026-02-24 03:48:56,699378.23,2026-02-24 03:48:56,BNK-C896F5B6D3B4,Monthly Account Fee,,BANK_ONLY,2026-02-28,0.00,44.24,699378.23,03:48:56,2026-02-28
Demo Company Pvt Ltd,1234567890,Demo Bank Ltd,INR,Coimbatore,DEMOINCCXXX,IN00DEMO1234567890,ACTIVE,CURRENT,699499.83,2026-02-23,699499.83,2026-02-23,699499.83,2026-02-24 04:24:51,699499.83,2026-02-24 04:24:51,BNK-E0CCE67398A1,Sweep Interest,,BANK_ONLY,2026-02-28,121.60,0.00,699499.83,04:24:51,2026-02-28
Demo Company Pvt Ltd,1234567890,Demo Bank Ltd,INR,Coimbatore,DEMOINCCXXX,IN00DEMO1234567890,ACTIVE,CURRENT,699202.46,2026-02-23,699202.46,2026-02-23,699202.46,2026-02-24 05:22:45,699202.46,2026-02-24 05:22:45,BNK-A33CAE2D4900,Monthly Account Fee,,BANK_ONLY,2026-02-28,0.00,297.37,699202.46,05:22:45,2026-02-28
Demo Company Pvt Ltd,1234567890,Demo Bank Ltd,INR,Coimbatore,DEMOINCCXXX,IN00DEMO1234567890,ACTIVE,CURRENT,698990.31,2026-02-23,698990.31,2026-02-23,698990.31,2026-02-24 06:08:11,698990.31,2026-02-24 06:08:11,,Overdraft Charge REFERENCE_DROP,,BANK_ONLY,2026-02-28,0.00,212.15,698990.31,06:08:11,2026-02-28
Demo Company Pvt Ltd,1234567890,Demo Bank Ltd,INR,Coimbatore,DEMOINCCXXX,IN00DEMO1234567890,ACTIVE,CURRENT,699188.34,2026-02-23,699188.34,2026-02-23,699188.34,2026-02-24 06:56:17,699188.34,2026-02-24 06:56:17,BNK-EE2FA6246B35,Sweep Interest,,BANK_ONLY,2026-02-28,198.03,0.00,699188.34,06:56:17,2026-02-28
Demo Company Pvt Ltd,1234567890,Demo Bank Ltd,INR,Coimbatore,DEMOINCCXXX,IN00DEMO1234567890,ACTIVE,CURRENT,698944.73,2026-02-23,698944.73,2026-02-23,698944.73,2026-02-24 07:43:55,698944.73,2026-02-24 07:43:55,BNK-E930CD5F81A8,Monthly Account Fee,,BANK_ONLY,2026-02-28,0.00,243.61,698944.73,07:43:55,2026-02-28
Demo Company Pvt Ltd,1234567890,Demo Bank Ltd,INR,Coimbatore,DEMOINCCXXX,IN00DEMO1234567890,ACTIVE,CURRENT,698595.35,2026-02-23,698595.35,2026-02-23,698595.35,2026-02-24 08:35:43,698595.35,2026-02-24 08:35:43,BNK-9ED6607787DA,Card Network Charge AMOUNT_TYPO,,BANK_ONLY,2026-02-28,0.00,349.38,698595.35,08:35:43,2026-02-28
Demo Company Pvt Ltd,1234567890,Demo Bank Ltd,INR,Coimbatore,DEMOINCCXXX,IN00DEMO1234567890,ACTIVE,CURRENT,720025.11,2026-02-23,720025.11,2026-02-23,720025.11,2026-02-24 09:15:29,720025.11,2026-02-24 09:15:29,BNK-03630A139AD9,GL-4B09B086AFED Customer collection,CUST-9A98330C,RECEIPT,2026-02-28,21429.76,0.00,720025.11,09:15:29,2026-02-28
Demo Company Pvt Ltd,1234567890,Demo Bank Ltd,INR,Coimbatore,DEMOINCCXXX,IN00DEMO1234567890,ACTIVE,CURRENT,739359.91,2026-02-23,739359.91,2026-02-23,739359.91,2026-02-24 09:46:18,739359.91,2026-02-24 09:46:18,BNK-6D625E67D95C,GL-8F62B3B98C4A Vendor payout BANK,,RECEIPT,2026-02-28,19334.80,0.00,739359.91,09:46:18,2026-02-28
Demo Company Pvt Ltd,1234567890,Demo Bank Ltd,INR,Coimbatore,DEMOINCCXXX,IN00DEMO1234567890,ACTIVE,CURRENT,760322.30,2026-02-23,760322.30,2026-02-23,760322.30,2026-02-24 10:43:17,760322.30,2026-02-24 10:43:17,BNK-13E577E26E8B,GL-9C00BBA19ED6 Invoice settlement BANK,CUST-BE759252,TRANSFER,2026-02-28,20962.39,0.00,760322.30,10:43:17,2026-02-28
Demo Company Pvt Ltd,1234567890,Demo Bank Ltd,INR,Coimbatore,DEMOINCCXXX,IN00DEMO1234567890,ACTIVE,CURRENT,746698.98,2026-02-23,746698.98,2026-02-23,746698.98,2026-02-24 11:32:23,746698.98,2026-02-24 11:32:23,BNK-642C95D7F183,GL-40DEEFC5C738 Customer collection,,RECEIPT,2026-02-28,0.00,13623.32,746698.98,11:32:23,2026-02-28
Demo Company Pvt Ltd,1234567890,Demo Bank Ltd,INR,Coimbatore,DEMOINCCXXX,IN00DEMO1234567890,ACTIVE,CURRENT,762321.01,2026-02-23,762321.01,2026-02-23,762321.01,2026-02-24 12:01:06,762321.01,2026-02-24 12:01:06,BNK-618D5EB90E5D,GL-49A13F350EBA Vendor payout BANK,CUST-44AB159D,PAYMENT,2026-02-28,15622.03,0.00,762321.01,12:01:06,2026-02-28
Demo Company Pvt Ltd,1234567890,Demo Bank Ltd,INR,Coimbatore,DEMOINCCXXX,IN00DEMO1234567890,ACTIVE,CURRENT,756225.67,2026-02-23,756225.67,2026-02-23,756225.67,2026-02-24 12:45:19,756225.67,2026-02-24 12:45:19,BNK-5BB5386C010F,GL-262C57EA3434 NEFT transfer BANK,CUST-C79A2112,PAYMENT,2026-02-28,0.00,6095.34,756225.67,12:45:19,2026-02-28
Demo Company Pvt Ltd,1234567890,Demo Bank Ltd,INR,Coimbatore,DEMOINCCXXX,IN00DEMO1234567890,ACTIVE,CURRENT,782648.44,2026-02-23,782648.44,2026-02-23,782648.44,2026-02-24 13:00:19,782648.44,2026-02-24 13:00:19,BNK-47E9B8138AD4,GL-7E2BBC196034 NEFT transfer,,RECEIPT,2026-02-28,26422.77,0.00,782648.44,13:00:19,2026-02-28
Demo Company Pvt Ltd,1234567890,Demo Bank Ltd,INR,Coimbatore,DEMOINCCXXX,IN00DEMO1234567890,ACTIVE,CURRENT,795617.21,2026-02-23,795617.21,2026-02-23,795617.21,2026-02-24 13:53:40,795617.21,2026-02-24 13:53:40,BNK-C92669450BB8,GL-4D803C6F8A11 Customer collection,CUST-CBD87EFE,RECEIPT,2026-02-28,12968.77,0.00,795617.21,13:53:40,2026-02-28
Demo Company Pvt Ltd,1234567890,Demo Bank Ltd,INR,Coimbatore,DEMOINCCXXX,IN00DEMO1234567890,ACTIVE,CURRENT,770461.13,2026-02-23,770461.13,2026-02-23,770461.13,2026-02-24 14:13:24,770461.13,2026-02-24 14:13:24,BNK-CC63C2EA0BD8,GL-397630C67593 UPI transfer,CUST-6B79F33E,PAYMENT,2026-02-28,0.00,25156.08,770461.13,14:13:24,2026-02-28
Demo Company Pvt Ltd,1234567890,Demo Bank Ltd,INR,Coimbatore,DEMOINCCXXX,IN00DEMO1234567890,ACTIVE,CURRENT,791188.14,2026-02-23,791188.14,2026-02-23,791188.14,2026-02-24 14:51:22,791188.14,2026-02-24 14:51:22,BNK-EEE0466C5E83,GL-426E8641A6F3 Customer collection,CUST-4376A258,PAYMENT,2026-02-28,20727.01,0.00,791188.14,14:51:22,2026-02-28
Demo Company Pvt Ltd,1234567890,Demo Bank Ltd,INR,Coimbatore,DEMOINCCXXX,IN00DEMO1234567890,ACTIVE,CURRENT,766133.68,2026-02-23,766133.68,2026-02-23,766133.68,2026-02-24 15:06:58,766133.68,2026-02-24 15:06:58,BNK-C2DC9FDE2EC0,GL-F2AA23CECFB8 Vendor payout,CUST-5EAE6631,RECEIPT,2026-02-28,0.00,25054.46,766133.68,15:06:58,2026-02-28
Demo Company Pvt Ltd,1234567890,Demo Bank Ltd,INR,Coimbatore,DEMOINCCXXX,IN00DEMO1234567890,ACTIVE,CURRENT,767479.55,2026-02-23,767479.55,2026-02-23,767479.55,2026-02-24 16:06:53,767479.55,2026-02-24 16:06:53,BNK-60A8D2EBE6C6,GL-64918791C7D2 Invoice settlement BANK POLARITY_REVERSAL,CUST-D829CAC7,TRANSFER,2026-02-28,1345.87,0.00,767479.55,16:06:53,2026-02-28
Demo Company Pvt Ltd,1234567890,Demo Bank Ltd,INR,Coimbatore,DEMOINCCXXX,IN00DEMO1234567890,ACTIVE,CURRENT,794350.30,2026-02-23,794350.30,2026-02-23,794350.30,2026-02-24 16:42:26,794350.30,2026-02-24 16:42:26,BNK-3E860C676EA0,GL-2A6782404046 Customer collection BANK,,PAYMENT,2026-02-28,26870.75,0.00,794350.30,16:42:26,2026-02-28
Demo Company Pvt Ltd,1234567890,Demo Bank Ltd,INR,Coimbatore,DEMOINCCXXX,IN00DEMO1234567890,ACTIVE,CURRENT,770558.84,2026-02-23,770558.84,2026-02-23,770558.84,2026-02-24 16:58:25,770558.84,2026-02-24 16:58:25,BNK-64C16D101A9B,GL-A45666DA5012 NEFT transfer BANK,CUST-5A1D72F5,TRANSFER,2026-02-28,0.00,23791.46,770558.84,16:58:25,2026-02-28
Demo Company Pvt Ltd,1234567890,Demo Bank Ltd,INR,Coimbatore,DEMOINCCXXX,IN00DEMO1234567890,ACTIVE,CURRENT,745245.20,2026-02-23,745245.20,2026-02-23,745245.20,2026-02-24 17:56:06,745245.20,2026-02-24 17:56:06,BNK-977721A494A4,GL-9B6C32F4E3B7 NEFT transfer BANK,,RECEIPT,2026-02-28,0.00,25313.64,745245.20,17:56:06,2026-02-28
Demo Company Pvt Ltd,1234567890,Demo Bank Ltd,INR,Coimbatore,DEMOINCCXXX,IN00DEMO1234567890,ACTIVE,CURRENT,761648.56,2026-02-23,761648.56,2026-02-23,761648.56,2026-02-24 18:53:09,761648.56,2026-02-24 18:53:09,BNK-6D0F411C9D68,GL-4253F027022D Vendor payout BANK,CUST-E204D95A,RECEIPT,2026-02-28,16403.36,0.00,761648.56,18:53:09,2026-02-28
Demo Company Pvt Ltd,1234567890,Demo Bank Ltd,INR,Coimbatore,DEMOINCCXXX,IN00DEMO1234567890,ACTIVE,CURRENT,749776.02,2026-02-23,749776.02,2026-02-23,749776.02,2026-02-24 19:40:10,749776.02,2026-02-24 19:40:10,BNK-5E3B4B78EDF5,GL-D97B350520BB Vendor payout BANK,CUST-C89C24F1,PAYMENT,2026-02-28,0.00,11872.54,749776.02,19:40:10,2026-02-28
Demo Company Pvt Ltd,1234567890,Demo Bank Ltd,INR,Coimbatore,DEMOINCCXXX,IN00DEMO1234567890,ACTIVE,CURRENT,742881.61,2026-02-23,742881.61,2026-02-23,742881.61,2026-02-24 20:31:02,742881.61,2026-02-24 20:31:02,BNK-D236E90CDC06,GL-ECB7CAD8C559 UPI transfer,,CHARGEBACK,2026-02-28,0.00,6894.41,742881.61,20:31:02,2026-02-28
Demo Company Pvt Ltd,1234567890,Demo Bank Ltd,INR,Coimbatore,DEMOINCCXXX,IN00DEMO1234567890,ACTIVE,CURRENT,719931.53,2026-02-23,719931.53,2026-02-23,719931.53,2026-02-24 20:56:16,719931.53,2026-02-24 20:56:16,BNK-D0F7883ACB91,GL-AC5D8E8F842C UPI transfer BANK,CUST-270FE267,PAYMENT,2026-02-28,0.00,22950.08,719931.53,20:56:16,2026-02-28
Demo Company Pvt Ltd,1234567890,Demo Bank Ltd,INR,Coimbatore,DEMOINCCXXX,IN00DEMO1234567890,ACTIVE,CURRENT,703361.80,2026-02-23,703361.80,2026-02-23,703361.80,2026-02-24 21:24:47,703361.80,2026-02-24 21:24:47,BNK-C94B2241CA26,GL-374B1090F6E1 Invoice settlement BANK,CUST-68282A2A,PAYMENT,2026-02-28,0.00,16569.73,703361.80,21:24:47,2026-02-28
Demo Company Pvt Ltd,1234567890,Demo Bank Ltd,INR,Coimbatore,DEMOINCCXXX,IN00DEMO1234567890,ACTIVE,CURRENT,686792.07,2026-02-23,686792.07,2026-02-23,686792.07,2026-02-24 22:21:29,686792.07,2026-02-24 22:21:29,BNK-C94B2241CA26-DUP,GL-374B1090F6E1 Invoice settlement BANK DUPLICATE_POSTING,CUST-68282A2A,PAYMENT,2026-02-28,0.00,16569.73,686792.07,22:21:29,2026-02-28
Demo Company Pvt Ltd,1234567890,Demo Bank Ltd,INR,Coimbatore,DEMOINCCXXX,IN00DEMO1234567890,ACTIVE,CURRENT,673576.96,2026-02-23,673576.96,2026-02-23,673576.96,2026-02-24 22:51:29,673576.96,2026-02-24 22:51:29,BNK-F8849173A4B4,GL-4285B1479630 Customer collection BANK AMOUNT_TYPO,CUST-D3C42BFE,TRANSFER,2026-02-28,0.00,13215.11,673576.96,22:51:29,2026-02-28
Demo Company Pvt Ltd,1234567890,Demo Bank Ltd,INR,Coimbatore,DEMOINCCXXX,IN00DEMO1234567890,ACTIVE,CURRENT,683609.84,2026-02-23,683609.84,2026-02-23,683609.84,2026-02-24 23:30:34,683609.84,2026-02-24 23:30:34,BNK-1BED66787C63,GL-876F946ACCA9 UPI transfer BANK,CUST-56C5090F,TRANSFER,2026-02-28,10032.88,0.00,683609.84,23:30:34,2026-02-28
Demo Company Pvt Ltd,1234567890,Demo Bank Ltd,INR,Coimbatore,DEMOINCCXXX,IN00DEMO1234567890,ACTIVE,CURRENT,666164.57,2026-02-24,666164.57,2026-02-24,666164.57,2026-02-25 00:11:41,666164.57,2026-02-25 00:11:41,BNK-C355F1083568,GL-FE956FA7137A UPI transfer BANK,CUST-80284110,TRANSFER,2026-02-28,0.00,17445.27,666164.57,00:11:41,2026-02-28
Demo Company Pvt Ltd,1234567890,Demo Bank Ltd,INR,Coimbatore,DEMOINCCXXX,IN00DEMO1234567890,ACTIVE,CURRENT,651732.72,2026-02-24,651732.72,2026-02-24,651732.72,2026-02-25 00:42:00,651732.72,2026-02-25 00:42:00,BNK-91E59488D20A,GL-37A4E9108763 Vendor payout BANK,CUST-1A667BC0,TRANSFER,2026-02-28,0.00,14431.85,651732.72,00:42:00,2026-02-28
Demo Company Pvt Ltd,1234567890,Demo Bank Ltd,INR,Coimbatore,DEMOINCCXXX,IN00DEMO1234567890,ACTIVE,CURRENT,677434.69,2026-02-24,677434.69,2026-02-24,677434.69,2026-02-25 01:08:14,677434.69,2026-02-25 01:08:14,BNK-B8643600CE3D,GL-40487FC69D68 Customer collection,CUST-B1A22D93,CHARGEBACK,2026-02-28,25701.97,0.00,677434.69,01:08:14,2026-02-28
Demo Company Pvt Ltd,1234567890,Demo Bank Ltd,INR,Coimbatore,DEMOINCCXXX,IN00DEMO1234567890,ACTIVE,CURRENT,703136.66,2026-02-24,703136.66,2026-02-24,703136.66,2026-02-25 01:29:39,703136.66,2026-02-25 01:29:39,BNK-B8643600CE3D-DUP,GL-40487FC69D68 Customer collection DUPLICATE_POSTING,CUST-B1A22D93,CHARGEBACK,2026-02-28,25701.97,0.00,703136.66,01:29:39,2026-02-28
Demo Company Pvt Ltd,1234567890,Demo Bank Ltd,INR,Coimbatore,DEMOINCCXXX,IN00DEMO1234567890,ACTIVE,CURRENT,722492.42,2026-02-24,722492.42,2026-02-24,722492.42,2026-02-25 02:08:28,722492.42,2026-02-25 02:08:28,BNK-4107A368B658,GL-8FDAF6D833A6 Invoice settlement,CUST-F5B90A4C,RECEIPT,2026-02-28,19355.76,0.00,722492.42,02:08:28,2026-02-28
Demo Company Pvt Ltd,1234567890,Demo Bank Ltd,INR,Coimbatore,DEMOINCCXXX,IN00DEMO1234567890,ACTIVE,CURRENT,716666.79,2026-02-24,716666.79,2026-02-24,716666.79,2026-02-25 02:29:36,716666.79,2026-02-25 02:29:36,BNK-921C2012328B,GL-133C88EF9AD7 Customer collection BANK,CUST-1AE41A9F,PAYMENT,2026-02-28,0.00,5825.63,716666.79,02:29:36,2026-02-28
Demo Company Pvt Ltd,1234567890,Demo Bank Ltd,INR,Coimbatore,DEMOINCCXXX,IN00DEMO1234567890,ACTIVE,CURRENT,713446.51,2026-02-24,713446.51,2026-02-24,713446.51,2026-02-25 03:25:33,713446.51,2026-02-25 03:25:33,BNK-5E62A77FE164,GL-CE24EDBF9299 Invoice settlement BANK,CUST-373E883F,PAYMENT,2026-02-28,0.00,3220.28,713446.51,03:25:33,2026-02-28
Demo Company Pvt Ltd,1234567890,Demo Bank Ltd,INR,Coimbatore,DEMOINCCXXX,IN00DEMO1234567890,ACTIVE,CURRENT,706712.09,2026-02-24,706712.09,2026-02-24,706712.09,2026-02-25 04:03:13,706712.09,2026-02-25 04:03:13,BNK-504D1D0A7C0A,GL-90FC9C0D8E0D Vendor payout BANK POLARITY_REVERSAL,CUST-9F89217F,CHARGEBACK,2026-02-28,0.00,6734.42,706712.09,04:03:13,2026-02-28
Demo Company Pvt Ltd,1234567890,Demo Bank Ltd,INR,Coimbatore,DEMOINCCXXX,IN00DEMO1234567890,ACTIVE,CURRENT,712127.77,2026-02-24,712127.77,2026-02-24,712127.77,2026-02-25 04:55:11,712127.77,2026-02-25 04:55:11,BNK-7FD68E4F5E91,GL-056906021B6D NEFT transfer,CUST-E4CA7E41,CHARGEBACK,2026-02-28,5415.68,0.00,712127.77,04:55:11,2026-02-28
Demo Company Pvt Ltd,1234567890,Demo Bank Ltd,INR,Coimbatore,DEMOINCCXXX,IN00DEMO1234567890,ACTIVE,CURRENT,723739.54,2026-02-24,723739.54,2026-02-24,723739.54,2026-02-25 05:16:20,723739.54,2026-02-25 05:16:20,BNK-99F933BF81F4,GL-778C60CDE308 Vendor payout BANK,,PAYMENT,2026-02-28,11611.77,0.00,723739.54,05:16:20,2026-02-28
Demo Company Pvt Ltd,1234567890,Demo Bank Ltd,INR,Coimbatore,DEMOINCCXXX,IN00DEMO1234567890,ACTIVE,CURRENT,722693.90,2026-02-24,722693.90,2026-02-24,722693.90,2026-02-25 05:50:30,722693.90,2026-02-25 05:50:30,BNK-DDF1899103E9,GL-7F3D21FFE1A3 Invoice settlement POLARITY_REVERSAL,CUST-3EBCFAB9,TRANSFER,2026-02-28,0.00,1045.64,722693.90,05:50:30,2026-02-28
Demo Company Pvt Ltd,1234567890,Demo Bank Ltd,INR,Coimbatore,DEMOINCCXXX,IN00DEMO1234567890,ACTIVE,CURRENT,719389.48,2026-02-24,719389.48,2026-02-24,719389.48,2026-02-25 06:22:15,719389.48,2026-02-25 06:22:15,BNK-08FF5E6E0CC1,GL-E5824D147880 Vendor payout BANK,,RECEIPT,2026-02-28,0.00,3304.42,719389.48,06:22:15,2026-02-28
Demo Company Pvt Ltd,1234567890,Demo Bank Ltd,INR,Coimbatore,DEMOINCCXXX,IN00DEMO1234567890,ACTIVE,CURRENT,730730.17,2026-02-24,730730.17,2026-02-24,730730.17,2026-02-25 06:44:56,730730.17,2026-02-25 06:44:56,,GL-3B423C588731 NEFT transfer REFERENCE_DROP,,TRANSFER,2026-02-28,11340.69,0.00,730730.17,06:44:56,2026-02-28
Demo Company Pvt Ltd,1234567890,Demo Bank Ltd,INR,Coimbatore,DEMOINCCXXX,IN00DEMO1234567890,ACTIVE,CURRENT,742070.86,2026-02-24,742070.86,2026-02-24,742070.86,2026-02-25 07:27:41,742070.86,2026-02-25 07:27:41,BNK-43ADFC4E4153-DUP,GL-3B423C588731 NEFT transfer REFERENCE_DROP DUPLICATE_POSTING,,TRANSFER,2026-02-28,11340.69,0.00,742070.86,07:27:41,2026-02-28
Demo Company Pvt Ltd,1234567890,Demo Bank Ltd,INR,Coimbatore,DEMOINCCXXX,IN00DEMO1234567890,ACTIVE,CURRENT,761788.37,2026-02-24,761788.37,2026-02-24,761788.37,2026-02-25 08:20:36,761788.37,2026-02-25 08:20:36,BNK-D3914B9FCE62,GL-5E8F162A5046 NEFT transfer BANK AMOUNT_TYPO,CUST-54B5EB52,CHARGEBACK,2026-02-28,19717.51,0.00,761788.37,08:20:36,2026-02-28
Demo Company Pvt Ltd,1234567890,Demo Bank Ltd,INR,Coimbatore,DEMOINCCXXX,IN00DEMO1234567890,ACTIVE,CURRENT,745832.27,2026-02-24,745832.27,2026-02-24,745832.27,2026-02-25 09:13:20,745832.27,2026-02-25 09:13:20,BNK-4F6B3D46A97F,GL-721C5046A8F4 Customer collection BANK,CUST-A0872635,TRANSFER,2026-02-28,0.00,15956.10,745832.27,09:13:20,2026-02-28
Demo Company Pvt Ltd,1234567890,Demo Bank Ltd,INR,Coimbatore,DEMOINCCXXX,IN00DEMO1234567890,ACTIVE,CURRENT,755241.04,2026-02-24,755241.04,2026-02-24,755241.04,2026-02-25 09:55:04,755241.04,2026-02-25 09:55:04,BNK-D87F4FE6F03A,GL-1E37E322828A Invoice settlement BANK,CUST-E5369A59,PAYMENT,2026-02-28,9408.77,0.00,755241.04,09:55:04,2026-02-28
Demo Company Pvt Ltd,1234567890,Demo Bank Ltd,INR,Coimbatore,DEMOINCCXXX,IN00DEMO1234567890,ACTIVE,CURRENT,774171.30,2026-02-24,774171.30,2026-02-24,774171.30,2026-02-25 10:38:46,774171.30,2026-02-25 10:38:46,BNK-84E0E9B56F41,GL-162AF4CEC161 Invoice settlement BANK,CUST-1853EB3B,PAYMENT,2026-02-28,18930.26,0.00,774171.30,10:38:46,2026-02-28
Demo Company Pvt Ltd,1234567890,Demo Bank Ltd,INR,Coimbatore,DEMOINCCXXX,IN00DEMO1234567890,ACTIVE,CURRENT,784925.33,2026-02-24,784925.33,2026-02-24,784925.33,2026-02-25 11:14:21,784925.33,2026-02-25 11:14:21,BNK-78CC42CB9C15,GL-A9A65F9B0D37 Vendor payout,CUST-EE266654,TRANSFER,2026-02-28,10754.03,0.00,784925.33,11:14:21,2026-02-28
Demo Company Pvt Ltd,1234567890,Demo Bank Ltd,INR,Coimbatore,DEMOINCCXXX,IN00DEMO1234567890,ACTIVE,CURRENT,811021.88,2026-02-24,811021.88,2026-02-24,811021.88,2026-02-25 11:32:50,811021.88,2026-02-25 11:32:50,BNK-E45DF2710747,GL-AC9C100A4523 Invoice settlement BANK,CUST-7D3EB912,RECEIPT,2026-02-28,26096.55,0.00,811021.88,11:32:50,2026-02-28
Demo Company Pvt Ltd,1234567890,Demo Bank Ltd,INR,Coimbatore,DEMOINCCXXX,IN00DEMO1234567890,ACTIVE,CURRENT,784624.88,2026-02-24,784624.88,2026-02-24,784624.88,2026-02-25 12:04:38,784624.88,2026-02-25 12:04:38,BNK-861730C305EA,GL-7977019F8D81 UPI transfer BANK,CUST-D25C4811,RECEIPT,2026-02-28,0.00,26397.00,784624.88,12:04:38,2026-02-28
Demo Company Pvt Ltd,1234567890,Demo Bank Ltd,INR,Coimbatore,DEMOINCCXXX,IN00DEMO1234567890,ACTIVE,CURRENT,790620.16,2026-02-24,790620.16,2026-02-24,790620.16,2026-02-25 12:42:17,790620.16,2026-02-25 12:42:17,BNK-5D5B1470D642,GL-C1815269B63E UPI transfer BANK,,RECEIPT,2026-02-28,5995.28,0.00,790620.16,12:42:17,2026-02-28
Demo Company Pvt Ltd,1234567890,Demo Bank Ltd,INR,Coimbatore,DEMOINCCXXX,IN00DEMO1234567890,ACTIVE,CURRENT,763521.24,2026-02-24,763521.24,2026-02-24,763521.24,2026-02-25 13:08:20,763521.24,2026-02-25 13:08:20,BNK-A755898D49AA,GL-EF24FFFCAC20 NEFT transfer BANK,CUST-99D3F2D4,CHARGEBACK,2026-02-28,0.00,27098.92,763521.24,13:08:20,2026-02-28
Demo Company Pvt Ltd,1234567890,Demo Bank Ltd,INR,Coimbatore,DEMOINCCXXX,IN00DEMO1234567890,ACTIVE,CURRENT,780529.09,2026-02-24,780529.09,2026-02-24,780529.09,2026-02-25 13:58:45,780529.09,2026-02-25 13:58:45,BNK-1EC2D2047731,GL-83C2D8A60640 UPI transfer BANK,CUST-73F6CBE7,PAYMENT,2026-02-28,17007.85,0.00,780529.09,13:58:45,2026-02-28
Demo Company Pvt Ltd,1234567890,Demo Bank Ltd,INR,Coimbatore,DEMOINCCXXX,IN00DEMO1234567890,ACTIVE,CURRENT,753653.43,2026-02-24,753653.43,2026-02-24,753653.43,2026-02-25 14:56:18,753653.43,2026-02-25 14:56:18,BNK-74D7593B02AF,GL-1E3649A7FFA2 Invoice settlement,CUST-BA423D96,TRANSFER,2026-02-28,0.00,26875.66,753653.43,14:56:18,2026-02-28
Demo Company Pvt Ltd,1234567890,Demo Bank Ltd,INR,Coimbatore,DEMOINCCXXX,IN00DEMO1234567890,ACTIVE,CURRENT,731171.61,2026-02-24,731171.61,2026-02-24,731171.61,2026-02-25 15:51:49,731171.61,2026-02-25 15:51:49,BNK-ABADF8322566,GL-93C1586C20B1 Customer collection,,TRANSFER,2026-02-28,0.00,22481.82,731171.61,15:51:49,2026-02-28
Demo Company Pvt Ltd,1234567890,Demo Bank Ltd,INR,Coimbatore,DEMOINCCXXX,IN00DEMO1234567890,ACTIVE,CURRENT,740801.02,2026-02-24,740801.02,2026-02-24,740801.02,2026-02-25 16:29:02,740801.02,2026-02-25 16:29:02,BNK-5305BD2A82BB,GL-A6C4A1FE8065 Vendor payout BANK,CUST-4330C134,TRANSFER,2026-02-28,9629.41,0.00,740801.02,16:29:02,2026-02-28
Demo Company Pvt Ltd,1234567890,Demo Bank Ltd,INR,Coimbatore,DEMOINCCXXX,IN00DEMO1234567890,ACTIVE,CURRENT,750430.43,2026-02-24,750430.43,2026-02-24,750430.43,2026-02-25 16:54:49,750430.43,2026-02-25 16:54:49,BNK-5305BD2A82BB-DUP,GL-A6C4A1FE8065 Vendor payout BANK DUPLICATE_POSTING,CUST-4330C134,TRANSFER,2026-02-28,9629.41,0.00,750430.43,16:54:49,2026-02-28
Demo Company Pvt Ltd,1234567890,Demo Bank Ltd,INR,Coimbatore,DEMOINCCXXX,IN00DEMO1234567890,ACTIVE,CURRENT,723791.54,2026-02-24,723791.54,2026-02-24,723791.54,2026-02-25 17:24:19,723791.54,2026-02-25 17:24:19,BNK-9DEC5B6CF718,GL-814063E117EC Vendor payout BANK,,PAYMENT,2026-02-28,0.00,26638.89,723791.54,17:24:19,2026-02-28
Demo Company Pvt Ltd,1234567890,Demo Bank Ltd,INR,Coimbatore,DEMOINCCXXX,IN00DEMO1234567890,ACTIVE,CURRENT,746235.25,2026-02-24,746235.25,2026-02-24,746235.25,2026-02-25 17:48:23,746235.25,2026-02-25 17:48:23,BNK-9804DF8C72DE,GL-762869741D67 UPI transfer,,CHARGEBACK,2026-02-28,22443.71,0.00,746235.25,17:48:23,2026-02-28
Demo Company Pvt Ltd,1234567890,Demo Bank Ltd,INR,Coimbatore,DEMOINCCXXX,IN00DEMO1234567890,ACTIVE,CURRENT,749985.92,2026-02-24,749985.92,2026-02-24,749985.92,2026-02-25 18:36:18,749985.92,2026-02-25 18:36:18,BNK-00E1370A632F,GL-A367EE9A86B6 Customer collection BANK,CUST-F722B640,TRANSFER,2026-02-28,3750.67,0.00,749985.92,18:36:18,2026-02-28
Demo Company Pvt Ltd,1234567890,Demo Bank Ltd,INR,Coimbatore,DEMOINCCXXX,IN00DEMO1234567890,ACTIVE,CURRENT,777132.31,2026-02-24,777132.31,2026-02-24,777132.31,2026-02-25 19:24:54,777132.31,2026-02-25 19:24:54,BNK-2E5A88AC1459,GL-22569D64B665 Customer collection BANK,CUST-99E3B347,CHARGEBACK,2026-02-28,27146.39,0.00,777132.31,19:24:54,2026-02-28
Demo Company Pvt Ltd,1234567890,Demo Bank Ltd,INR,Coimbatore,DEMOINCCXXX,IN00DEMO1234567890,ACTIVE,CURRENT,794187.70,2026-02-24,794187.70,2026-02-24,794187.70,2026-02-25 20:01:59,794187.70,2026-02-25 20:01:59,,GL-E0E9B4E1C17F Invoice settlement REFERENCE_DROP,,PAYMENT,2026-02-28,17055.39,0.00,794187.70,20:01:59,2026-02-28
Demo Company Pvt Ltd,1234567890,Demo Bank Ltd,INR,Coimbatore,DEMOINCCXXX,IN00DEMO1234567890,ACTIVE,CURRENT,795870.27,2026-02-24,795870.27,2026-02-24,795870.27,2026-02-25 20:33:01,795870.27,2026-02-25 20:33:01,BNK-20C307FF0422,GL-976E59EDA618 Invoice settlement,CUST-7A6042B0,TRANSFER,2026-02-28,1682.57,0.00,795870.27,20:33:01,2026-02-28
Demo Company Pvt Ltd,1234567890,Demo Bank Ltd,INR,Coimbatore,DEMOINCCXXX,IN00DEMO1234567890,ACTIVE,CURRENT,806152.57,2026-02-24,806152.57,2026-02-24,806152.57,2026-02-25 21:17:59,806152.57,2026-02-25 21:17:59,,GL-E29D8BAE624F UPI transfer BANK REFERENCE_DROP,,TRANSFER,2026-02-28,10282.30,0.00,806152.57,21:17:59,2026-02-28
Demo Company Pvt Ltd,1234567890,Demo Bank Ltd,INR,Coimbatore,DEMOINCCXXX,IN00DEMO1234567890,ACTIVE,CURRENT,823272.83,2026-02-24,823272.83,2026-02-24,823272.83,2026-02-25 22:14:16,823272.83,2026-02-25 22:14:16,,GL-0D53BFE8F722 NEFT transfer BANK REFERENCE_DROP,,CHARGEBACK,2026-02-28,17120.26,0.00,823272.83,22:14:16,2026-02-28
Demo Company Pvt Ltd,1234567890,Demo Bank Ltd,INR,Coimbatore,DEMOINCCXXX,IN00DEMO1234567890,ACTIVE,CURRENT,825403.95,2026-02-24,825403.95,2026-02-24,825403.95,2026-02-25 22:59:05,825403.95,2026-02-25 22:59:05,BNK-37255D9DC779,GL-8C6DA52F31C0 Customer collection BANK,CUST-B9D0FC1E,RECEIPT,2026-02-28,2131.12,0.00,825403.95,22:59:05,2026-02-28
Demo Company Pvt Ltd,1234567890,Demo Bank Ltd,INR,Coimbatore,DEMOINCCXXX,IN00DEMO1234567890,ACTIVE,CURRENT,827535.07,2026-02-24,827535.07,2026-02-24,827535.07,2026-02-25 23:48:31,827535.07,2026-02-25 23:48:31,BNK-37255D9DC779-DUP,GL-8C6DA52F31C0 Customer collection BANK DUPLICATE_POSTING,CUST-B9D0FC1E,RECEIPT,2026-02-28,2131.12,0.00,827535.07,23:48:31,2026-02-28
Demo Company Pvt Ltd,1234567890,Demo Bank Ltd,INR,Coimbatore,DEMOINCCXXX,IN00DEMO1234567890,ACTIVE,CURRENT,854899.46,2026-02-25,854899.46,2026-02-25,854899.46,2026-02-26 00:35:26,854899.46,2026-02-26 00:35:26,BNK-E5612F959FF3,GL-A6078DD3AA87 NEFT transfer,CUST-91D8C00D,RECEIPT,2026-02-28,27364.39,0.00,854899.46,00:35:26,2026-02-28
Demo Company Pvt Ltd,1234567890,Demo Bank Ltd,INR,Coimbatore,DEMOINCCXXX,IN00DEMO1234567890,ACTIVE,CURRENT,847722.04,2026-02-25,847722.04,2026-02-25,847722.04,2026-02-26 01:17:03,847722.04,2026-02-26 01:17:03,BNK-78C0F2DDBA92,GL-022AFC96BEFC NEFT transfer,CUST-70B8A199,RECEIPT,2026-02-28,0.00,7177.42,847722.04,01:17:03,2026-02-28
Demo Company Pvt Ltd,1234567890,Demo Bank Ltd,INR,Coimbatore,DEMOINCCXXX,IN00DEMO1234567890,ACTIVE,CURRENT,841351.68,2026-02-25,841351.68,2026-02-25,841351.68,2026-02-26 02:11:25,841351.68,2026-02-26 02:11:25,BNK-C1DEC4E5ED19,GL-E0E81C5C7A9D Vendor payout BANK,CUST-ADF66FD3,CHARGEBACK,2026-02-28,0.00,6370.36,841351.68,02:11:25,2026-02-28
Demo Company Pvt Ltd,1234567890,Demo Bank Ltd,INR,Coimbatore,DEMOINCCXXX,IN00DEMO1234567890,ACTIVE,CURRENT,830420.08,2026-02-25,830420.08,2026-02-25,830420.08,2026-02-26 02:35:26,830420.08,2026-02-26 02:35:26,BNK-338CD22CC83B,GL-F5A7249DC95A Customer collection,CUST-B9AEC105,RECEIPT,2026-02-28,0.00,10931.60,830420.08,02:35:26,2026-02-28
Demo Company Pvt Ltd,1234567890,Demo Bank Ltd,INR,Coimbatore,DEMOINCCXXX,IN00DEMO1234567890,ACTIVE,CURRENT,811157.29,2026-02-25,811157.29,2026-02-25,811157.29,2026-02-26 03:33:11,811157.29,2026-02-26 03:33:11,BNK-51C0B5A1F63F,GL-9F9D0E44EA82 Invoice settlement,,PAYMENT,2026-02-28,0.00,19262.79,811157.29,03:33:11,2026-02-28
Demo Company Pvt Ltd,1234567890,Demo Bank Ltd,INR,Coimbatore,DEMOINCCXXX,IN00DEMO1234567890,ACTIVE,CURRENT,817413.58,2026-02-25,817413.58,2026-02-25,817413.58,2026-02-26 04:19:41,817413.58,2026-02-26 04:19:41,BNK-07A610DA62AC,GL-8460B7A58043 Invoice settlement BANK,CUST-D5D99307,TRANSFER,2026-02-28,6256.29,0.00,817413.58,04:19:41,2026-02-28
Demo Company Pvt Ltd,1234567890,Demo Bank Ltd,INR,Coimbatore,DEMOINCCXXX,IN00DEMO1234567890,ACTIVE,CURRENT,830008.87,2026-02-25,830008.87,2026-02-25,830008.87,2026-02-26 04:51:28,830008.87,2026-02-26 04:51:28,BNK-A518C08BFB58,GL-C9D0FB1E0E68 Invoice settlement BANK,CUST-6B54DCE9,RECEIPT,2026-02-28,12595.29,0.00,830008.87,04:51:28,2026-02-28
Demo Company Pvt Ltd,1234567890,Demo Bank Ltd,INR,Coimbatore,DEMOINCCXXX,IN00DEMO1234567890,ACTIVE,CURRENT,807170.57,2026-02-25,807170.57,2026-02-25,807170.57,2026-02-26 05:39:50,807170.57,2026-02-26 05:39:50,BNK-9FC6383D5A5A,GL-63B7E6C347A6 NEFT transfer BANK,CUST-A78748CF,CHARGEBACK,2026-02-28,0.00,22838.30,807170.57,05:39:50,2026-02-28
Demo Company Pvt Ltd,1234567890,Demo Bank Ltd,INR,Coimbatore,DEMOINCCXXX,IN00DEMO1234567890,ACTIVE,CURRENT,786517.91,2026-02-25,786517.91,2026-02-25,786517.91,2026-02-26 06:08:04,786517.91,2026-02-26 06:08:04,BNK-69C5E964EFB6,GL-703D29632AF6 Customer collection BANK,CUST-53DDD528,CHARGEBACK,2026-02-28,0.00,20652.66,786517.91,06:08:04,2026-02-28
Demo Company Pvt Ltd,1234567890,Demo Bank Ltd,INR,Coimbatore,DEMOINCCXXX,IN00DEMO1234567890,ACTIVE,CURRENT,801787.88,2026-02-25,801787.88,2026-02-25,801787.88,2026-02-26 06:41:35,801787.88,2026-02-26 06:41:35,BNK-B37502EE08E8,GL-82ED44D09EDE Invoice settlement,CUST-66ADC967,PAYMENT,2026-02-28,15269.97,0.00,801787.88,06:41:35,2026-02-28
Demo Company Pvt Ltd,1234567890,Demo Bank Ltd,INR,Coimbatore,DEMOINCCXXX,IN00DEMO1234567890,ACTIVE,CURRENT,801462.93,2026-02-25,801462.93,2026-02-25,801462.93,2026-02-26 07:17:13,801462.93,2026-02-26 07:17:13,BNK-68C22F55327B,GL-226DD8D7A934 Vendor payout BANK,CUST-A01CAACC,PAYMENT,2026-02-28,0.00,324.95,801462.93,07:17:13,2026-02-28
Demo Company Pvt Ltd,1234567890,Demo Bank Ltd,INR,Coimbatore,DEMOINCCXXX,IN00DEMO1234567890,ACTIVE,CURRENT,827180.20,2026-02-25,827180.20,2026-02-25,827180.20,2026-02-26 07:59:38,827180.20,2026-02-26 07:59:38,BNK-EFDBA152CB91,GL-35A095C8FBF3 Vendor payout,CUST-9875D1C8,TRANSFER,2026-02-28,25717.27,0.00,827180.20,07:59:38,2026-02-28
Demo Company Pvt Ltd,1234567890,Demo Bank Ltd,INR,Coimbatore,DEMOINCCXXX,IN00DEMO1234567890,ACTIVE,CURRENT,806893.94,2026-02-25,806893.94,2026-02-25,806893.94,2026-02-26 08:39:20,806893.94,2026-02-26 08:39:20,BNK-33A1AB654314,GL-CBD785720A47 Customer collection BANK,CUST-5933F7B2,CHARGEBACK,2026-02-28,0.00,20286.26,806893.94,08:39:20,2026-02-28
Demo Company Pvt Ltd,1234567890,Demo Bank Ltd,INR,Coimbatore,DEMOINCCXXX,IN00DEMO1234567890,ACTIVE,CURRENT,787693.81,2026-02-25,787693.81,2026-02-25,787693.81,2026-02-26 09:10:57,787693.81,2026-02-26 09:10:57,BNK-BA9A50C8A600,GL-0611082632A4 UPI transfer BANK,,TRANSFER,2026-02-28,0.00,19200.13,787693.81,09:10:57,2026-02-28
Demo Company Pvt Ltd,1234567890,Demo Bank Ltd,INR,Coimbatore,DEMOINCCXXX,IN00DEMO1234567890,ACTIVE,CURRENT,792981.29,2026-02-25,792981.29,2026-02-25,792981.29,2026-02-26 10:06:29,792981.29,2026-02-26 10:06:29,BNK-59B40243B8FC,GL-5C34811B3164 Vendor payout BANK,,TRANSFER,2026-02-28,5287.48,0.00,792981.29,10:06:29,2026-02-28
Demo Company Pvt Ltd,1234567890,Demo Bank Ltd,INR,Coimbatore,DEMOINCCXXX,IN00DEMO1234567890,ACTIVE,CURRENT,765507.06,2026-02-25,765507.06,2026-02-25,765507.06,2026-02-26 10:44:28,765507.06,2026-02-26 10:44:28,BNK-2773DA4266B5,GL-81D114F31382 Invoice settlement BANK,CUST-77485660,CHARGEBACK,2026-02-28,0.00,27474.23,765507.06,10:44:28,2026-02-28
Demo Company Pvt Ltd,1234567890,Demo Bank Ltd,INR,Coimbatore,DEMOINCCXXX,IN00DEMO1234567890,ACTIVE,CURRENT,738414.99,2026-02-25,738414.99,2026-02-25,738414.99,2026-02-26 11:23:01,738414.99,2026-02-26 11:23:01,BNK-8A394CE0B686,GL-9A718B48564B Customer collection BANK,CUST-D6F3C4CA,RECEIPT,2026-02-28,0.00,27092.07,738414.99,11:23:01,2026-02-28
Demo Company Pvt Ltd,1234567890,Demo Bank Ltd,INR,Coimbatore,DEMOINCCXXX,IN00DEMO1234567890,ACTIVE,CURRENT,726627.83,2026-02-25,726627.83,2026-02-25,726627.83,2026-02-26 11:51:58,726627.83,2026-02-26 11:51:58,BNK-41CC37AF7B1F,GL-631D11C04651 Invoice settlement BANK,CUST-05D57183,PAYMENT,2026-02-28,0.00,11787.16,726627.83,11:51:58,2026-02-28
Demo Company Pvt Ltd,1234567890,Demo Bank Ltd,INR,Coimbatore,DEMOINCCXXX,IN00DEMO1234567890,ACTIVE,CURRENT,704836.36,2026-02-25,704836.36,2026-02-25,704836.36,2026-02-26 12:16:10,704836.36,2026-02-26 12:16:10,BNK-8EEF06FF2053,GL-CEAACF9D3B49 Vendor payout,CUST-4847AD9C,TRANSFER,2026-02-28,0.00,21791.47,704836.36,12:16:10,2026-02-28
Demo Company Pvt Ltd,1234567890,Demo Bank Ltd,INR,Coimbatore,DEMOINCCXXX,IN00DEMO1234567890,ACTIVE,CURRENT,688463.47,2026-02-25,688463.47,2026-02-25,688463.47,2026-02-26 12:51:14,688463.47,2026-02-26 12:51:14,BNK-27A0E09BDCC3,GL-B4AFA56E6E12 Invoice settlement BANK,CUST-6FE11905,CHARGEBACK,2026-02-28,0.00,16372.89,688463.47,12:51:14,2026-02-28
Demo Company Pvt Ltd,1234567890,Demo Bank Ltd,INR,Coimbatore,DEMOINCCXXX,IN00DEMO1234567890,ACTIVE,CURRENT,715556.07,2026-02-25,715556.07,2026-02-25,715556.07,2026-02-26 13:29:45,715556.07,2026-02-26 13:29:45,BNK-9E014F440FB3,GL-0A42C644F18F Invoice settlement BANK,CUST-F7F5BA95,TRANSFER,2026-02-28,27092.60,0.00,715556.07,13:29:45,2026-02-28
Demo Company Pvt Ltd,1234567890,Demo Bank Ltd,INR,Coimbatore,DEMOINCCXXX,IN00DEMO1234567890,ACTIVE,CURRENT,700329.37,2026-02-25,700329.37,2026-02-25,700329.37,2026-02-26 14:18:46,700329.37,2026-02-26 14:18:46,BNK-93DB31826A5A,GL-68689CEF8A81 Vendor payout BANK,CUST-01FCD308,CHARGEBACK,2026-02-28,0.00,15226.70,700329.37,14:18:46,2026-02-28
Demo Company Pvt Ltd,1234567890,Demo Bank Ltd,INR,Coimbatore,DEMOINCCXXX,IN00DEMO1234567890,ACTIVE,CURRENT,675374.67,2026-02-25,675374.67,2026-02-25,675374.67,2026-02-26 15:17:48,675374.67,2026-02-26 15:17:48,BNK-B0C97CC75E38,GL-E6F144FF4A76 Invoice settlement BANK,CUST-A61F2C4B,TRANSFER,2026-02-28,0.00,24954.70,675374.67,15:17:48,2026-02-28
Demo Company Pvt Ltd,1234567890,Demo Bank Ltd,INR,Coimbatore,DEMOINCCXXX,IN00DEMO1234567890,ACTIVE,CURRENT,650546.83,2026-02-25,650546.83,2026-02-25,650546.83,2026-02-26 16:10:33,650546.83,2026-02-26 16:10:33,BNK-B6479DC25D63,GL-744BFD9745F5 Customer collection POLARITY_REVERSAL,,CHARGEBACK,2026-02-28,0.00,24827.84,650546.83,16:10:33,2026-02-28
Demo Company Pvt Ltd,1234567890,Demo Bank Ltd,INR,Coimbatore,DEMOINCCXXX,IN00DEMO1234567890,ACTIVE,CURRENT,653042.20,2026-02-25,653042.20,2026-02-25,653042.20,2026-02-26 16:29:42,653042.20,2026-02-26 16:29:42,BNK-F8116EDA2FF8,GL-742EB0897ABA NEFT transfer,,CHARGEBACK,2026-02-28,2495.37,0.00,653042.20,16:29:42,2026-02-28
Demo Company Pvt Ltd,1234567890,Demo Bank Ltd,INR,Coimbatore,DEMOINCCXXX,IN00DEMO1234567890,ACTIVE,CURRENT,648156.86,2026-02-25,648156.86,2026-02-25,648156.86,2026-02-26 17:25:54,648156.86,2026-02-26 17:25:54,BNK-F42D7805F3E4,GL-59345A381340 UPI transfer,CUST-4B81FCBD,PAYMENT,2026-02-28,0.00,4885.34,648156.86,17:25:54,2026-02-28
Demo Company Pvt Ltd,1234567890,Demo Bank Ltd,INR,Coimbatore,DEMOINCCXXX,IN00DEMO1234567890,ACTIVE,CURRENT,658479.17,2026-02-25,658479.17,2026-02-25,658479.17,2026-02-26 18:02:04,658479.17,2026-02-26 18:02:04,BNK-1104E620984C,GL-8884167C0F8E NEFT transfer BANK,CUST-0313DDE7,PAYMENT,2026-02-28,10322.31,0.00,658479.17,18:02:04,2026-02-28
Demo Company Pvt Ltd,1234567890,Demo Bank Ltd,INR,Coimbatore,DEMOINCCXXX,IN00DEMO1234567890,ACTIVE,CURRENT,682286.69,2026-02-25,682286.69,2026-02-25,682286.69,2026-02-26 18:27:38,682286.69,2026-02-26 18:27:38,BNK-E155B8B62267,GL-475B3B4CEAC9 Vendor payout,CUST-D014EDD5,PAYMENT,2026-02-28,23807.52,0.00,682286.69,18:27:38,2026-02-28
Demo Company Pvt Ltd,1234567890,Demo Bank Ltd,INR,Coimbatore,DEMOINCCXXX,IN00DEMO1234567890,ACTIVE,CURRENT,686953.46,2026-02-25,686953.46,2026-02-25,686953.46,2026-02-26 18:52:47,686953.46,2026-02-26 18:52:47,BNK-844294F9C629,GL-BDD8B177A065 Vendor payout,CUST-B6441854,TRANSFER,2026-02-28,4666.77,0.00,686953.46,18:52:47,2026-02-28
Demo Company Pvt Ltd,1234567890,Demo Bank Ltd,INR,Coimbatore,DEMOINCCXXX,IN00DEMO1234567890,ACTIVE,CURRENT,662025.01,2026-02-25,662025.01,2026-02-25,662025.01,2026-02-26 19:14:00,662025.01,2026-02-26 19:14:00,BNK-571B2CEA2F53,GL-00C980EFBC18 NEFT transfer BANK,,PAYMENT,2026-02-28,0.00,24928.45,662025.01,19:14:00,2026-02-28
Demo Company Pvt Ltd,1234567890,Demo Bank Ltd,INR,Coimbatore,DEMOINCCXXX,IN00DEMO1234567890,ACTIVE,CURRENT,665221.46,2026-02-25,665221.46,2026-02-25,665221.46,2026-02-26 19:49:13,665221.46,2026-02-26 19:49:13,BNK-8AF1563020FD,GL-FCA213B99B3E Customer collection BANK,CUST-8E00EA17,CHARGEBACK,2026-02-28,3196.45,0.00,665221.46,19:49:13,2026-02-28
Demo Company Pvt Ltd,1234567890,Demo Bank Ltd,INR,Coimbatore,DEMOINCCXXX,IN00DEMO1234567890,ACTIVE,CURRENT,663798.10,2026-02-25,663798.10,2026-02-25,663798.10,2026-02-26 20:12:59,663798.10,2026-02-26 20:12:59,BNK-56C7463F0A09,GL-CD5DACD46411 NEFT transfer,CUST-18099E22,TRANSFER,2026-02-28,0.00,1423.36,663798.10,20:12:59,2026-02-28
Demo Company Pvt Ltd,1234567890,Demo Bank Ltd,INR,Coimbatore,DEMOINCCXXX,IN00DEMO1234567890,ACTIVE,CURRENT,648149.69,2026-02-25,648149.69,2026-02-25,648149.69,2026-02-26 21:09:50,648149.69,2026-02-26 21:09:50,BNK-65DA0B15D151,GL-A62257E55B5D Invoice settlement BANK DATE_POSTING_ERROR,CUST-16C5D04C,TRANSFER,2026-02-28,0.00,15648.41,648149.69,21:09:50,2026-02-28
Demo Company Pvt Ltd,1234567890,Demo Bank Ltd,INR,Coimbatore,DEMOINCCXXX,IN00DEMO1234567890,ACTIVE,CURRENT,621928.63,2026-02-25,621928.63,2026-02-25,621928.63,2026-02-26 21:26:11,621928.63,2026-02-26 21:26:11,BNK-EF362EA32FEC,GL-9DDA166156B5 Vendor payout BANK,,TRANSFER,2026-02-28,0.00,26221.06,621928.63,21:26:11,2026-02-28
Demo Company Pvt Ltd,1234567890,Demo Bank Ltd,INR,Coimbatore,DEMOINCCXXX,IN00DEMO1234567890,ACTIVE,CURRENT,622977.36,2026-02-25,622977.36,2026-02-25,622977.36,2026-02-26 22:17:05,622977.36,2026-02-26 22:17:05,BNK-727CC9D2CA35,GL-B4568BFD6404 Invoice settlement BANK,CUST-1472F61B,PAYMENT,2026-02-28,1048.73,0.00,622977.36,22:17:05,2026-02-28
Demo Company Pvt Ltd,1234567890,Demo Bank Ltd,INR,Coimbatore,DEMOINCCXXX,IN00DEMO1234567890,ACTIVE,CURRENT,632495.22,2026-02-25,632495.22,2026-02-25,632495.22,2026-02-26 22:45:41,632495.22,2026-02-26 22:45:41,BNK-30128467CB1B,GL-31FC983042C9 UPI transfer,CUST-7BB60676,CHARGEBACK,2026-02-28,9517.86,0.00,632495.22,22:45:41,2026-02-28
Demo Company Pvt Ltd,1234567890,Demo Bank Ltd,INR,Coimbatore,DEMOINCCXXX,IN00DEMO1234567890,ACTIVE,CURRENT,613665.39,2026-02-25,613665.39,2026-02-25,613665.39,2026-02-26 23:27:47,613665.39,2026-02-26 23:27:47,BNK-62FB993AF69B,GL-F0427C06A820 NEFT transfer BANK POLARITY_REVERSAL,CUST-39289C21,TRANSFER,2026-02-28,0.00,18829.83,613665.39,23:27:47,2026-02-28
Demo Company Pvt Ltd,1234567890,Demo Bank Ltd,INR,Coimbatore,DEMOINCCXXX,IN00DEMO1234567890,ACTIVE,CURRENT,595457.18,2026-02-26,595457.18,2026-02-26,595457.18,2026-02-27 00:25:36,595457.18,2026-02-27 00:25:36,BNK-791E30F9D8E0,GL-C22B73CB90C9 Invoice settlement,CUST-5A8B7781,RECEIPT,2026-02-28,0.00,18208.21,595457.18,00:25:36,2026-02-28
Demo Company Pvt Ltd,1234567890,Demo Bank Ltd,INR,Coimbatore,DEMOINCCXXX,IN00DEMO1234567890,ACTIVE,CURRENT,576159.71,2026-02-26,576159.71,2026-02-26,576159.71,2026-02-27 00:47:52,576159.71,2026-02-27 00:47:52,BNK-8F3F5477BADF,GL-5EECA212373F Vendor payout BANK,CUST-CF80FC9F,CHARGEBACK,2026-02-28,0.00,19297.47,576159.71,00:47:52,2026-02-28
Demo Company Pvt Ltd,1234567890,Demo Bank Ltd,INR,Coimbatore,DEMOINCCXXX,IN00DEMO1234567890,ACTIVE,CURRENT,560044.41,2026-02-26,560044.41,2026-02-26,560044.41,2026-02-27 01:15:08,560044.41,2026-02-27 01:15:08,BNK-EC2032869EB3,GL-12B32CC4EEE6 NEFT transfer,CUST-D8C14327,CHARGEBACK,2026-02-28,0.00,16115.30,560044.41,01:15:08,2026-02-28
Demo Company Pvt Ltd,1234567890,Demo Bank Ltd,INR,Coimbatore,DEMOINCCXXX,IN00DEMO1234567890,ACTIVE,CURRENT,580478.49,2026-02-26,580478.49,2026-02-26,580478.49,2026-02-27 01:50:56,580478.49,2026-02-27 01:50:56,BNK-DC8714D2A0E5,GL-9290EE2C3981 Invoice settlement BANK,CUST-413740DF,PAYMENT,2026-02-28,20434.08,0.00,580478.49,01:50:56,2026-02-28
Demo Company Pvt Ltd,1234567890,Demo Bank Ltd,INR,Coimbatore,DEMOINCCXXX,IN00DEMO1234567890,ACTIVE,CURRENT,553834.84,2026-02-26,553834.84,2026-02-26,553834.84,2026-02-27 02:47:15,553834.84,2026-02-27 02:47:15,BNK-22AEFAB772A6,GL-270976A26841 Vendor payout,CUST-7EC98E69,CHARGEBACK,2026-02-28,0.00,26643.65,553834.84,02:47:15,2026-02-28
Demo Company Pvt Ltd,1234567890,Demo Bank Ltd,INR,Coimbatore,DEMOINCCXXX,IN00DEMO1234567890,ACTIVE,CURRENT,553609.65,2026-02-26,553609.65,2026-02-26,553609.65,2026-02-27 03:23:24,553609.65,2026-02-27 03:23:24,BNK-A751CD383974,GL-1C9708517FFE Customer collection BANK,CUST-54C95A71,CHARGEBACK,2026-02-28,0.00,225.19,553609.65,03:23:24,2026-02-28
Demo Company Pvt Ltd,1234567890,Demo Bank Ltd,INR,Coimbatore,DEMOINCCXXX,IN00DEMO1234567890,ACTIVE,CURRENT,575943.60,2026-02-26,575943.60,2026-02-26,575943.60,2026-02-27 03:56:03,575943.60,2026-02-27 03:56:03,BNK-7FFDA7AFE3D4,GL-891D50FBAA7B NEFT transfer BANK,CUST-C92FF14C,RECEIPT,2026-02-28,22333.95,0.00,575943.60,03:56:03,2026-02-28
Demo Company Pvt Ltd,1234567890,Demo Bank Ltd,INR,Coimbatore,DEMOINCCXXX,IN00DEMO1234567890,ACTIVE,CURRENT,584928.28,2026-02-26,584928.28,2026-02-26,584928.28,2026-02-27 04:52:13,584928.28,2026-02-27 04:52:13,BNK-2717FAC4F2C7,GL-08E42F97C06C Invoice settlement BANK,,CHARGEBACK,2026-02-28,8984.68,0.00,584928.28,04:52:13,2026-02-28
Demo Company Pvt Ltd,1234567890,Demo Bank Ltd,INR,Coimbatore,DEMOINCCXXX,IN00DEMO1234567890,ACTIVE,CURRENT,570318.42,2026-02-26,570318.42,2026-02-26,570318.42,2026-02-27 05:31:44,570318.42,2026-02-27 05:31:44,BNK-3257B6D7EB2E,GL-2CBB81ABCD01 UPI transfer BANK,CUST-B0B0D2DA,CHARGEBACK,2026-02-28,0.00,14609.86,570318.42,05:31:44,2026-02-28
Demo Company Pvt Ltd,1234567890,Demo Bank Ltd,INR,Coimbatore,DEMOINCCXXX,IN00DEMO1234567890,ACTIVE,CURRENT,543252.43,2026-02-26,543252.43,2026-02-26,543252.43,2026-02-27 06:26:58,543252.43,2026-02-27 06:26:58,BNK-B6B2CB0FF71D,GL-FC42B308D60D Customer collection BANK POLARITY_REVERSAL,CUST-539B0605,PAYMENT,2026-02-28,0.00,27065.99,543252.43,06:26:58,2026-02-28
Demo Company Pvt Ltd,1234567890,Demo Bank Ltd,INR,Coimbatore,DEMOINCCXXX,IN00DEMO1234567890,ACTIVE,CURRENT,524419.33,2026-02-26,524419.33,2026-02-26,524419.33,2026-02-27 07:02:52,524419.33,2026-02-27 07:02:52,BNK-DCF6920C5BD8,GL-BF95BB71523D UPI transfer BANK DATE_POSTING_ERROR,CUST-C4234BD1,CHARGEBACK,2026-02-28,0.00,18833.10,524419.33,07:02:52,2026-02-28
Demo Company Pvt Ltd,1234567890,Demo Bank Ltd,INR,Coimbatore,DEMOINCCXXX,IN00DEMO1234567890,ACTIVE,CURRENT,545470.55,2026-02-26,545470.55,2026-02-26,545470.55,2026-02-27 07:42:14,545470.55,2026-02-27 07:42:14,,GL-164DA683C2DE Customer collection BANK REFERENCE_DROP,,RECEIPT,2026-02-28,21051.22,0.00,545470.55,07:42:14,2026-02-28
Demo Company Pvt Ltd,1234567890,Demo Bank Ltd,INR,Coimbatore,DEMOINCCXXX,IN00DEMO1234567890,ACTIVE,CURRENT,546429.08,2026-02-26,546429.08,2026-02-26,546429.08,2026-02-27 08:34:16,546429.08,2026-02-27 08:34:16,BNK-863DEB5E5948,GL-97AD60906EE0 NEFT transfer BANK POLARITY_REVERSAL,CUST-95FC6BCD,TRANSFER,2026-02-28,958.53,0.00,546429.08,08:34:16,2026-02-28
Demo Company Pvt Ltd,1234567890,Demo Bank Ltd,INR,Coimbatore,DEMOINCCXXX,IN00DEMO1234567890,ACTIVE,CURRENT,547165.97,2026-02-26,547165.97,2026-02-26,547165.97,2026-02-27 08:52:23,547165.97,2026-02-27 08:52:23,BNK-AA55947DF1F4,GL-68A19FBCC508 Customer collection,,TRANSFER,2026-02-28,736.89,0.00,547165.97,08:52:23,2026-02-28
Demo Company Pvt Ltd,1234567890,Demo Bank Ltd,INR,Coimbatore,DEMOINCCXXX,IN00DEMO1234567890,ACTIVE,CURRENT,540561.79,2026-02-26,540561.79,2026-02-26,540561.79,2026-02-27 09:08:56,540561.79,2026-02-27 09:08:56,BNK-5AD015D8C69F,GL-AB4535500156 UPI transfer BANK POLARITY_REVERSAL,CUST-6D0590A6,RECEIPT,2026-02-28,0.00,6604.18,540561.79,09:08:56,2026-02-28
Demo Company Pvt Ltd,1234567890,Demo Bank Ltd,INR,Coimbatore,DEMOINCCXXX,IN00DEMO1234567890,ACTIVE,CURRENT,539924.24,2026-02-26,539924.24,2026-02-26,539924.24,2026-02-27 09:36:31,539924.24,2026-02-27 09:36:31,BNK-C9ED801377BA,GL-DDB3D4644C98 Vendor payout BANK,,RECEIPT,2026-02-28,0.00,637.55,539924.24,09:36:31,2026-02-28
Demo Company Pvt Ltd,1234567890,Demo Bank Ltd,INR,Coimbatore,DEMOINCCXXX,IN00DEMO1234567890,ACTIVE,CURRENT,567493.61,2026-02-26,567493.61,2026-02-26,567493.61,2026-02-27 10:34:03,567493.61,2026-02-27 10:34:03,BNK-73681AFAF987,GL-F746910039CB NEFT transfer,,RECEIPT,2026-02-28,27569.37,0.00,567493.61,10:34:03,2026-02-28
Demo Company Pvt Ltd,1234567890,Demo Bank Ltd,INR,Coimbatore,DEMOINCCXXX,IN00DEMO1234567890,ACTIVE,CURRENT,552051.96,2026-02-26,552051.96,2026-02-26,552051.96,2026-02-27 11:04:14,552051.96,2026-02-27 11:04:14,BNK-0077B579FD9D,GL-FE676B49F236 Customer collection BANK,CUST-1BB40B11,TRANSFER,2026-02-28,0.00,15441.65,552051.96,11:04:14,2026-02-28
Demo Company Pvt Ltd,1234567890,Demo Bank Ltd,INR,Coimbatore,DEMOINCCXXX,IN00DEMO1234567890,ACTIVE,CURRENT,550158.40,2026-02-26,550158.40,2026-02-26,550158.40,2026-02-27 12:04:06,550158.40,2026-02-27 12:04:06,BNK-B226E8E4388A,GL-CD74FCC245C8 NEFT transfer BANK,CUST-F595BA90,RECEIPT,2026-02-28,0.00,1893.56,550158.40,12:04:06,2026-02-28
Demo Company Pvt Ltd,1234567890,Demo Bank Ltd,INR,Coimbatore,DEMOINCCXXX,IN00DEMO1234567890,ACTIVE,CURRENT,532635.35,2026-02-26,532635.35,2026-02-26,532635.35,2026-02-27 12:56:55,532635.35,2026-02-27 12:56:55,BNK-C81DF99F277B,GL-AD3B4E804D8A Customer collection BANK,CUST-D7559DAC,PAYMENT,2026-02-28,0.00,17523.05,532635.35,12:56:55,2026-02-28
Demo Company Pvt Ltd,1234567890,Demo Bank Ltd,INR,Coimbatore,DEMOINCCXXX,IN00DEMO1234567890,ACTIVE,CURRENT,534984.87,2026-02-26,534984.87,2026-02-26,534984.87,2026-02-27 13:47:16,534984.87,2026-02-27 13:47:16,BNK-A58493CDD187,GL-C79647E58AFA Customer collection BANK,CUST-19B490EB,CHARGEBACK,2026-02-28,2349.52,0.00,534984.87,13:47:16,2026-02-28
Demo Company Pvt Ltd,1234567890,Demo Bank Ltd,INR,Coimbatore,DEMOINCCXXX,IN00DEMO1234567890,ACTIVE,CURRENT,526846.36,2026-02-26,526846.36,2026-02-26,526846.36,2026-02-27 14:34:28,526846.36,2026-02-27 14:34:28,BNK-CDC5414D7AB9,GL-C84DC4723989 NEFT transfer,CUST-5B2C1E3B,CHARGEBACK,2026-02-28,0.00,8138.51,526846.36,14:34:28,2026-02-28
Demo Company Pvt Ltd,1234567890,Demo Bank Ltd,INR,Coimbatore,DEMOINCCXXX,IN00DEMO1234567890,ACTIVE,CURRENT,500110.07,2026-02-26,500110.07,2026-02-26,500110.07,2026-02-27 15:23:53,500110.07,2026-02-27 15:23:53,BNK-81B7BBA77EDE,GL-6CC747816281 Customer collection BANK,CUST-6A88345F,CHARGEBACK,2026-02-28,0.00,26736.29,500110.07,15:23:53,2026-02-28
Demo Company Pvt Ltd,1234567890,Demo Bank Ltd,INR,Coimbatore,DEMOINCCXXX,IN00DEMO1234567890,ACTIVE,CURRENT,492358.41,2026-02-26,492358.41,2026-02-26,492358.41,2026-02-27 15:59:49,492358.41,2026-02-27 15:59:49,BNK-EE3253CF4F62,GL-7BE29FE26D02 Vendor payout BANK,CUST-C6FAF08A,TRANSFER,2026-02-28,0.00,7751.66,492358.41,15:59:49,2026-02-28
Demo Company Pvt Ltd,1234567890,Demo Bank Ltd,INR,Coimbatore,DEMOINCCXXX,IN00DEMO1234567890,ACTIVE,CURRENT,466458.15,2026-02-26,466458.15,2026-02-26,466458.15,2026-02-27 16:29:50,466458.15,2026-02-27 16:29:50,BNK-40E7961CFA90,GL-9C75F3488937 UPI transfer,CUST-92DA22E8,PAYMENT,2026-02-28,0.00,25900.26,466458.15,16:29:50,2026-02-28
Demo Company Pvt Ltd,1234567890,Demo Bank Ltd,INR,Coimbatore,DEMOINCCXXX,IN00DEMO1234567890,ACTIVE,CURRENT,493606.15,2026-02-26,493606.15,2026-02-26,493606.15,2026-02-27 17:22:19,493606.15,2026-02-27 17:22:19,BNK-3A96BB05D6FA,GL-42F330982069 NEFT transfer BANK,CUST-0303D387,RECEIPT,2026-02-28,27148.00,0.00,493606.15,17:22:19,2026-02-28
Demo Company Pvt Ltd,1234567890,Demo Bank Ltd,INR,Coimbatore,DEMOINCCXXX,IN00DEMO1234567890,ACTIVE,CURRENT,468748.35,2026-02-26,468748.35,2026-02-26,468748.35,2026-02-27 17:39:32,468748.35,2026-02-27 17:39:32,BNK-81C2CBBE07AA,GL-2F56CE7E05D3 UPI transfer BANK,CUST-1522E88E,RECEIPT,2026-02-28,0.00,24857.80,468748.35,17:39:32,2026-02-28
Demo Company Pvt Ltd,1234567890,Demo Bank Ltd,INR,Coimbatore,DEMOINCCXXX,IN00DEMO1234567890,ACTIVE,CURRENT,484258.02,2026-02-26,484258.02,2026-02-26,484258.02,2026-02-27 18:33:41,484258.02,2026-02-27 18:33:41,BNK-04B22FD0643B,GL-F5749D80CBD6 Customer collection,CUST-8735F9D3,PAYMENT,2026-02-28,15509.67,0.00,484258.02,18:33:41,2026-02-28
Demo Company Pvt Ltd,1234567890,Demo Bank Ltd,INR,Coimbatore,DEMOINCCXXX,IN00DEMO1234567890,ACTIVE,CURRENT,474084.96,2026-02-26,474084.96,2026-02-26,474084.96,2026-02-27 19:31:08,474084.96,2026-02-27 19:31:08,BNK-B82A7BC986D1,GL-4A3482BF7A09 Vendor payout BANK,,PAYMENT,2026-02-28,0.00,10173.06,474084.96,19:31:08,2026-02-28
Demo Company Pvt Ltd,1234567890,Demo Bank Ltd,INR,Coimbatore,DEMOINCCXXX,IN00DEMO1234567890,ACTIVE,CURRENT,485581.65,2026-02-26,485581.65,2026-02-26,485581.65,2026-02-27 20:04:46,485581.65,2026-02-27 20:04:46,BNK-13A800E970E5,GL-18E5F64BC9D9 NEFT transfer BANK,CUST-A46FBF7D,PAYMENT,2026-02-28,11496.69,0.00,485581.65,20:04:46,2026-02-28
Demo Company Pvt Ltd,1234567890,Demo Bank Ltd,INR,Coimbatore,DEMOINCCXXX,IN00DEMO1234567890,ACTIVE,CURRENT,501122.58,2026-02-26,501122.58,2026-02-26,501122.58,2026-02-27 20:41:44,501122.58,2026-02-27 20:41:44,BNK-FE15CEBCDCA3,GL-72A5D4E88E30 NEFT transfer,CUST-91225135,PAYMENT,2026-02-28,15540.93,0.00,501122.58,20:41:44,2026-02-28
Demo Company Pvt Ltd,1234567890,Demo Bank Ltd,INR,Coimbatore,DEMOINCCXXX,IN00DEMO1234567890,ACTIVE,CURRENT,511568.44,2026-02-26,511568.44,2026-02-26,511568.44,2026-02-27 20:56:57,511568.44,2026-02-27 20:56:57,BNK-F8A2B6589D76,GL-A14C6CAB5AF5 Customer collection BANK,CUST-6452983F,RECEIPT,2026-02-28,10445.86,0.00,511568.44,20:56:57,2026-02-28
Demo Company Pvt Ltd,1234567890,Demo Bank Ltd,INR,Coimbatore,DEMOINCCXXX,IN00DEMO1234567890,ACTIVE,CURRENT,511909.93,2026-02-26,511909.93,2026-02-26,511909.93,2026-02-27 21:44:05,511909.93,2026-02-27 21:44:05,BNK-91ACC49EDFE0,GL-2F420765DE7B NEFT transfer BANK,CUST-A8B3BAD4,TRANSFER,2026-02-28,341.49,0.00,511909.93,21:44:05,2026-02-28
Demo Company Pvt Ltd,1234567890,Demo Bank Ltd,INR,Coimbatore,DEMOINCCXXX,IN00DEMO1234567890,ACTIVE,CURRENT,537089.60,2026-02-26,537089.60,2026-02-26,537089.60,2026-02-27 22:12:51,537089.60,2026-02-27 22:12:51,BNK-3B4DD4362B39,GL-E1EDECAB7CDB NEFT transfer,CUST-2B600784,CHARGEBACK,2026-02-28,25179.67,0.00,537089.60,22:12:51,2026-02-28
Demo Company Pvt Ltd,1234567890,Demo Bank Ltd,INR,Coimbatore,DEMOINCCXXX,IN00DEMO1234567890,ACTIVE,CURRENT,540138.38,2026-02-26,540138.38,2026-02-26,540138.38,2026-02-27 22:44:10,540138.38,2026-02-27 22:44:10,BNK-FCDC98B691F8,GL-59EEDD9DF404 UPI transfer BANK,,PAYMENT,2026-02-28,3048.78,0.00,540138.38,22:44:10,2026-02-28
Demo Company Pvt Ltd,1234567890,Demo Bank Ltd,INR,Coimbatore,DEMOINCCXXX,IN00DEMO1234567890,ACTIVE,CURRENT,556544.08,2026-02-26,556544.08,2026-02-26,556544.08,2026-02-27 23:06:51,556544.08,2026-02-27 23:06:51,BNK-B573407F1EA9,GL-4F5E9FF2128D Customer collection,CUST-D2D961BA,CHARGEBACK,2026-02-28,16405.70,0.00,556544.08,23:06:51,2026-02-28
Demo Company Pvt Ltd,1234567890,Demo Bank Ltd,INR,Coimbatore,DEMOINCCXXX,IN00DEMO1234567890,ACTIVE,CURRENT,563242.07,2026-02-26,563242.07,2026-02-26,563242.07,2026-02-27 23:56:39,563242.07,2026-02-27 23:56:39,BNK-F613B03E062C,GL-570743D9B8E7 UPI transfer,,TRANSFER,2026-02-28,6697.99,0.00,563242.07,23:56:39,2026-02-28
Demo Company Pvt Ltd,1234567890,Demo Bank Ltd,INR,Coimbatore,DEMOINCCXXX,IN00DEMO1234567890,ACTIVE,CURRENT,584694.75,2026-02-27,584694.75,2026-02-27,584694.75,2026-02-28 00:44:16,584694.75,2026-02-28 00:44:16,BNK-F04BD3EBF5C5,GL-6C1C6F74A8E1 Invoice settlement,CUST-7FF7A50C,CHARGEBACK,2026-02-28,21452.68,0.00,584694.75,00:44:16,2026-02-28
Demo Company Pvt Ltd,1234567890,Demo Bank Ltd,INR,Coimbatore,DEMOINCCXXX,IN00DEMO1234567890,ACTIVE,CURRENT,559678.80,2026-02-27,559678.80,2026-02-27,559678.80,2026-02-28 01:40:39,559678.80,2026-02-28 01:40:39,BNK-AB15050314A2,GL-2244A1C2BAFD Invoice settlement BANK,CUST-258A8B8B,PAYMENT,2026-02-28,0.00,25015.95,559678.80,01:40:39,2026-02-28
Demo Company Pvt Ltd,1234567890,Demo Bank Ltd,INR,Coimbatore,DEMOINCCXXX,IN00DEMO1234567890,ACTIVE,CURRENT,547153.12,2026-02-27,547153.12,2026-02-27,547153.12,2026-02-28 02:16:39,547153.12,2026-02-28 02:16:39,BNK-6AA52922C0F4,GL-E8FC8F336F9E NEFT transfer BANK,CUST-EE6D6AED,RECEIPT,2026-02-28,0.00,12525.68,547153.12,02:16:39,2026-02-28
Demo Company Pvt Ltd,1234567890,Demo Bank Ltd,INR,Coimbatore,DEMOINCCXXX,IN00DEMO1234567890,ACTIVE,CURRENT,547831.08,2026-02-27,547831.08,2026-02-27,547831.08,2026-02-28 02:51:00,547831.08,2026-02-28 02:51:00,BNK-8938C5FA8CA5,GL-ACCFF4411A4B UPI transfer,CUST-8B7C01AA,PAYMENT,2026-02-28,677.96,0.00,547831.08,02:51:00,2026-02-28
Demo Company Pvt Ltd,1234567890,Demo Bank Ltd,INR,Coimbatore,DEMOINCCXXX,IN00DEMO1234567890,ACTIVE,CURRENT,571371.06,2026-02-27,571371.06,2026-02-27,571371.06,2026-02-28 03:24:48,571371.06,2026-02-28 03:24:48,BNK-A63C93A412F3,GL-D56D1BDE6EB6 NEFT transfer BANK AMOUNT_TYPO,CUST-EAE5735B,RECEIPT,2026-02-28,23539.98,0.00,571371.06,03:24:48,2026-02-28
Demo Company Pvt Ltd,1234567890,Demo Bank Ltd,INR,Coimbatore,DEMOINCCXXX,IN00DEMO1234567890,ACTIVE,CURRENT,586983.44,2026-02-27,586983.44,2026-02-27,586983.44,2026-02-28 04:09:12,586983.44,2026-02-28 04:09:12,BNK-92DEE2658338,GL-54517CC30AD0 Customer collection BANK,CUST-E2B3E187,PAYMENT,2026-02-28,15612.38,0.00,586983.44,04:09:12,2026-02-28
Demo Company Pvt Ltd,1234567890,Demo Bank Ltd,INR,Coimbatore,DEMOINCCXXX,IN00DEMO1234567890,ACTIVE,CURRENT,610534.74,2026-02-27,610534.74,2026-02-27,610534.74,2026-02-28 04:42:39,610534.74,2026-02-28 04:42:39,BNK-B146FFF0C68B,GL-1AB32C16167D Vendor payout BANK,CUST-786B1A47,RECEIPT,2026-02-28,23551.30,0.00,610534.74,04:42:39,2026-02-28
Demo Company Pvt Ltd,1234567890,Demo Bank Ltd,INR,Coimbatore,DEMOINCCXXX,IN00DEMO1234567890,ACTIVE,CURRENT,626550.74,2026-02-27,626550.74,2026-02-27,626550.74,2026-02-28 05:13:46,626550.74,2026-02-28 05:13:46,BNK-16BEBCE19A14,GL-08E5C18B91FA UPI transfer BANK,CUST-E253D1C3,CHARGEBACK,2026-02-28,16016.00,0.00,626550.74,05:13:46,2026-02-28
Demo Company Pvt Ltd,1234567890,Demo Bank Ltd,INR,Coimbatore,DEMOINCCXXX,IN00DEMO1234567890,ACTIVE,CURRENT,634955.39,2026-02-27,634955.39,2026-02-27,634955.39,2026-02-28 05:56:03,634955.39,2026-02-28 05:56:03,BNK-5FE6DD5E9162,GL-65BB40BA0EA9 NEFT transfer BANK,CUST-2C1E80F2,TRANSFER,2026-02-28,8404.65,0.00,634955.39,05:56:03,2026-02-28
Demo Company Pvt Ltd,1234567890,Demo Bank Ltd,INR,Coimbatore,DEMOINCCXXX,IN00DEMO1234567890,ACTIVE,CURRENT,657982.33,2026-02-27,657982.33,2026-02-27,657982.33,2026-02-28 06:44:23,657982.33,2026-02-28 06:44:23,BNK-3F484401C3CD,GL-EDDBD83A83E6 Vendor payout,CUST-DF04C9F1,CHARGEBACK,2026-02-28,23026.94,0.00,657982.33,06:44:23,2026-02-28
Demo Company Pvt Ltd,1234567890,Demo Bank Ltd,INR,Coimbatore,DEMOINCCXXX,IN00DEMO1234567890,ACTIVE,CURRENT,674916.50,2026-02-27,674916.50,2026-02-27,674916.50,2026-02-28 07:09:24,674916.50,2026-02-28 07:09:24,BNK-D5F2388687F4,GL-1F318AA221C2 Vendor payout BANK,,PAYMENT,2026-02-28,16934.17,0.00,674916.50,07:09:24,2026-02-28
Demo Company Pvt Ltd,1234567890,Demo Bank Ltd,INR,Coimbatore,DEMOINCCXXX,IN00DEMO1234567890,ACTIVE,CURRENT,671648.74,2026-02-27,671648.74,2026-02-27,671648.74,2026-02-28 07:37:24,671648.74,2026-02-28 07:37:24,BNK-7B55F163573D,GL-AC055E97235C Customer collection POLARITY_REVERSAL,CUST-A351ECDE,RECEIPT,2026-02-28,0.00,3267.76,671648.74,07:37:24,2026-02-28
Demo Company Pvt Ltd,1234567890,Demo Bank Ltd,INR,Coimbatore,DEMOINCCXXX,IN00DEMO1234567890,ACTIVE,CURRENT,694736.62,2026-02-27,694736.62,2026-02-27,694736.62,2026-02-28 08:05:07,694736.62,2026-02-28 08:05:07,BNK-345C0863344C,GL-27F629DD7F60 UPI transfer BANK,,CHARGEBACK,2026-02-28,23087.88,0.00,694736.62,08:05:07,2026-02-28
Demo Company Pvt Ltd,1234567890,Demo Bank Ltd,INR,Coimbatore,DEMOINCCXXX,IN00DEMO1234567890,ACTIVE,CURRENT,692064.18,2026-02-27,692064.18,2026-02-27,692064.18,2026-02-28 08:44:04,692064.18,2026-02-28 08:44:04,BNK-A9F68DD96CC4,GL-EAAD527D10A1 Customer collection BANK,CUST-66102B72,CHARGEBACK,2026-02-28,0.00,2672.44,692064.18,08:44:04,2026-02-28
Demo Company Pvt Ltd,1234567890,Demo Bank Ltd,INR,Coimbatore,DEMOINCCXXX,IN00DEMO1234567890,ACTIVE,CURRENT,673089.71,2026-02-27,673089.71,2026-02-27,673089.71,2026-02-28 09:43:35,673089.71,2026-02-28 09:43:35,BNK-CADFD5742A4B,GL-327EFE81AD2B Vendor payout POLARITY_REVERSAL,CUST-25CF208D,RECEIPT,2026-02-28,0.00,18974.47,673089.71,09:43:35,2026-02-28
Demo Company Pvt Ltd,1234567890,Demo Bank Ltd,INR,Coimbatore,DEMOINCCXXX,IN00DEMO1234567890,ACTIVE,CURRENT,698230.43,2026-02-27,698230.43,2026-02-27,698230.43,2026-02-28 10:04:02,698230.43,2026-02-28 10:04:02,BNK-F4A5A57E6667,GL-67A7DDB1E198 Vendor payout BANK DATE_POSTING_ERROR,CUST-1CE67667,RECEIPT,2026-02-28,25140.72,0.00,698230.43,10:04:02,2026-02-28
Demo Company Pvt Ltd,1234567890,Demo Bank Ltd,INR,Coimbatore,DEMOINCCXXX,IN00DEMO1234567890,ACTIVE,CURRENT,702346.57,2026-02-27,702346.57,2026-02-27,702346.57,2026-02-28 10:33:32,702346.57,2026-02-28 10:33:32,BNK-82AD540BAE36,GL-264786F8BB2A UPI transfer,CUST-E4983D37,CHARGEBACK,2026-02-28,4116.14,0.00,702346.57,10:33:32,2026-02-28
Demo Company Pvt Ltd,1234567890,Demo Bank Ltd,INR,Coimbatore,DEMOINCCXXX,IN00DEMO1234567890,ACTIVE,CURRENT,722666.68,2026-02-27,722666.68,2026-02-27,722666.68,2026-02-28 11:17:41,722666.68,2026-02-28 11:17:41,BNK-CEC325649DAC,GL-85DFD3C80535 UPI transfer,,RECEIPT,2026-02-28,20320.11,0.00,722666.68,11:17:41,2026-02-28
Demo Company Pvt Ltd,1234567890,Demo Bank Ltd,INR,Coimbatore,DEMOINCCXXX,IN00DEMO1234567890,ACTIVE,CURRENT,722416.30,2026-02-27,722416.30,2026-02-27,722416.30,2026-02-28 11:34:23,722416.30,2026-02-28 11:34:23,BNK-1126E0D3457D,Card Network Charge,,BANK_ONLY,2026-02-28,0.00,250.38,722416.30,11:34:23,2026-02-28
Demo Company Pvt Ltd,1234567890,Demo Bank Ltd,INR,Coimbatore,DEMOINCCXXX,IN00DEMO1234567890,ACTIVE,CURRENT,722332.42,2026-02-27,722332.42,2026-02-27,722332.42,2026-02-28 12:16:01,722332.42,2026-02-28 12:16:01,BNK-6C60AE832F10,Monthly Account Fee,,BANK_ONLY,2026-02-28,0.00,83.88,722332.42,12:16:01,2026-02-28
Demo Company Pvt Ltd,1234567890,Demo Bank Ltd,INR,Coimbatore,DEMOINCCXXX,IN00DEMO1234567890,ACTIVE,CURRENT,722037.63,2026-02-27,722037.63,2026-02-27,722037.63,2026-02-28 12:32:32,722037.63,2026-02-28 12:32:32,BNK-B18F4578CB75,Card Network Charge,,BANK_ONLY,2026-02-28,0.00,294.79,722037.63,12:32:32,2026-02-28
Demo Company Pvt Ltd,1234567890,Demo Bank Ltd,INR,Coimbatore,DEMOINCCXXX,IN00DEMO1234567890,ACTIVE,CURRENT,722339.93,2026-02-27,722339.93,2026-02-27,722339.93,2026-02-28 13:14:09,722339.93,2026-02-28 13:14:09,BNK-F308123B03B7,Sweep Interest,,BANK_ONLY,2026-02-28,302.30,0.00,722339.93,13:14:09,2026-02-28
Demo Company Pvt Ltd,1234567890,Demo Bank Ltd,INR,Coimbatore,DEMOINCCXXX,IN00DEMO1234567890,ACTIVE,CURRENT,722386.92,2026-02-27,722386.92,2026-02-27,722386.92,2026-02-28 14:00:47,722386.92,2026-02-28 14:00:47,BNK-67633C96D725,Sweep Interest,,BANK_ONLY,2026-02-28,46.99,0.00,722386.92,14:00:47,2026-02-28
Demo Company Pvt Ltd,1234567890,Demo Bank Ltd,INR,Coimbatore,DEMOINCCXXX,IN00DEMO1234567890,ACTIVE,CURRENT,722603.04,2026-02-27,722603.04,2026-02-27,722603.04,2026-02-28 14:16:31,722603.04,2026-02-28 14:16:31,BNK-A31C9D9F4971,Sweep Interest,,BANK_ONLY,2026-02-28,216.12,0.00,722603.04,14:16:31,2026-02-28
Demo Company Pvt Ltd,1234567890,Demo Bank Ltd,INR,Coimbatore,DEMOINCCXXX,IN00DEMO1234567890,ACTIVE,CURRENT,722569.85,2026-02-27,722569.85,2026-02-27,722569.85,2026-02-28 15:13:15,722569.85,2026-02-28 15:13:15,BNK-ACE031FB9653,Monthly Account Fee,,BANK_ONLY,2026-02-28,0.00,33.19,722569.85,15:13:15,2026-02-28
Demo Company Pvt Ltd,1234567890,Demo Bank Ltd,INR,Coimbatore,DEMOINCCXXX,IN00DEMO1234567890,ACTIVE,CURRENT,722286.41,2026-02-27,722286.41,2026-02-27,722286.41,2026-02-28 15:34:07,722286.41,2026-02-28 15:34:07,BNK-A24D46814CC7,Overdraft Charge,,BANK_ONLY,2026-02-28,0.00,283.44,722286.41,15:34:07,2026-02-28
Demo Company Pvt Ltd,1234567890,Demo Bank Ltd,INR,Coimbatore,DEMOINCCXXX,IN00DEMO1234567890,ACTIVE,CURRENT,722146.06,2026-02-27,722146.06,2026-02-27,722146.06,2026-02-28 16:02:06,722146.06,2026-02-28 16:02:06,BNK-CF4C5D4FA8F4,Monthly Account Fee,,BANK_ONLY,2026-02-28,0.00,140.35,722146.06,16:02:06,2026-02-28
Demo Company Pvt Ltd,1234567890,Demo Bank Ltd,INR,Coimbatore,DEMOINCCXXX,IN00DEMO1234567890,ACTIVE,CURRENT,722384.83,2026-02-27,722384.83,2026-02-27,722384.83,2026-02-28 16:25:26,722384.83,2026-02-28 16:25:26,BNK-B52A59FADA87,Sweep Interest,,BANK_ONLY,2026-02-28,238.77,0.00,722384.83,16:25:26,2026-02-28
Demo Company Pvt Ltd,1234567890,Demo Bank Ltd,INR,Coimbatore,DEMOINCCXXX,IN00DEMO1234567890,ACTIVE,CURRENT,722203.80,2026-02-27,722203.80,2026-02-27,722203.80,2026-02-28 17:12:47,722203.80,2026-02-28 17:12:47,BNK-30561A220BDA,Monthly Account Fee,,BANK_ONLY,2026-02-28,0.00,181.03,722203.80,17:12:47,2026-02-28
Demo Company Pvt Ltd,1234567890,Demo Bank Ltd,INR,Coimbatore,DEMOINCCXXX,IN00DEMO1234567890,ACTIVE,CURRENT,722011.27,2026-02-27,722011.27,2026-02-27,722011.27,2026-02-28 17:45:23,722011.27,2026-02-28 17:45:23,BNK-A61FBF6574F3,Monthly Account Fee,,BANK_ONLY,2026-02-28,0.00,192.53,722011.27,17:45:23,2026-02-28
Demo Company Pvt Ltd,1234567890,Demo Bank Ltd,INR,Coimbatore,DEMOINCCXXX,IN00DEMO1234567890,ACTIVE,CURRENT,722209.16,2026-02-27,722209.16,2026-02-27,722209.16,2026-02-28 18:14:22,722209.16,2026-02-28 18:14:22,BNK-25CCB03C0117,Sweep Interest,,BANK_ONLY,2026-02-28,197.89,0.00,722209.16,18:14:22,2026-02-28
Demo Company Pvt Ltd,1234567890,Demo Bank Ltd,INR,Coimbatore,DEMOINCCXXX,IN00DEMO1234567890,ACTIVE,CURRENT,722069.95,2026-02-27,722069.95,2026-02-27,722069.95,2026-02-28 18:32:12,722069.95,2026-02-28 18:32:12,BNK-77D267BC8BD7,Monthly Account Fee,,BANK_ONLY,2026-02-28,0.00,139.21,722069.95,18:32:12,2026-02-28
Demo Company Pvt Ltd,1234567890,Demo Bank Ltd,INR,Coimbatore,DEMOINCCXXX,IN00DEMO1234567890,ACTIVE,CURRENT,721977.93,2026-02-27,721977.93,2026-02-27,721977.93,2026-02-28 18:50:17,721977.93,2026-02-28 18:50:17,BNK-09DF71F3F85F,Overdraft Charge,,BANK_ONLY,2026-02-28,0.00,92.02,721977.93,18:50:17,2026-02-28
Demo Company Pvt Ltd,1234567890,Demo Bank Ltd,INR,Coimbatore,DEMOINCCXXX,IN00DEMO1234567890,ACTIVE,CURRENT,721751.56,2026-02-27,721751.56,2026-02-27,721751.56,2026-02-28 19:12:33,721751.56,2026-02-28 19:12:33,BNK-B34845B466B1,Overdraft Charge,,BANK_ONLY,2026-02-28,0.00,226.37,721751.56,19:12:33,2026-02-28
Demo Company Pvt Ltd,1234567890,Demo Bank Ltd,INR,Coimbatore,DEMOINCCXXX,IN00DEMO1234567890,ACTIVE,CURRENT,721614.90,2026-02-27,721614.90,2026-02-27,721614.90,2026-02-28 19:44:45,721614.90,2026-02-28 19:44:45,BNK-797A7A6868E0,Overdraft Charge,,BANK_ONLY,2026-02-28,0.00,136.66,721614.90,19:44:45,2026-02-28
Demo Company Pvt Ltd,1234567890,Demo Bank Ltd,INR,Coimbatore,DEMOINCCXXX,IN00DEMO1234567890,ACTIVE,CURRENT,721583.26,2026-02-27,721583.26,2026-02-27,721583.26,2026-02-28 20:01:03,721583.26,2026-02-28 20:01:03,BNK-FB144D216E01,Monthly Account Fee,,BANK_ONLY,2026-02-28,0.00,31.64,721583.26,20:01:03,2026-02-28
Demo Company Pvt Ltd,1234567890,Demo Bank Ltd,INR,Coimbatore,DEMOINCCXXX,IN00DEMO1234567890,ACTIVE,CURRENT,721292.85,2026-02-27,721292.85,2026-02-27,721292.85,2026-02-28 21:00:10,721292.85,2026-02-28 21:00:10,BNK-109B4635DCAA,Card Network Charge,,BANK_ONLY,2026-02-28,0.00,290.41,721292.85,21:00:10,2026-02-28
Demo Company Pvt Ltd,1234567890,Demo Bank Ltd,INR,Coimbatore,DEMOINCCXXX,IN00DEMO1234567890,ACTIVE,CURRENT,721284.27,2026-02-27,721284.27,2026-02-27,721284.27,2026-02-28 21:56:30,721284.27,2026-02-28 21:56:30,BNK-40717B115DA9,Monthly Account Fee,,BANK_ONLY,2026-02-28,0.00,8.58,721284.27,21:56:30,2026-02-28
Demo Company Pvt Ltd,1234567890,Demo Bank Ltd,INR,Coimbatore,DEMOINCCXXX,IN00DEMO1234567890,ACTIVE,CURRENT,720998.36,2026-02-27,720998.36,2026-02-27,720998.36,2026-02-28 22:18:23,720998.36,2026-02-28 22:18:23,BNK-344371ED5ACD,Monthly Account Fee,,BANK_ONLY,2026-02-28,0.00,285.91,720998.36,22:18:23,2026-02-28
Demo Company Pvt Ltd,1234567890,Demo Bank Ltd,INR,Coimbatore,DEMOINCCXXX,IN00DEMO1234567890,ACTIVE,CURRENT,720789.10,2026-02-27,720789.10,2026-02-27,720789.10,2026-02-28 22:42:37,720789.10,2026-02-28 22:42:37,BNK-AADCDE2498DC,Monthly Account Fee,,BANK_ONLY,2026-02-28,0.00,209.26,720789.10,22:42:37,2026-02-28
Demo Company Pvt Ltd,1234567890,Demo Bank Ltd,INR,Coimbatore,DEMOINCCXXX,IN00DEMO1234567890,ACTIVE,CURRENT,720571.96,2026-02-27,720571.96,2026-02-27,720571.96,2026-02-28 23:29:08,720571.96,2026-02-28 23:29:08,BNK-E14EE9E4C466,Monthly Account Fee,,BANK_ONLY,2026-02-28,0.00,217.14,720571.96,23:29:08,2026-02-28
Demo Company Pvt Ltd,1234567890,Demo Bank Ltd,INR,Coimbatore,DEMOINCCXXX,IN00DEMO1234567890,ACTIVE,CURRENT,720342.52,2026-02-27,720342.52,2026-02-27,720342.52,2026-02-28 23:59:59,720342.52,2026-02-28 23:59:59,BNK-9B52CABEF11C,Card Network Charge,,BANK_ONLY,2026-02-28,0.00,229.44,720342.52,23:59:59,2026-02-28
Demo Company Pvt Ltd,1234567890,Demo Bank Ltd,INR,Coimbatore,DEMOINCCXXX,IN00DEMO1234567890,ACTIVE,CURRENT,720686.94,2026-02-27,720686.94,2026-02-27,720686.94,2026-02-28 23:59:59,720686.94,2026-02-28 23:59:59,BNK-42E297C1F0D5,Overdraft Charge POLARITY_REVERSAL,,BANK_ONLY,2026-02-28,344.42,0.00,720686.94,23:59:59,2026-02-28
Demo Company Pvt Ltd,1234567890,Demo Bank Ltd,INR,Coimbatore,DEMOINCCXXX,IN00DEMO1234567890,ACTIVE,CURRENT,720657.51,2026-02-27,720657.51,2026-02-27,720657.51,2026-02-28 23:59:59,720657.51,2026-02-28 23:59:59,BNK-86A60D2661A1,Overdraft Charge,,BANK_ONLY,2026-02-28,0.00,29.43,720657.51,23:59:59,2026-02-28
Demo Company Pvt Ltd,1234567890,Demo Bank Ltd,INR,Coimbatore,DEMOINCCXXX,IN00DEMO1234567890,ACTIVE,CURRENT,720395.84,2026-02-27,720395.84,2026-02-27,720395.84,2026-02-28 23:59:59,720395.84,2026-02-28 23:59:59,BNK-C04E77090732,Monthly Account Fee,,BANK_ONLY,2026-02-28,0.00,261.67,720395.84,23:59:59,2026-02-28
Demo Company Pvt Ltd,1234567890,Demo Bank Ltd,INR,Coimbatore,DEMOINCCXXX,IN00DEMO1234567890,ACTIVE,CURRENT,720122.85,2026-02-27,720122.85,2026-02-27,720122.85,2026-02-28 23:59:59,720122.85,2026-02-28 23:59:59,BNK-13AC2847D6FC,Overdraft Charge,,BANK_ONLY,2026-02-28,0.00,272.99,720122.85,23:59:59,2026-02-28
Demo Company Pvt Ltd,1234567890,Demo Bank Ltd,INR,Coimbatore,DEMOINCCXXX,IN00DEMO1234567890,ACTIVE,CURRENT,720020.25,2026-02-27,720020.25,2026-02-27,720020.25,2026-02-28 23:59:59,720020.25,2026-02-28 23:59:59,BNK-7CA7A81BD9EA,Card Network Charge DATE_POSTING_ERROR,,BANK_ONLY,2026-02-28,0.00,102.60,720020.25,23:59:59,2026-02-28
Demo Company Pvt Ltd,1234567890,Demo Bank Ltd,INR,Coimbatore,DEMOINCCXXX,IN00DEMO1234567890,ACTIVE,CURRENT,719885.11,2026-02-27,719885.11,2026-02-27,719885.11,2026-02-28 23:59:59,719885.11,2026-02-28 23:59:59,BNK-B6D63339B117,Card Network Charge,,BANK_ONLY,2026-02-28,0.00,135.14,719885.11,23:59:59,2026-02-28
Demo Company Pvt Ltd,1234567890,Demo Bank Ltd,INR,Coimbatore,DEMOINCCXXX,IN00DEMO1234567890,ACTIVE,CURRENT,710020.86,2026-02-27,710020.86,2026-02-27,710020.86,2026-02-28 23:59:59,710020.86,2026-02-28 23:59:59,BNK-CF91FF1F7F66,GL-08BBE2E26E2C UPI transfer BANK,CUST-7637E9E5,TRANSFER,2026-02-28,0.00,9864.25,710020.86,23:59:59,2026-02-28
Demo Company Pvt Ltd,1234567890,Demo Bank Ltd,INR,Coimbatore,DEMOINCCXXX,IN00DEMO1234567890,ACTIVE,CURRENT,696774.75,2026-02-27,696774.75,2026-02-27,696774.75,2026-02-28 23:59:59,696774.75,2026-02-28 23:59:59,BNK-8C5515629B58,GL-7F0869C872CA UPI transfer,CUST-25D9E5F9,PAYMENT,2026-02-28,0.00,13246.11,696774.75,23:59:59,2026-02-28
Demo Company Pvt Ltd,1234567890,Demo Bank Ltd,INR,Coimbatore,DEMOINCCXXX,IN00DEMO1234567890,ACTIVE,CURRENT,678421.13,2026-02-27,678421.13,2026-02-27,678421.13,2026-02-28 23:59:59,678421.13,2026-02-28 23:59:59,BNK-06870C451AFB,GL-07CA800E49A7 UPI transfer BANK,CUST-43F70259,TRANSFER,2026-02-28,0.00,18353.62,678421.13,23:59:59,2026-02-28
Demo Company Pvt Ltd,1234567890,Demo Bank Ltd,INR,Coimbatore,DEMOINCCXXX,IN00DEMO1234567890,ACTIVE,CURRENT,669528.68,2026-02-27,669528.68,2026-02-27,669528.68,2026-02-28 23:59:59,669528.68,2026-02-28 23:59:59,BNK-F35ACCF2D36A,GL-7DAF0C435ADF Customer collection BANK,CUST-5A2B38AD,PAYMENT,2026-02-28,0.00,8892.45,669528.68,23:59:59,2026-02-28
Demo Company Pvt Ltd,1234567890,Demo Bank Ltd,INR,Coimbatore,DEMOINCCXXX,IN00DEMO1234567890,ACTIVE,CURRENT,645154.33,2026-02-27,645154.33,2026-02-27,645154.33,2026-02-28 23:59:59,645154.33,2026-02-28 23:59:59,BNK-AF82C308B640,GL-36B3D76D67CE Customer collection BANK,CUST-4F40A550,CHARGEBACK,2026-02-28,0.00,24374.35,645154.33,23:59:59,2026-02-28
Demo Company Pvt Ltd,1234567890,Demo Bank Ltd,INR,Coimbatore,DEMOINCCXXX,IN00DEMO1234567890,ACTIVE,CURRENT,655286.63,2026-02-27,655286.63,2026-02-27,655286.63,2026-02-28 23:59:59,655286.63,2026-02-28 23:59:59,BNK-3522C8155C33,GL-E8569691CA4A Vendor payout BANK,CUST-38089989,PAYMENT,2026-02-28,10132.30,0.00,655286.63,23:59:59,2026-02-28
Demo Company Pvt Ltd,1234567890,Demo Bank Ltd,INR,Coimbatore,DEMOINCCXXX,IN00DEMO1234567890,ACTIVE,CURRENT,659647.37,2026-02-27,659647.37,2026-02-27,659647.37,2026-02-28 23:59:59,659647.37,2026-02-28 23:59:59,BNK-5535F991A73C,GL-7B256EE39D3D Customer collection DATE_POSTING_ERROR,CUST-B6FCBE20,PAYMENT,2026-02-28,4360.74,0.00,659647.37,23:59:59,2026-02-28
Demo Company Pvt Ltd,1234567890,Demo Bank Ltd,INR,Coimbatore,DEMOINCCXXX,IN00DEMO1234567890,ACTIVE,CURRENT,652374.91,2026-02-27,652374.91,2026-02-27,652374.91,2026-02-28 23:59:59,652374.91,2026-02-28 23:59:59,BNK-FDAB4674C53E,GL-63C242EE4E52 UPI transfer BANK,CUST-A41E3227,PAYMENT,2026-02-28,0.00,7272.46,652374.91,23:59:59,2026-02-28
Demo Company Pvt Ltd,1234567890,Demo Bank Ltd,INR,Coimbatore,DEMOINCCXXX,IN00DEMO1234567890,ACTIVE,CURRENT,645102.45,2026-02-27,645102.45,2026-02-27,645102.45,2026-02-28 23:59:59,645102.45,2026-02-28 23:59:59,BNK-FDAB4674C53E-DUP,GL-63C242EE4E52 UPI transfer BANK DUPLICATE_POSTING,CUST-A41E3227,PAYMENT,2026-02-28,0.00,7272.46,645102.45,23:59:59,2026-02-28
Demo Company Pvt Ltd,1234567890,Demo Bank Ltd,INR,Coimbatore,DEMOINCCXXX,IN00DEMO1234567890,ACTIVE,CURRENT,660605.37,2026-02-27,660605.37,2026-02-27,660605.37,2026-02-28 23:59:59,660605.37,2026-02-28 23:59:59,BNK-8BFE50EC0BD7,GL-84F73DCD8B92 Invoice settlement BANK,CUST-6357DAA1,PAYMENT,2026-02-28,15502.92,0.00,660605.37,23:59:59,2026-02-28
Demo Company Pvt Ltd,1234567890,Demo Bank Ltd,INR,Coimbatore,DEMOINCCXXX,IN00DEMO1234567890,ACTIVE,CURRENT,663280.26,2026-02-27,663280.26,2026-02-27,663280.26,2026-02-28 23:59:59,663280.26,2026-02-28 23:59:59,BNK-6BC9647A7B86,GL-5D6897D40F22 Vendor payout BANK,CUST-B87B428B,RECEIPT,2026-02-28,2674.89,0.00,663280.26,23:59:59,2026-02-28
Demo Company Pvt Ltd,1234567890,Demo Bank Ltd,INR,Coimbatore,DEMOINCCXXX,IN00DEMO1234567890,ACTIVE,CURRENT,664702.83,2026-02-27,664702.83,2026-02-27,664702.83,2026-02-28 23:59:59,664702.83,2026-02-28 23:59:59,BNK-D1DB9B35A165,GL-C7CFD628C4A0 Customer collection,CUST-AB7C541B,CHARGEBACK,2026-02-28,1422.57,0.00,664702.83,23:59:59,2026-02-28
Demo Company Pvt Ltd,1234567890,Demo Bank Ltd,INR,Coimbatore,DEMOINCCXXX,IN00DEMO1234567890,ACTIVE,CURRENT,684817.70,2026-02-27,684817.70,2026-02-27,684817.70,2026-02-28 23:59:59,684817.70,2026-02-28 23:59:59,BNK-59DB860A09FC,GL-CADBA24FC797 NEFT transfer,CUST-3B140BA5,CHARGEBACK,2026-02-28,20114.87,0.00,684817.70,23:59:59,2026-02-28
Demo Company Pvt Ltd,1234567890,Demo Bank Ltd,INR,Coimbatore,DEMOINCCXXX,IN00DEMO1234567890,ACTIVE,CURRENT,661560.03,2026-02-27,661560.03,2026-02-27,661560.03,2026-02-28 23:59:59,661560.03,2026-02-28 23:59:59,BNK-60AF8FBAC7CA,GL-C25EC6F44718 NEFT transfer BANK,CUST-7B9600CB,RECEIPT,2026-02-28,0.00,23257.67,661560.03,23:59:59,2026-02-28
Demo Company Pvt Ltd,1234567890,Demo Bank Ltd,INR,Coimbatore,DEMOINCCXXX,IN00DEMO1234567890,ACTIVE,CURRENT,671871.34,2026-02-27,671871.34,2026-02-27,671871.34,2026-02-28 23:59:59,671871.34,2026-02-28 23:59:59,BNK-FE62D5560BFA,GL-93A4400238C1 Customer collection,CUST-F704EB02,TRANSFER,2026-02-28,10311.31,0.00,671871.34,23:59:59,2026-02-28
Demo Company Pvt Ltd,1234567890,Demo Bank Ltd,INR,Coimbatore,DEMOINCCXXX,IN00DEMO1234567890,ACTIVE,CURRENT,674655.30,2026-02-27,674655.30,2026-02-27,674655.30,2026-02-28 23:59:59,674655.30,2026-02-28 23:59:59,BNK-5E5E0D647CB4,GL-6DE0C5E8D394 UPI transfer BANK AMOUNT_TYPO,,CHARGEBACK,2026-02-28,2783.96,0.00,674655.30,23:59:59,2026-02-28
Demo Company Pvt Ltd,1234567890,Demo Bank Ltd,INR,Coimbatore,DEMOINCCXXX,IN00DEMO1234567890,ACTIVE,CURRENT,701986.29,2026-02-27,701986.29,2026-02-27,701986.29,2026-02-28 23:59:59,701986.29,2026-02-28 23:59:59,BNK-30B685BA70A7,GL-C605AED84D65 Invoice settlement,CUST-A3EF6758,RECEIPT,2026-02-28,27330.99,0.00,701986.29,23:59:59,2026-02-28
Demo Company Pvt Ltd,1234567890,Demo Bank Ltd,INR,Coimbatore,DEMOINCCXXX,IN00DEMO1234567890,ACTIVE,CURRENT,676776.79,2026-02-27,676776.79,2026-02-27,676776.79,2026-02-28 23:59:59,676776.79,2026-02-28 23:59:59,BNK-55189A85ED39,GL-0A9D7ADE118D UPI transfer BANK,CUST-17E158ED,PAYMENT,2026-02-28,0.00,25209.50,676776.79,23:59:59,2026-02-28
Demo Company Pvt Ltd,1234567890,Demo Bank Ltd,INR,Coimbatore,DEMOINCCXXX,IN00DEMO1234567890,ACTIVE,CURRENT,669525.37,2026-02-27,669525.37,2026-02-27,669525.37,2026-02-28 23:59:59,669525.37,2026-02-28 23:59:59,BNK-454005329DBC,GL-C8B2582F00F5 Invoice settlement,CUST-D2CFB0C1,PAYMENT,2026-02-28,0.00,7251.42,669525.37,23:59:59,2026-02-28
Demo Company Pvt Ltd,1234567890,Demo Bank Ltd,INR,Coimbatore,DEMOINCCXXX,IN00DEMO1234567890,ACTIVE,CURRENT,686735.91,2026-02-27,686735.91,2026-02-27,686735.91,2026-02-28 23:59:59,686735.91,2026-02-28 23:59:59,BNK-EB8A1A0D3F2F,GL-D2A4F5B9DBC0 Vendor payout,,CHARGEBACK,2026-02-28,17210.54,0.00,686735.91,23:59:59,2026-02-28
Demo Company Pvt Ltd,1234567890,Demo Bank Ltd,INR,Coimbatore,DEMOINCCXXX,IN00DEMO1234567890,ACTIVE,CURRENT,691130.06,2026-02-27,691130.06,2026-02-27,691130.06,2026-02-28 23:59:59,691130.06,2026-02-28 23:59:59,BNK-D263A36F923D,GL-129A52D300AF UPI transfer BANK,CUST-466B38F9,TRANSFER,2026-02-28,4394.15,0.00,691130.06,23:59:59,2026-02-28
Demo Company Pvt Ltd,1234567890,Demo Bank Ltd,INR,Coimbatore,DEMOINCCXXX,IN00DEMO1234567890,ACTIVE,CURRENT,711207.82,2026-02-27,711207.82,2026-02-27,711207.82,2026-02-28 23:59:59,711207.82,2026-02-28 23:59:59,BNK-7EB65C14303E,GL-635D4D44AB61 Customer collection BANK,CUST-4CCD3130,RECEIPT,2026-02-28,20077.76,0.00,711207.82,23:59:59,2026-02-28
Demo Company Pvt Ltd,1234567890,Demo Bank Ltd,INR,Coimbatore,DEMOINCCXXX,IN00DEMO1234567890,ACTIVE,CURRENT,738641.68,2026-02-27,738641.68,2026-02-27,738641.68,2026-02-28 23:59:59,738641.68,2026-02-28 23:59:59,BNK-07DEE994423F,GL-E22826488CE3 Customer collection BANK,CUST-9596834B,RECEIPT,2026-02-28,27433.86,0.00,738641.68,23:59:59,2026-02-28
Demo Company Pvt Ltd,1234567890,Demo Bank Ltd,INR,Coimbatore,DEMOINCCXXX,IN00DEMO1234567890,ACTIVE,CURRENT,725632.89,2026-02-27,725632.89,2026-02-27,725632.89,2026-02-28 23:59:59,725632.89,2026-02-28 23:59:59,BNK-1A4868830EE5,GL-959E1C7D93DB Vendor payout BANK,CUST-972F642E,PAYMENT,2026-02-28,0.00,13008.79,725632.89,23:59:59,2026-02-28
Demo Company Pvt Ltd,1234567890,Demo Bank Ltd,INR,Coimbatore,DEMOINCCXXX,IN00DEMO1234567890,ACTIVE,CURRENT,745586.41,2026-02-27,745586.41,2026-02-27,745586.41,2026-02-28 23:59:59,745586.41,2026-02-28 23:59:59,BNK-F6B37BA45BD2,GL-86B66783391E Vendor payout BANK,CUST-FE364C28,PAYMENT,2026-02-28,19953.52,0.00,745586.41,23:59:59,2026-02-28
Demo Company Pvt Ltd,1234567890,Demo Bank Ltd,INR,Coimbatore,DEMOINCCXXX,IN00DEMO1234567890,ACTIVE,CURRENT,767129.85,2026-02-27,767129.85,2026-02-27,767129.85,2026-02-28 23:59:59,767129.85,2026-02-28 23:59:59,BNK-2FC732FCAAFC,GL-03A848E5E28F Vendor payout BANK,CUST-699CFD72,CHARGEBACK,2026-02-28,21543.44,0.00,767129.85,23:59:59,2026-02-28
Demo Company Pvt Ltd,1234567890,Demo Bank Ltd,INR,Coimbatore,DEMOINCCXXX,IN00DEMO1234567890,ACTIVE,CURRENT,743450.60,2026-02-27,743450.60,2026-02-27,743450.60,2026-02-28 23:59:59,743450.60,2026-02-28 23:59:59,BNK-0450C6F6D6CD,GL-BD838E98FFA1 Vendor payout,CUST-17636C16,TRANSFER,2026-02-28,0.00,23679.25,743450.60,23:59:59,2026-02-28
Demo Company Pvt Ltd,1234567890,Demo Bank Ltd,INR,Coimbatore,DEMOINCCXXX,IN00DEMO1234567890,ACTIVE,CURRENT,760556.59,2026-02-27,760556.59,2026-02-27,760556.59,2026-02-28 23:59:59,760556.59,2026-02-28 23:59:59,BNK-CB0E7805CE2D,GL-921D7360BBE5 Vendor payout,CUST-A5C071C5,TRANSFER,2026-02-28,17105.99,0.00,760556.59,23:59:59,2026-02-28
Demo Company Pvt Ltd,1234567890,Demo Bank Ltd,INR,Coimbatore,DEMOINCCXXX,IN00DEMO1234567890,ACTIVE,CURRENT,777951.31,2026-02-27,777951.31,2026-02-27,777951.31,2026-02-28 23:59:59,777951.31,2026-02-28 23:59:59,BNK-C2E34E4BF75E,GL-B58E95CB9EDA NEFT transfer BANK,CUST-8F4EBFBF,RECEIPT,2026-02-28,17394.72,0.00,777951.31,23:59:59,2026-02-28
Demo Company Pvt Ltd,1234567890,Demo Bank Ltd,INR,Coimbatore,DEMOINCCXXX,IN00DEMO1234567890,ACTIVE,CURRENT,798193.61,2026-02-27,798193.61,2026-02-27,798193.61,2026-02-28 23:59:59,798193.61,2026-02-28 23:59:59,BNK-BF040197A024,GL-5C6D4F0B9302 Invoice settlement BANK,CUST-602BFC5E,CHARGEBACK,2026-02-28,20242.30,0.00,798193.61,23:59:59,2026-02-28
Demo Company Pvt Ltd,1234567890,Demo Bank Ltd,INR,Coimbatore,DEMOINCCXXX,IN00DEMO1234567890,ACTIVE,CURRENT,770509.85,2026-02-27,770509.85,2026-02-27,770509.85,2026-02-28 23:59:59,770509.85,2026-02-28 23:59:59,BNK-7438D6044021,GL-7D976DD86A2B Customer collection BANK,CUST-C0AAB795,CHARGEBACK,2026-02-28,0.00,27683.76,770509.85,23:59:59,2026-02-28
Demo Company Pvt Ltd,1234567890,Demo Bank Ltd,INR,Coimbatore,DEMOINCCXXX,IN00DEMO1234567890,ACTIVE,CURRENT,784211.66,2026-02-27,784211.66,2026-02-27,784211.66,2026-02-28 23:59:59,784211.66,2026-02-28 23:59:59,BNK-5645DB84C0B5,GL-B13DA6A85E3F UPI transfer,CUST-F4D741ED,PAYMENT,2026-02-28,13701.81,0.00,784211.66,23:59:59,2026-02-28
Demo Company Pvt Ltd,1234567890,Demo Bank Ltd,INR,Coimbatore,DEMOINCCXXX,IN00DEMO1234567890,ACTIVE,CURRENT,801822.83,2026-02-27,801822.83,2026-02-27,801822.83,2026-02-28 23:59:59,801822.83,2026-02-28 23:59:59,BNK-740E6B996E9D,GL-ECC71336FB24 Invoice settlement BANK,CUST-B5C9FC95,CHARGEBACK,2026-02-28,17611.17,0.00,801822.83,23:59:59,2026-02-28
Demo Company Pvt Ltd,1234567890,Demo Bank Ltd,INR,Coimbatore,DEMOINCCXXX,IN00DEMO1234567890,ACTIVE,CURRENT,780028.68,2026-02-27,780028.68,2026-02-27,780028.68,2026-02-28 23:59:59,780028.68,2026-02-28 23:59:59,BNK-DD82814C2E7D,GL-49160800DBED UPI transfer,CUST-94BFAC1A,CHARGEBACK,2026-02-28,0.00,21794.15,780028.68,23:59:59,2026-02-28
Demo Company Pvt Ltd,1234567890,Demo Bank Ltd,INR,Coimbatore,DEMOINCCXXX,IN00DEMO1234567890,ACTIVE,CURRENT,807584.91,2026-02-27,807584.91,2026-02-27,807584.91,2026-02-28 23:59:59,807584.91,2026-02-28 23:59:59,,GL-92A89F3B4BCB NEFT transfer BANK REFERENCE_DROP,,PAYMENT,2026-02-28,27556.23,0.00,807584.91,23:59:59,2026-02-28
Demo Company Pvt Ltd,1234567890,Demo Bank Ltd,INR,Coimbatore,DEMOINCCXXX,IN00DEMO1234567890,ACTIVE,CURRENT,801699.91,2026-02-27,801699.91,2026-02-27,801699.91,2026-02-28 23:59:59,801699.91,2026-02-28 23:59:59,BNK-CA8E0567DEB9,GL-EE641525E7A0 Vendor payout,CUST-05131BD5,CHARGEBACK,2026-02-28,0.00,5885.00,801699.91,23:59:59,2026-02-28
Demo Company Pvt Ltd,1234567890,Demo Bank Ltd,INR,Coimbatore,DEMOINCCXXX,IN00DEMO1234567890,ACTIVE,CURRENT,811418.71,2026-02-27,811418.71,2026-02-27,811418.71,2026-02-28 23:59:59,811418.71,2026-02-28 23:59:59,BNK-ED5C97FB4C24,GL-E96DB0F4C6F3 Vendor payout,CUST-2D6038A2,CHARGEBACK,2026-02-28,9718.80,0.00,811418.71,23:59:59,2026-02-28
Demo Company Pvt Ltd,1234567890,Demo Bank Ltd,INR,Coimbatore,DEMOINCCXXX,IN00DEMO1234567890,ACTIVE,CURRENT,839152.81,2026-02-27,839152.81,2026-02-27,839152.81,2026-02-28 23:59:59,839152.81,2026-02-28 23:59:59,BNK-9ADCD4714D65,GL-01E14C5E10D5 NEFT transfer BANK,CUST-FE7ED62B,CHARGEBACK,2026-02-28,27734.10,0.00,839152.81,23:59:59,2026-02-28
Demo Company Pvt Ltd,1234567890,Demo Bank Ltd,INR,Coimbatore,DEMOINCCXXX,IN00DEMO1234567890,ACTIVE,CURRENT,827221.34,2026-02-27,827221.34,2026-02-27,827221.34,2026-02-28 23:59:59,827221.34,2026-02-28 23:59:59,BNK-720585392A9F,GL-4FBB23998C93 Invoice settlement,CUST-C51B98A7,PAYMENT,2026-02-28,0.00,11931.47,827221.34,23:59:59,2026-02-28
Demo Company Pvt Ltd,1234567890,Demo Bank Ltd,INR,Coimbatore,DEMOINCCXXX,IN00DEMO1234567890,ACTIVE,CURRENT,814620.01,2026-02-27,814620.01,2026-02-27,814620.01,2026-02-28 23:59:59,814620.01,2026-02-28 23:59:59,BNK-F29B95BEF6DE,GL-B19E5D7134D6 NEFT transfer BANK,CUST-9BCF140F,TRANSFER,2026-02-28,0.00,12601.33,814620.01,23:59:59,2026-02-28
Demo Company Pvt Ltd,1234567890,Demo Bank Ltd,INR,Coimbatore,DEMOINCCXXX,IN00DEMO1234567890,ACTIVE,CURRENT,795902.28,2026-02-27,795902.28,2026-02-27,795902.28,2026-02-28 23:59:59,795902.28,2026-02-28 23:59:59,BNK-81A56B1CE9B2,GL-28CA0245DB59 Customer collection,CUST-FB21AE6D,RECEIPT,2026-02-28,0.00,18717.73,795902.28,23:59:59,2026-02-28
Demo Company Pvt Ltd,1234567890,Demo Bank Ltd,INR,Coimbatore,DEMOINCCXXX,IN00DEMO1234567890,ACTIVE,CURRENT,772677.78,2026-02-27,772677.78,2026-02-27,772677.78,2026-02-28 23:59:59,772677.78,2026-02-28 23:59:59,BNK-DB9FA1D9DD3D,GL-894AE9762D8E Vendor payout,CUST-519D891D,TRANSFER,2026-02-28,0.00,23224.50,772677.78,23:59:59,2026-02-28
Demo Company Pvt Ltd,1234567890,Demo Bank Ltd,INR,Coimbatore,DEMOINCCXXX,IN00DEMO1234567890,ACTIVE,CURRENT,774144.06,2026-02-27,774144.06,2026-02-27,774144.06,2026-02-28 23:59:59,774144.06,2026-02-28 23:59:59,BNK-C9414099B384,GL-C5D0D454877F Customer collection,CUST-D658D8C9,PAYMENT,2026-02-28,1466.28,0.00,774144.06,23:59:59,2026-02-28
Demo Company Pvt Ltd,1234567890,Demo Bank Ltd,INR,Coimbatore,DEMOINCCXXX,IN00DEMO1234567890,ACTIVE,CURRENT,767651.83,2026-02-27,767651.83,2026-02-27,767651.83,2026-02-28 23:59:59,767651.83,2026-02-28 23:59:59,BNK-17DEA9FDB1FB,GL-7D4C59BCB701 Vendor payout AMOUNT_TYPO,CUST-27234CF2,CHARGEBACK,2026-02-28,0.00,6492.23,767651.83,23:59:59,2026-02-28
Demo Company Pvt Ltd,1234567890,Demo Bank Ltd,INR,Coimbatore,DEMOINCCXXX,IN00DEMO1234567890,ACTIVE,CURRENT,794368.14,2026-02-27,794368.14,2026-02-27,794368.14,2026-02-28 23:59:59,794368.14,2026-02-28 23:59:59,BNK-D5E4ACE7A1E2,GL-AAB2AC72FF1F Customer collection BANK,CUST-50ADDCBE,TRANSFER,2026-02-28,26716.31,0.00,794368.14,23:59:59,2026-02-28
Demo Company Pvt Ltd,1234567890,Demo Bank Ltd,INR,Coimbatore,DEMOINCCXXX,IN00DEMO1234567890,ACTIVE,CURRENT,784693.21,2026-02-27,784693.21,2026-02-27,784693.21,2026-02-28 23:59:59,784693.21,2026-02-28 23:59:59,BNK-380E055DD3C8,GL-A1DC00EECC1A Vendor payout BANK,CUST-E0A03A6C,RECEIPT,2026-02-28,0.00,9674.93,784693.21,23:59:59,2026-02-28
Demo Company Pvt Ltd,1234567890,Demo Bank Ltd,INR,Coimbatore,DEMOINCCXXX,IN00DEMO1234567890,ACTIVE,CURRENT,801595.11,2026-02-27,801595.11,2026-02-27,801595.11,2026-02-28 23:59:59,801595.11,2026-02-28 23:59:59,BNK-4FEB3FA6B11C,GL-AAABA9E089FA Customer collection,CUST-CDBC79D7,CHARGEBACK,2026-02-28,16901.90,0.00,801595.11,23:59:59,2026-02-28
Demo Company Pvt Ltd,1234567890,Demo Bank Ltd,INR,Coimbatore,DEMOINCCXXX,IN00DEMO1234567890,ACTIVE,CURRENT,804606.03,2026-02-27,804606.03,2026-02-27,804606.03,2026-02-28 23:59:59,804606.03,2026-02-28 23:59:59,BNK-837840C551C0,GL-2C5A51B32339 Customer collection BANK,CUST-3A992718,CHARGEBACK,2026-02-28,3010.92,0.00,804606.03,23:59:59,2026-02-28
Demo Company Pvt Ltd,1234567890,Demo Bank Ltd,INR,Coimbatore,DEMOINCCXXX,IN00DEMO1234567890,ACTIVE,CURRENT,818491.48,2026-02-27,818491.48,2026-02-27,818491.48,2026-02-28 23:59:59,818491.48,2026-02-28 23:59:59,BNK-F34D313254BB,GL-1B6212DE7FB8 UPI transfer BANK,CUST-40627912,PAYMENT,2026-02-28,13885.45,0.00,818491.48,23:59:59,2026-02-28
Demo Company Pvt Ltd,1234567890,Demo Bank Ltd,INR,Coimbatore,DEMOINCCXXX,IN00DEMO1234567890,ACTIVE,CURRENT,812023.90,2026-02-27,812023.90,2026-02-27,812023.90,2026-02-28 23:59:59,812023.90,2026-02-28 23:59:59,BNK-56B10FDAE317,GL-C30666357225 Vendor payout BANK,CUST-B486ECE7,PAYMENT,2026-02-28,0.00,6467.58,812023.90,23:59:59,2026-02-28
Demo Company Pvt Ltd,1234567890,Demo Bank Ltd,INR,Coimbatore,DEMOINCCXXX,IN00DEMO1234567890,ACTIVE,CURRENT,801406.59,2026-02-27,801406.59,2026-02-27,801406.59,2026-02-28 23:59:59,801406.59,2026-02-28 23:59:59,BNK-B5BC709E0555,GL-4CD039DDAF8A Invoice settlement,CUST-AEA184F0,CHARGEBACK,2026-02-28,0.00,10617.31,801406.59,23:59:59,2026-02-28
Demo Company Pvt Ltd,1234567890,Demo Bank Ltd,INR,Coimbatore,DEMOINCCXXX,IN00DEMO1234567890,ACTIVE,CURRENT,795796.41,2026-02-27,795796.41,2026-02-27,795796.41,2026-02-28 23:59:59,795796.41,2026-02-28 23:59:59,BNK-C16A8D55D625,GL-9438CBA3441A Invoice settlement BANK,CUST-71F72DC8,TRANSFER,2026-02-28,0.00,5610.18,795796.41,23:59:59,2026-02-28
Demo Company Pvt Ltd,1234567890,Demo Bank Ltd,INR,Coimbatore,DEMOINCCXXX,IN00DEMO1234567890,ACTIVE,CURRENT,801491.32,2026-02-27,801491.32,2026-02-27,801491.32,2026-02-28 23:59:59,801491.32,2026-02-28 23:59:59,BNK-E292CAD6A9C4,GL-FAD565E94231 NEFT transfer BANK,CUST-FDC5CDFC,PAYMENT,2026-02-28,5694.91,0.00,801491.32,23:59:59,2026-02-28
Demo Company Pvt Ltd,1234567890,Demo Bank Ltd,INR,Coimbatore,DEMOINCCXXX,IN00DEMO1234567890,ACTIVE,CURRENT,828762.78,2026-02-27,828762.78,2026-02-27,828762.78,2026-02-28 23:59:59,828762.78,2026-02-28 23:59:59,BNK-1B6C2DBE8DD9,GL-2B32159D941C Vendor payout BANK,CUST-B9EE74F5,CHARGEBACK,2026-02-28,27271.46,0.00,828762.78,23:59:59,2026-02-28
Demo Company Pvt Ltd,1234567890,Demo Bank Ltd,INR,Coimbatore,DEMOINCCXXX,IN00DEMO1234567890,ACTIVE,CURRENT,810698.48,2026-02-27,810698.48,2026-02-27,810698.48,2026-02-28 23:59:59,810698.48,2026-02-28 23:59:59,BNK-6333B5FB7915,GL-4CC9656BE61A Vendor payout BANK,,CHARGEBACK,2026-02-28,0.00,18064.30,810698.48,23:59:59,2026-02-28
Demo Company Pvt Ltd,1234567890,Demo Bank Ltd,INR,Coimbatore,DEMOINCCXXX,IN00DEMO1234567890,ACTIVE,CURRENT,785209.70,2026-02-27,785209.70,2026-02-27,785209.70,2026-02-28 23:59:59,785209.70,2026-02-28 23:59:59,BNK-3E8A59796F39,GL-F65492420A60 Invoice settlement,CUST-B7E91EE1,CHARGEBACK,2026-02-28,0.00,25488.78,785209.70,23:59:59,2026-02-28
Demo Company Pvt Ltd,1234567890,Demo Bank Ltd,INR,Coimbatore,DEMOINCCXXX,IN00DEMO1234567890,ACTIVE,CURRENT,782231.58,2026-02-27,782231.58,2026-02-27,782231.58,2026-02-28 23:59:59,782231.58,2026-02-28 23:59:59,BNK-DE1AD7743623,GL-302C37ED13DC UPI transfer BANK,CUST-0E12B508,TRANSFER,2026-02-28,0.00,2978.12,782231.58,23:59:59,2026-02-28
Demo Company Pvt Ltd,1234567890,Demo Bank Ltd,INR,Coimbatore,DEMOINCCXXX,IN00DEMO1234567890,ACTIVE,CURRENT,768339.54,2026-02-27,768339.54,2026-02-27,768339.54,2026-02-28 23:59:59,768339.54,2026-02-28 23:59:59,BNK-8D228DE55D72,GL-F04738D8C8B7 Customer collection BANK,,RECEIPT,2026-02-28,0.00,13892.04,768339.54,23:59:59,2026-02-28
Demo Company Pvt Ltd,1234567890,Demo Bank Ltd,INR,Coimbatore,DEMOINCCXXX,IN00DEMO1234567890,ACTIVE,CURRENT,788338.05,2026-02-27,788338.05,2026-02-27,788338.05,2026-02-28 23:59:59,788338.05,2026-02-28 23:59:59,BNK-D90409503796,GL-6532D29D5A91 Vendor payout BANK,CUST-7F390EE8,TRANSFER,2026-02-28,19998.51,0.00,788338.05,23:59:59,2026-02-28
Demo Company Pvt Ltd,1234567890,Demo Bank Ltd,INR,Coimbatore,DEMOINCCXXX,IN00DEMO1234567890,ACTIVE,CURRENT,803331.34,2026-02-27,803331.34,2026-02-27,803331.34,2026-02-28 23:59:59,803331.34,2026-02-28 23:59:59,BNK-156B25BCE1F8,GL-96AD8E765DC5 NEFT transfer POLARITY_REVERSAL,,PAYMENT,2026-02-28,14993.29,0.00,803331.34,23:59:59,2026-02-28
Demo Company Pvt Ltd,1234567890,Demo Bank Ltd,INR,Coimbatore,DEMOINCCXXX,IN00DEMO1234567890,ACTIVE,CURRENT,809819.62,2026-02-27,809819.62,2026-02-27,809819.62,2026-02-28 23:59:59,809819.62,2026-02-28 23:59:59,BNK-81465434634C,GL-1036EC42A23D Customer collection AMOUNT_TYPO,CUST-E8F407C6,RECEIPT,2026-02-28,6488.28,0.00,809819.62,23:59:59,2026-02-28
Demo Company Pvt Ltd,1234567890,Demo Bank Ltd,INR,Coimbatore,DEMOINCCXXX,IN00DEMO1234567890,ACTIVE,CURRENT,832674.93,2026-02-27,832674.93,2026-02-27,832674.93,2026-02-28 23:59:59,832674.93,2026-02-28 23:59:59,BNK-18A7F88102E6,GL-62D4DF577C47 Vendor payout BANK,CUST-BA3DD76D,RECEIPT,2026-02-28,22855.31,0.00,832674.93,23:59:59,2026-02-28
Demo Company Pvt Ltd,1234567890,Demo Bank Ltd,INR,Coimbatore,DEMOINCCXXX,IN00DEMO1234567890,ACTIVE,CURRENT,856480.74,2026-02-27,856480.74,2026-02-27,856480.74,2026-02-28 23:59:59,856480.74,2026-02-28 23:59:59,BNK-0296FB0BEC1F,GL-58D1B0F222C2 Customer collection,CUST-7D9FB81C,TRANSFER,2026-02-28,23805.81,0.00,856480.74,23:59:59,2026-02-28
Demo Company Pvt Ltd,1234567890,Demo Bank Ltd,INR,Coimbatore,DEMOINCCXXX,IN00DEMO1234567890,ACTIVE,CURRENT,833247.39,2026-02-27,833247.39,2026-02-27,833247.39,2026-02-28 23:59:59,833247.39,2026-02-28 23:59:59,BNK-259433AA5302,GL-A14A8AA9A8E8 NEFT transfer BANK,,TRANSFER,2026-02-28,0.00,23233.35,833247.39,23:59:59,2026-02-28
Demo Company Pvt Ltd,1234567890,Demo Bank Ltd,INR,Coimbatore,DEMOINCCXXX,IN00DEMO1234567890,ACTIVE,CURRENT,839184.43,2026-02-27,839184.43,2026-02-27,839184.43,2026-02-28 23:59:59,839184.43,2026-02-28 23:59:59,BNK-61CC540D218D,GL-B5E3FA1309BF Vendor payout BANK,CUST-45E90541,TRANSFER,2026-02-28,5937.04,0.00,839184.43,23:59:59,2026-02-28
Demo Company Pvt Ltd,1234567890,Demo Bank Ltd,INR,Coimbatore,DEMOINCCXXX,IN00DEMO1234567890,ACTIVE,CURRENT,821039.37,2026-02-27,821039.37,2026-02-27,821039.37,2026-02-28 23:59:59,821039.37,2026-02-28 23:59:59,BNK-32330D11A118,GL-83261AD6FAC9 Customer collection BANK,,PAYMENT,2026-02-28,0.00,18145.06,821039.37,23:59:59,2026-02-28
Demo Company Pvt Ltd,1234567890,Demo Bank Ltd,INR,Coimbatore,DEMOINCCXXX,IN00DEMO1234567890,ACTIVE,CURRENT,795294.42,2026-02-27,795294.42,2026-02-27,795294.42,2026-02-28 23:59:59,795294.42,2026-02-28 23:59:59,BNK-EC3BCD361EC7,GL-86BF8652B6DA UPI transfer BANK,CUST-1FA53FE5,CHARGEBACK,2026-02-28,0.00,25744.95,795294.42,23:59:59,2026-02-28
Demo Company Pvt Ltd,1234567890,Demo Bank Ltd,INR,Coimbatore,DEMOINCCXXX,IN00DEMO1234567890,ACTIVE,CURRENT,785686.79,2026-02-27,785686.79,2026-02-27,785686.79,2026-02-28 23:59:59,785686.79,2026-02-28 23:59:59,BNK-402B1ED9D94E,GL-2AD2BD3C0B67 NEFT transfer BANK,,PAYMENT,2026-02-28,0.00,9607.63,785686.79,23:59:59,2026-02-28
Demo Company Pvt Ltd,1234567890,Demo Bank Ltd,INR,Coimbatore,DEMOINCCXXX,IN00DEMO1234567890,ACTIVE,CURRENT,797046.11,2026-02-27,797046.11,2026-02-27,797046.11,2026-02-28 23:59:59,797046.11,2026-02-28 23:59:59,BNK-B745CD013F7A,GL-E7D8F05DBA4B UPI transfer BANK,CUST-6AEE7344,PAYMENT,2026-02-28,11359.32,0.00,797046.11,23:59:59,2026-02-28
Demo Company Pvt Ltd,1234567890,Demo Bank Ltd,INR,Coimbatore,DEMOINCCXXX,IN00DEMO1234567890,ACTIVE,CURRENT,781058.71,2026-02-27,781058.71,2026-02-27,781058.71,2026-02-28 23:59:59,781058.71,2026-02-28 23:59:59,BNK-2EB6747850BF,GL-63D1AEFF9258 Vendor payout BANK,CUST-165D16EA,RECEIPT,2026-02-28,0.00,15987.40,781058.71,23:59:59,2026-02-28
Demo Company Pvt Ltd,1234567890,Demo Bank Ltd,INR,Coimbatore,DEMOINCCXXX,IN00DEMO1234567890,ACTIVE,CURRENT,777005.11,2026-02-27,777005.11,2026-02-27,777005.11,2026-02-28 23:59:59,777005.11,2026-02-28 23:59:59,BNK-5CD3D8931E09,GL-98E58A64C5F0 UPI transfer,,RECEIPT,2026-02-28,0.00,4053.60,777005.11,23:59:59,2026-02-28
Demo Company Pvt Ltd,1234567890,Demo Bank Ltd,INR,Coimbatore,DEMOINCCXXX,IN00DEMO1234567890,ACTIVE,CURRENT,798074.94,2026-02-27,798074.94,2026-02-27,798074.94,2026-02-28 23:59:59,798074.94,2026-02-28 23:59:59,BNK-C2F7BCBAEDF4,GL-160B01E971EA NEFT transfer BANK AMOUNT_TYPO,CUST-429DDAD6,CHARGEBACK,2026-02-28,21069.83,0.00,798074.94,23:59:59,2026-02-28
Demo Company Pvt Ltd,1234567890,Demo Bank Ltd,INR,Coimbatore,DEMOINCCXXX,IN00DEMO1234567890,ACTIVE,CURRENT,784266.19,2026-02-27,784266.19,2026-02-27,784266.19,2026-02-28 23:59:59,784266.19,2026-02-28 23:59:59,BNK-4432C80F74C7,GL-17C7F3EF4F85 Invoice settlement BANK,CUST-FB4C2682,PAYMENT,2026-02-28,0.00,13808.75,784266.19,23:59:59,2026-02-28
Demo Company Pvt Ltd,1234567890,Demo Bank Ltd,INR,Coimbatore,DEMOINCCXXX,IN00DEMO1234567890,ACTIVE,CURRENT,799684.29,2026-02-27,799684.29,2026-02-27,799684.29,2026-02-28 23:59:59,799684.29,2026-02-28 23:59:59,BNK-3C81F3063C88,GL-6098AF147CA6 Vendor payout BANK,CUST-D46C9E5C,TRANSFER,2026-02-28,15418.10,0.00,799684.29,23:59:59,2026-02-28
Demo Company Pvt Ltd,1234567890,Demo Bank Ltd,INR,Coimbatore,DEMOINCCXXX,IN00DEMO1234567890,ACTIVE,CURRENT,788744.41,2026-02-27,788744.41,2026-02-27,788744.41,2026-02-28 23:59:59,788744.41,2026-02-28 23:59:59,BNK-8E29BBB01A0D,GL-65C69C8D9838 Customer collection BANK POLARITY_REVERSAL,CUST-246DF9C1,PAYMENT,2026-02-28,0.00,10939.88,788744.41,23:59:59,2026-02-28
Demo Company Pvt Ltd,1234567890,Demo Bank Ltd,INR,Coimbatore,DEMOINCCXXX,IN00DEMO1234567890,ACTIVE,CURRENT,808605.49,2026-02-27,808605.49,2026-02-27,808605.49,2026-02-28 23:59:59,808605.49,2026-02-28 23:59:59,BNK-D8FE7EC5B591,GL-12426BD722BE Invoice settlement,CUST-75E83532,PAYMENT,2026-02-28,19861.08,0.00,808605.49,23:59:59,2026-02-28
Demo Company Pvt Ltd,1234567890,Demo Bank Ltd,INR,Coimbatore,DEMOINCCXXX,IN00DEMO1234567890,ACTIVE,CURRENT,828466.57,2026-02-27,828466.57,2026-02-27,828466.57,2026-02-28 23:59:59,828466.57,2026-02-28 23:59:59,BNK-D8FE7EC5B591-DUP,GL-12426BD722BE Invoice settlement DUPLICATE_POSTING,CUST-75E83532,PAYMENT,2026-02-28,19861.08,0.00,828466.57,23:59:59,2026-02-28
Demo Company Pvt Ltd,1234567890,Demo Bank Ltd,INR,Coimbatore,DEMOINCCXXX,IN00DEMO1234567890,ACTIVE,CURRENT,822617.04,2026-02-27,822617.04,2026-02-27,822617.04,2026-02-28 23:59:59,822617.04,2026-02-28 23:59:59,BNK-664FA62352C8,GL-B75E71F99CF4 Customer collection,CUST-BC3576AF,TRANSFER,2026-02-28,0.00,5849.53,822617.04,23:59:59,2026-02-28
Demo Company Pvt Ltd,1234567890,Demo Bank Ltd,INR,Coimbatore,DEMOINCCXXX,IN00DEMO1234567890,ACTIVE,CURRENT,846196.15,2026-02-27,846196.15,2026-02-27,846196.15,2026-02-28 23:59:59,846196.15,2026-02-28 23:59:59,BNK-6ED5D353BCD5,GL-22878E8AF9D3 Invoice settlement BANK,CUST-B44C2540,CHARGEBACK,2026-02-28,23579.11,0.00,846196.15,23:59:59,2026-02-28
Demo Company Pvt Ltd,1234567890,Demo Bank Ltd,INR,Coimbatore,DEMOINCCXXX,IN00DEMO1234567890,ACTIVE,CURRENT,823652.70,2026-02-27,823652.70,2026-02-27,823652.70,2026-02-28 23:59:59,823652.70,2026-02-28 23:59:59,BNK-86349EC26C23,GL-D294F48D9E1D UPI transfer BANK,CUST-4927FAE8,CHARGEBACK,2026-02-28,0.00,22543.45,823652.70,23:59:59,2026-02-28
Demo Company Pvt Ltd,1234567890,Demo Bank Ltd,INR,Coimbatore,DEMOINCCXXX,IN00DEMO1234567890,ACTIVE,CURRENT,801109.25,2026-02-27,801109.25,2026-02-27,801109.25,2026-02-28 23:59:59,801109.25,2026-02-28 23:59:59,BNK-86349EC26C23-DUP,GL-D294F48D9E1D UPI transfer BANK DUPLICATE_POSTING,CUST-4927FAE8,CHARGEBACK,2026-02-28,0.00,22543.45,801109.25,23:59:59,2026-02-28
Demo Company Pvt Ltd,1234567890,Demo Bank Ltd,INR,Coimbatore,DEMOINCCXXX,IN00DEMO1234567890,ACTIVE,CURRENT,793833.86,2026-02-27,793833.86,2026-02-27,793833.86,2026-02-28 23:59:59,793833.86,2026-02-28 23:59:59,BNK-F9363ACF05B2,GL-9370D0CBF954 Vendor payout BANK,CUST-322DF6F4,PAYMENT,2026-02-28,0.00,7275.39,793833.86,23:59:59,2026-02-28
Demo Company Pvt Ltd,1234567890,Demo Bank Ltd,INR,Coimbatore,DEMOINCCXXX,IN00DEMO1234567890,ACTIVE,CURRENT,770196.04,2026-02-27,770196.04,2026-02-27,770196.04,2026-02-28 23:59:59,770196.04,2026-02-28 23:59:59,BNK-648880A1D4FD,GL-494C62C13E41 Customer collection,CUST-77A25968,CHARGEBACK,2026-02-28,0.00,23637.82,770196.04,23:59:59,2026-02-28
Demo Company Pvt Ltd,1234567890,Demo Bank Ltd,INR,Coimbatore,DEMOINCCXXX,IN00DEMO1234567890,ACTIVE,CURRENT,780890.58,2026-02-27,780890.58,2026-02-27,780890.58,2026-02-28 23:59:59,780890.58,2026-02-28 23:59:59,BNK-A59E483F095A,GL-30E458134B6F UPI transfer,CUST-597F2112,CHARGEBACK,2026-02-28,10694.54,0.00,780890.58,23:59:59,2026-02-28
Demo Company Pvt Ltd,1234567890,Demo Bank Ltd,INR,Coimbatore,DEMOINCCXXX,IN00DEMO1234567890,ACTIVE,CURRENT,771340.94,2026-02-27,771340.94,2026-02-27,771340.94,2026-02-28 23:59:59,771340.94,2026-02-28 23:59:59,BNK-1306FBCFF8AC,GL-3B5DED44925B NEFT transfer,CUST-D866C06C,PAYMENT,2026-02-28,0.00,9549.64,771340.94,23:59:59,2026-02-28
Demo Company Pvt Ltd,1234567890,Demo Bank Ltd,INR,Coimbatore,DEMOINCCXXX,IN00DEMO1234567890,ACTIVE,CURRENT,794672.69,2026-02-27,794672.69,2026-02-27,794672.69,2026-02-28 23:59:59,794672.69,2026-02-28 23:59:59,BNK-064D205B9161,GL-2BCE1F0AB3F7 Invoice settlement BANK,CUST-0CFB6A9F,PAYMENT,2026-02-28,23331.75,0.00,794672.69,23:59:59,2026-02-28
Demo Company Pvt Ltd,1234567890,Demo Bank Ltd,INR,Coimbatore,DEMOINCCXXX,IN00DEMO1234567890,ACTIVE,CURRENT,797916.22,2026-02-27,797916.22,2026-02-27,797916.22,2026-02-28 23:59:59,797916.22,2026-02-28 23:59:59,BNK-7C99C16BE133,GL-20F0E23DF5CA Vendor payout BANK,CUST-AAD08CA5,TRANSFER,2026-02-28,3243.53,0.00,797916.22,23:59:59,2026-02-28
Demo Company Pvt Ltd,1234567890,Demo Bank Ltd,INR,Coimbatore,DEMOINCCXXX,IN00DEMO1234567890,ACTIVE,CURRENT,780782.19,2026-02-27,780782.19,2026-02-27,780782.19,2026-02-28 23:59:59,780782.19,2026-02-28 23:59:59,BNK-0BF9C141C0DE,GL-6F775D1AA775 NEFT transfer,CUST-BA60AB12,RECEIPT,2026-02-28,0.00,17134.03,780782.19,23:59:59,2026-02-28
Demo Company Pvt Ltd,1234567890,Demo Bank Ltd,INR,Coimbatore,DEMOINCCXXX,IN00DEMO1234567890,ACTIVE,CURRENT,788579.92,2026-02-27,788579.92,2026-02-27,788579.92,2026-02-28 23:59:59,788579.92,2026-02-28 23:59:59,BNK-D39DCDEA936A,GL-8F42A049F637 UPI transfer BANK,,TRANSFER,2026-02-28,7797.73,0.00,788579.92,23:59:59,2026-02-28
Demo Company Pvt Ltd,1234567890,Demo Bank Ltd,INR,Coimbatore,DEMOINCCXXX,IN00DEMO1234567890,ACTIVE,CURRENT,811840.03,2026-02-27,811840.03,2026-02-27,811840.03,2026-02-28 23:59:59,811840.03,2026-02-28 23:59:59,BNK-AAE09E244E19,GL-6775A60F1D7C Customer collection BANK,CUST-9FE567BD,RECEIPT,2026-02-28,23260.11,0.00,811840.03,23:59:59,2026-02-28
Demo Company Pvt Ltd,1234567890,Demo Bank Ltd,INR,Coimbatore,DEMOINCCXXX,IN00DEMO1234567890,ACTIVE,CURRENT,821852.48,2026-02-27,821852.48,2026-02-27,821852.48,2026-02-28 23:59:59,821852.48,2026-02-28 23:59:59,BNK-E490ED7DA5CC,GL-CFC9AFF1B722 Customer collection,CUST-9D7C8A47,CHARGEBACK,2026-02-28,10012.45,0.00,821852.48,23:59:59,2026-02-28
Demo Company Pvt Ltd,1234567890,Demo Bank Ltd,INR,Coimbatore,DEMOINCCXXX,IN00DEMO1234567890,ACTIVE,CURRENT,795513.89,2026-02-27,795513.89,2026-02-27,795513.89,2026-02-28 23:59:59,795513.89,2026-02-28 23:59:59,BNK-86568E4C28E0,GL-D8F6B8E74CD1 NEFT transfer BANK,CUST-9D56C175,RECEIPT,2026-02-28,0.00,26338.59,795513.89,23:59:59,2026-02-28
Demo Company Pvt Ltd,1234567890,Demo Bank Ltd,INR,Coimbatore,DEMOINCCXXX,IN00DEMO1234567890,ACTIVE,CURRENT,782992.77,2026-02-27,782992.77,2026-02-27,782992.77,2026-02-28 23:59:59,782992.77,2026-02-28 23:59:59,BNK-5480158B561B,GL-C48CEE440DCA NEFT transfer BANK,CUST-193331F9,PAYMENT,2026-02-28,0.00,12521.12,782992.77,23:59:59,2026-02-28
Demo Company Pvt Ltd,1234567890,Demo Bank Ltd,INR,Coimbatore,DEMOINCCXXX,IN00DEMO1234567890,ACTIVE,CURRENT,804910.91,2026-02-27,804910.91,2026-02-27,804910.91,2026-02-28 23:59:59,804910.91,2026-02-28 23:59:59,BNK-A0BBC7D7C975,GL-6D03F6B85E29 NEFT transfer BANK,CUST-B88D062E,CHARGEBACK,2026-02-28,21918.14,0.00,804910.91,23:59:59,2026-02-28
Demo Company Pvt Ltd,1234567890,Demo Bank Ltd,INR,Coimbatore,DEMOINCCXXX,IN00DEMO1234567890,ACTIVE,CURRENT,824751.91,2026-02-27,824751.91,2026-02-27,824751.91,2026-02-28 23:59:59,824751.91,2026-02-28 23:59:59,BNK-9F220A051EB6,GL-4440C39673B2 NEFT transfer BANK,,CHARGEBACK,2026-02-28,19841.00,0.00,824751.91,23:59:59,2026-02-28
Demo Company Pvt Ltd,1234567890,Demo Bank Ltd,INR,Coimbatore,DEMOINCCXXX,IN00DEMO1234567890,ACTIVE,CURRENT,803507.90,2026-02-27,803507.90,2026-02-27,803507.90,2026-02-28 23:59:59,803507.90,2026-02-28 23:59:59,BNK-17F855A18C6A,GL-186E1DF7305B Invoice settlement,CUST-3DC5DDF1,PAYMENT,2026-02-28,0.00,21244.01,803507.90,23:59:59,2026-02-28
Demo Company Pvt Ltd,1234567890,Demo Bank Ltd,INR,Coimbatore,DEMOINCCXXX,IN00DEMO1234567890,ACTIVE,CURRENT,825691.64,2026-02-27,825691.64,2026-02-27,825691.64,2026-02-28 23:59:59,825691.64,2026-02-28 23:59:59,BNK-CCC73BE77337,GL-77D7A1D8B4B1 UPI transfer,CUST-F895390A,CHARGEBACK,2026-02-28,22183.74,0.00,825691.64,23:59:59,2026-02-28
Demo Company Pvt Ltd,1234567890,Demo Bank Ltd,INR,Coimbatore,DEMOINCCXXX,IN00DEMO1234567890,ACTIVE,CURRENT,831481.35,2026-02-27,831481.35,2026-02-27,831481.35,2026-02-28 23:59:59,831481.35,2026-02-28 23:59:59,BNK-8AC12EEAD122,GL-F38B4F907F05 Vendor payout,CUST-6DBDD960,TRANSFER,2026-02-28,5789.71,0.00,831481.35,23:59:59,2026-02-28
Demo Company Pvt Ltd,1234567890,Demo Bank Ltd,INR,Coimbatore,DEMOINCCXXX,IN00DEMO1234567890,ACTIVE,CURRENT,834607.82,2026-02-27,834607.82,2026-02-27,834607.82,2026-02-28 23:59:59,834607.82,2026-02-28 23:59:59,BNK-1A35FD27CA09,GL-0033C5E357DC NEFT transfer BANK,CUST-467CE68F,PAYMENT,2026-02-28,3126.47,0.00,834607.82,23:59:59,2026-02-28
Demo Company Pvt Ltd,1234567890,Demo Bank Ltd,INR,Coimbatore,DEMOINCCXXX,IN00DEMO1234567890,ACTIVE,CURRENT,811790.07,2026-02-27,811790.07,2026-02-27,811790.07,2026-02-28 23:59:59,811790.07,2026-02-28 23:59:59,BNK-BAE9D945EC41,GL-48869B874B9A Customer collection,CUST-F5B73B2D,RECEIPT,2026-02-28,0.00,22817.75,811790.07,23:59:59,2026-02-28
Demo Company Pvt Ltd,1234567890,Demo Bank Ltd,INR,Coimbatore,DEMOINCCXXX,IN00DEMO1234567890,ACTIVE,CURRENT,804662.61,2026-02-27,804662.61,2026-02-27,804662.61,2026-02-28 23:59:59,804662.61,2026-02-28 23:59:59,BNK-6572F2A9F624,GL-C7B2C472E83A Invoice settlement POLARITY_REVERSAL,,CHARGEBACK,2026-02-28,0.00,7127.46,804662.61,23:59:59,2026-02-28
Demo Company Pvt Ltd,1234567890,Demo Bank Ltd,INR,Coimbatore,DEMOINCCXXX,IN00DEMO1234567890,ACTIVE,CURRENT,815137.37,2026-02-27,815137.37,2026-02-27,815137.37,2026-02-28 23:59:59,815137.37,2026-02-28 23:59:59,BNK-105496DBF34E,GL-19AEA62D250B UPI transfer BANK,,PAYMENT,2026-02-28,10474.76,0.00,815137.37,23:59:59,2026-02-28
Demo Company Pvt Ltd,1234567890,Demo Bank Ltd,INR,Coimbatore,DEMOINCCXXX,IN00DEMO1234567890,ACTIVE,CURRENT,799196.52,2026-02-27,799196.52,2026-02-27,799196.52,2026-02-28 23:59:59,799196.52,2026-02-28 23:59:59,BNK-24BAA2C2A447,GL-072C4514B97F UPI transfer,,CHARGEBACK,2026-02-28,0.00,15940.85,799196.52,23:59:59,2026-02-28
Demo Company Pvt Ltd,1234567890,Demo Bank Ltd,INR,Coimbatore,DEMOINCCXXX,IN00DEMO1234567890,ACTIVE,CURRENT,800090.91,2026-02-27,800090.91,2026-02-27,800090.91,2026-02-28 23:59:59,800090.91,2026-02-28 23:59:59,BNK-7D0138570A53,GL-95B8C9B10AD8 Vendor payout BANK,CUST-58FF1690,RECEIPT,2026-02-28,894.39,0.00,800090.91,23:59:59,2026-02-28
Demo Company Pvt Ltd,1234567890,Demo Bank Ltd,INR,Coimbatore,DEMOINCCXXX,IN00DEMO1234567890,ACTIVE,CURRENT,802066.87,2026-02-27,802066.87,2026-02-27,802066.87,2026-02-28 23:59:59,802066.87,2026-02-28 23:59:59,BNK-1B3088B8277D,GL-4A5EBF233474 Invoice settlement BANK,CUST-73FD786B,RECEIPT,2026-02-28,1975.96,0.00,802066.87,23:59:59,2026-02-28
Demo Company Pvt Ltd,1234567890,Demo Bank Ltd,INR,Coimbatore,DEMOINCCXXX,IN00DEMO1234567890,ACTIVE,CURRENT,792516.90,2026-02-27,792516.90,2026-02-27,792516.90,2026-02-28 23:59:59,792516.90,2026-02-28 23:59:59,BNK-138BA4E24B7F,GL-DC8D85641FFF NEFT transfer,CUST-F08634C8,CHARGEBACK,2026-02-28,0.00,9549.97,792516.90,23:59:59,2026-02-28
Demo Company Pvt Ltd,1234567890,Demo Bank Ltd,INR,Coimbatore,DEMOINCCXXX,IN00DEMO1234567890,ACTIVE,CURRENT,772332.34,2026-02-27,772332.34,2026-02-27,772332.34,2026-02-28 23:59:59,772332.34,2026-02-28 23:59:59,BNK-8C4BD299BA0A,GL-310F50C9B36A UPI transfer,,CHARGEBACK,2026-02-28,0.00,20184.56,772332.34,23:59:59,2026-02-28
Demo Company Pvt Ltd,1234567890,Demo Bank Ltd,INR,Coimbatore,DEMOINCCXXX,IN00DEMO1234567890,ACTIVE,CURRENT,774587.39,2026-02-27,774587.39,2026-02-27,774587.39,2026-02-28 23:59:59,774587.39,2026-02-28 23:59:59,BNK-BBCCA89152FD,GL-33DEB1D11166 NEFT transfer BANK,CUST-D1826DA8,TRANSFER,2026-02-28,2255.05,0.00,774587.39,23:59:59,2026-02-28
Demo Company Pvt Ltd,1234567890,Demo Bank Ltd,INR,Coimbatore,DEMOINCCXXX,IN00DEMO1234567890,ACTIVE,CURRENT,781991.52,2026-02-27,781991.52,2026-02-27,781991.52,2026-02-28 23:59:59,781991.52,2026-02-28 23:59:59,BNK-7E6F230357E1,GL-B30F3B83AFB9 UPI transfer,CUST-5640A317,RECEIPT,2026-02-28,7404.13,0.00,781991.52,23:59:59,2026-02-28
Demo Company Pvt Ltd,1234567890,Demo Bank Ltd,INR,Coimbatore,DEMOINCCXXX,IN00DEMO1234567890,ACTIVE,CURRENT,773260.89,2026-02-27,773260.89,2026-02-27,773260.89,2026-02-28 23:59:59,773260.89,2026-02-28 23:59:59,BNK-50235FCDCC0E,GL-AAB33F28E0ED Vendor payout BANK,,TRANSFER,2026-02-28,0.00,8730.63,773260.89,23:59:59,2026-02-28
Demo Company Pvt Ltd,1234567890,Demo Bank Ltd,INR,Coimbatore,DEMOINCCXXX,IN00DEMO1234567890,ACTIVE,CURRENT,763446.21,2026-02-27,763446.21,2026-02-27,763446.21,2026-02-28 23:59:59,763446.21,2026-02-28 23:59:59,BNK-17A934A5461D,GL-A6AB8C02A827 Invoice settlement BANK,CUST-9E2BE366,PAYMENT,2026-02-28,0.00,9814.68,763446.21,23:59:59,2026-02-28
Demo Company Pvt Ltd,1234567890,Demo Bank Ltd,INR,Coimbatore,DEMOINCCXXX,IN00DEMO1234567890,ACTIVE,CURRENT,749715.45,2026-02-27,749715.45,2026-02-27,749715.45,2026-02-28 23:59:59,749715.45,2026-02-28 23:59:59,BNK-433375D42CCC,GL-819023BF3FD6 NEFT transfer BANK,CUST-158DAE85,CHARGEBACK,2026-02-28,0.00,13730.76,749715.45,23:59:59,2026-02-28
Demo Company Pvt Ltd,1234567890,Demo Bank Ltd,INR,Coimbatore,DEMOINCCXXX,IN00DEMO1234567890,ACTIVE,CURRENT,726259.64,2026-02-27,726259.64,2026-02-27,726259.64,2026-02-28 23:59:59,726259.64,2026-02-28 23:59:59,BNK-040F5987F007,GL-E9849A12969D NEFT transfer,,CHARGEBACK,2026-02-28,0.00,23455.81,726259.64,23:59:59,2026-02-28
Demo Company Pvt Ltd,1234567890,Demo Bank Ltd,INR,Coimbatore,DEMOINCCXXX,IN00DEMO1234567890,ACTIVE,CURRENT,722193.60,2026-02-27,722193.60,2026-02-27,722193.60,2026-02-28 23:59:59,722193.60,2026-02-28 23:59:59,BNK-EF225F671E32,GL-C8EF1BA0B833 UPI transfer BANK,CUST-3F222686,CHARGEBACK,2026-02-28,0.00,4066.04,722193.60,23:59:59,2026-02-28
Demo Company Pvt Ltd,1234567890,Demo Bank Ltd,INR,Coimbatore,DEMOINCCXXX,IN00DEMO1234567890,ACTIVE,CURRENT,745464.28,2026-02-27,745464.28,2026-02-27,745464.28,2026-02-28 23:59:59,745464.28,2026-02-28 23:59:59,BNK-E6FDA7FA3B6A,GL-DEE7CE5E0090 Customer collection,CUST-96CEEC8C,PAYMENT,2026-02-28,23270.68,0.00,745464.28,23:59:59,2026-02-28
Demo Company Pvt Ltd,1234567890,Demo Bank Ltd,INR,Coimbatore,DEMOINCCXXX,IN00DEMO1234567890,ACTIVE,CURRENT,755385.85,2026-02-27,755385.85,2026-02-27,755385.85,2026-02-28 23:59:59,755385.85,2026-02-28 23:59:59,BNK-0121AC3B0A9E,GL-E88C6275717B Customer collection BANK,CUST-EC757310,TRANSFER,2026-02-28,9921.57,0.00,755385.85,23:59:59,2026-02-28
Demo Company Pvt Ltd,1234567890,Demo Bank Ltd,INR,Coimbatore,DEMOINCCXXX,IN00DEMO1234567890,ACTIVE,CURRENT,743396.74,2026-02-27,743396.74,2026-02-27,743396.74,2026-02-28 23:59:59,743396.74,2026-02-28 23:59:59,BNK-A8DB07D5EF73,GL-EE872A6F0D7F Customer collection BANK,,PAYMENT,2026-02-28,0.00,11989.11,743396.74,23:59:59,2026-02-28
Demo Company Pvt Ltd,1234567890,Demo Bank Ltd,INR,Coimbatore,DEMOINCCXXX,IN00DEMO1234567890,ACTIVE,CURRENT,763807.10,2026-02-27,763807.10,2026-02-27,763807.10,2026-02-28 23:59:59,763807.10,2026-02-28 23:59:59,BNK-ABF8F8E36979,GL-D9B482B1E847 Vendor payout BANK,CUST-E3599D64,TRANSFER,2026-02-28,20410.36,0.00,763807.10,23:59:59,2026-02-28
Demo Company Pvt Ltd,1234567890,Demo Bank Ltd,INR,Coimbatore,DEMOINCCXXX,IN00DEMO1234567890,ACTIVE,CURRENT,765381.33,2026-02-27,765381.33,2026-02-27,765381.33,2026-02-28 23:59:59,765381.33,2026-02-28 23:59:59,BNK-3EE85296340D,GL-B19E8E2DD6F6 NEFT transfer BANK,CUST-CF5CA587,TRANSFER,2026-02-28,1574.23,0.00,765381.33,23:59:59,2026-02-28
Demo Company Pvt Ltd,1234567890,Demo Bank Ltd,INR,Coimbatore,DEMOINCCXXX,IN00DEMO1234567890,ACTIVE,CURRENT,767402.69,2026-02-27,767402.69,2026-02-27,767402.69,2026-02-28 23:59:59,767402.69,2026-02-28 23:59:59,BNK-49CDC5C69122,GL-AA9EB98EDC4F Vendor payout BANK,CUST-A754C5FA,PAYMENT,2026-02-28,2021.36,0.00,767402.69,23:59:59,2026-02-28
Demo Company Pvt Ltd,1234567890,Demo Bank Ltd,INR,Coimbatore,DEMOINCCXXX,IN00DEMO1234567890,ACTIVE,CURRENT,769424.05,2026-02-27,769424.05,2026-02-27,769424.05,2026-02-28 23:59:59,769424.05,2026-02-28 23:59:59,BNK-49CDC5C69122-DUP,GL-AA9EB98EDC4F Vendor payout BANK DUPLICATE_POSTING,CUST-A754C5FA,PAYMENT,2026-02-28,2021.36,0.00,769424.05,23:59:59,2026-02-28
Demo Company Pvt Ltd,1234567890,Demo Bank Ltd,INR,Coimbatore,DEMOINCCXXX,IN00DEMO1234567890,ACTIVE,CURRENT,794752.26,2026-02-27,794752.26,2026-02-27,794752.26,2026-02-28 23:59:59,794752.26,2026-02-28 23:59:59,BNK-6668E6B377F6,GL-F482026385FD Invoice settlement BANK,CUST-6C218C83,RECEIPT,2026-02-28,25328.21,0.00,794752.26,23:59:59,2026-02-28
Demo Company Pvt Ltd,1234567890,Demo Bank Ltd,INR,Coimbatore,DEMOINCCXXX,IN00DEMO1234567890,ACTIVE,CURRENT,774005.61,2026-02-27,774005.61,2026-02-27,774005.61,2026-02-28 23:59:59,774005.61,2026-02-28 23:59:59,BNK-E0C276E65883,GL-9E8BF76701B2 NEFT transfer BANK,CUST-03C12676,TRANSFER,2026-02-28,0.00,20746.65,774005.61,23:59:59,2026-02-28
Demo Company Pvt Ltd,1234567890,Demo Bank Ltd,INR,Coimbatore,DEMOINCCXXX,IN00DEMO1234567890,ACTIVE,CURRENT,770387.60,2026-02-27,770387.60,2026-02-27,770387.60,2026-02-28 23:59:59,770387.60,2026-02-28 23:59:59,BNK-0AB47BE13FF7,GL-0B823C2EBC29 Customer collection BANK,CUST-C737DD9D,TRANSFER,2026-02-28,0.00,3618.01,770387.60,23:59:59,2026-02-28
Demo Company Pvt Ltd,1234567890,Demo Bank Ltd,INR,Coimbatore,DEMOINCCXXX,IN00DEMO1234567890,ACTIVE,CURRENT,795710.67,2026-02-27,795710.67,2026-02-27,795710.67,2026-02-28 23:59:59,795710.67,2026-02-28 23:59:59,BNK-09DAE9AFCE9B,GL-85E20E7BE3AD Vendor payout BANK,CUST-DB2DE119,RECEIPT,2026-02-28,25323.07,0.00,795710.67,23:59:59,2026-02-28
Demo Company Pvt Ltd,1234567890,Demo Bank Ltd,INR,Coimbatore,DEMOINCCXXX,IN00DEMO1234567890,ACTIVE,CURRENT,807858.71,2026-02-27,807858.71,2026-02-27,807858.71,2026-02-28 23:59:59,807858.71,2026-02-28 23:59:59,BNK-B784A0C5BB5F,GL-CA9B8CD5D17F Invoice settlement BANK,CUST-0C28AAF7,CHARGEBACK,2026-02-28,12148.04,0.00,807858.71,23:59:59,2026-02-28
Demo Company Pvt Ltd,1234567890,Demo Bank Ltd,INR,Coimbatore,DEMOINCCXXX,IN00DEMO1234567890,ACTIVE,CURRENT,820575.33,2026-02-27,820575.33,2026-02-27,820575.33,2026-02-28 23:59:59,820575.33,2026-02-28 23:59:59,BNK-6D283E307560,GL-6FBF271A136D UPI transfer BANK,CUST-A20F2875,TRANSFER,2026-02-28,12716.62,0.00,820575.33,23:59:59,2026-02-28
Demo Company Pvt Ltd,1234567890,Demo Bank Ltd,INR,Coimbatore,DEMOINCCXXX,IN00DEMO1234567890,ACTIVE,CURRENT,795105.16,2026-02-27,795105.16,2026-02-27,795105.16,2026-02-28 23:59:59,795105.16,2026-02-28 23:59:59,BNK-EBB3F5776F00,GL-638684301364 Invoice settlement BANK,,RECEIPT,2026-02-28,0.00,25470.17,795105.16,23:59:59,2026-02-28
Demo Company Pvt Ltd,1234567890,Demo Bank Ltd,INR,Coimbatore,DEMOINCCXXX,IN00DEMO1234567890,ACTIVE,CURRENT,810437.80,2026-02-27,810437.80,2026-02-27,810437.80,2026-02-28 23:59:59,810437.80,2026-02-28 23:59:59,BNK-7D8CEC9EDAA4,GL-C1D5174C4F83 UPI transfer,CUST-0DC52483,PAYMENT,2026-02-28,15332.64,0.00,810437.80,23:59:59,2026-02-28
Demo Company Pvt Ltd,1234567890,Demo Bank Ltd,INR,Coimbatore,DEMOINCCXXX,IN00DEMO1234567890,ACTIVE,CURRENT,822954.99,2026-02-27,822954.99,2026-02-27,822954.99,2026-02-28 23:59:59,822954.99,2026-02-28 23:59:59,BNK-7693DE522831,GL-25FA8DCE6D08 Customer collection BANK,CUST-849E32E2,CHARGEBACK,2026-02-28,12517.19,0.00,822954.99,23:59:59,2026-02-28
Demo Company Pvt Ltd,1234567890,Demo Bank Ltd,INR,Coimbatore,DEMOINCCXXX,IN00DEMO1234567890,ACTIVE,CURRENT,803055.08,2026-02-27,803055.08,2026-02-27,803055.08,2026-02-28 23:59:59,803055.08,2026-02-28 23:59:59,BNK-98426A052D07,GL-4C50B76E949D UPI transfer BANK DATE_POSTING_ERROR,CUST-B312E84B,TRANSFER,2026-02-28,0.00,19899.91,803055.08,23:59:59,2026-02-28
Demo Company Pvt Ltd,1234567890,Demo Bank Ltd,INR,Coimbatore,DEMOINCCXXX,IN00DEMO1234567890,ACTIVE,CURRENT,821000.64,2026-02-27,821000.64,2026-02-27,821000.64,2026-02-28 23:59:59,821000.64,2026-02-28 23:59:59,BNK-807E27A455D0,GL-07E0B77FB725 UPI transfer BANK,,TRANSFER,2026-02-28,17945.56,0.00,821000.64,23:59:59,2026-02-28
Demo Company Pvt Ltd,1234567890,Demo Bank Ltd,INR,Coimbatore,DEMOINCCXXX,IN00DEMO1234567890,ACTIVE,CURRENT,822978.94,2026-02-27,822978.94,2026-02-27,822978.94,2026-02-28 23:59:59,822978.94,2026-02-28 23:59:59,BNK-6B2D41975C2E,GL-824BFD3A6A6C Customer collection BANK,CUST-F672A0D8,TRANSFER,2026-02-28,1978.30,0.00,822978.94,23:59:59,2026-02-28
Demo Company Pvt Ltd,1234567890,Demo Bank Ltd,INR,Coimbatore,DEMOINCCXXX,IN00DEMO1234567890,ACTIVE,CURRENT,837394.78,2026-02-27,837394.78,2026-02-27,837394.78,2026-02-28 23:59:59,837394.78,2026-02-28 23:59:59,,GL-42E9E75836FA UPI transfer REFERENCE_DROP,,CHARGEBACK,2026-02-28,14415.84,0.00,837394.78,23:59:59,2026-02-28
Demo Company Pvt Ltd,1234567890,Demo Bank Ltd,INR,Coimbatore,DEMOINCCXXX,IN00DEMO1234567890,ACTIVE,CURRENT,844071.82,2026-02-27,844071.82,2026-02-27,844071.82,2026-02-28 23:59:59,844071.82,2026-02-28 23:59:59,BNK-7EF8538327B3,GL-F81DC6DAAFDB UPI transfer BANK,CUST-FF52C554,CHARGEBACK,2026-02-28,6677.04,0.00,844071.82,23:59:59,2026-02-28
Demo Company Pvt Ltd,1234567890,Demo Bank Ltd,INR,Coimbatore,DEMOINCCXXX,IN00DEMO1234567890,ACTIVE,CURRENT,829386.70,2026-02-27,829386.70,2026-02-27,829386.70,2026-02-28 23:59:59,829386.70,2026-02-28 23:59:59,BNK-4983446D7503,GL-9CEBFFFDD7B5 Vendor payout,CUST-CADC013A,RECEIPT,2026-02-28,0.00,14685.12,829386.70,23:59:59,2026-02-28
Demo Company Pvt Ltd,1234567890,Demo Bank Ltd,INR,Coimbatore,DEMOINCCXXX,IN00DEMO1234567890,ACTIVE,CURRENT,854128.70,2026-02-27,854128.70,2026-02-27,854128.70,2026-02-28 23:59:59,854128.70,2026-02-28 23:59:59,BNK-E95ABD72D181,GL-69CBAD8D76AA NEFT transfer BANK,CUST-05832BFA,CHARGEBACK,2026-02-28,24742.00,0.00,854128.70,23:59:59,2026-02-28
Demo Company Pvt Ltd,1234567890,Demo Bank Ltd,INR,Coimbatore,DEMOINCCXXX,IN00DEMO1234567890,ACTIVE,CURRENT,875442.49,2026-02-27,875442.49,2026-02-27,875442.49,2026-02-28 23:59:59,875442.49,2026-02-28 23:59:59,BNK-643CD80764B0,GL-72BD1233A8F3 NEFT transfer,,TRANSFER,2026-02-28,21313.79,0.00,875442.49,23:59:59,2026-02-28
Demo Company Pvt Ltd,1234567890,Demo Bank Ltd,INR,Coimbatore,DEMOINCCXXX,IN00DEMO1234567890,ACTIVE,CURRENT,894374.76,2026-02-27,894374.76,2026-02-27,894374.76,2026-02-28 23:59:59,894374.76,2026-02-28 23:59:59,BNK-B87DF2DF09EE,GL-A41EE11B9D84 Vendor payout,CUST-A30DADA4,PAYMENT,2026-02-28,18932.27,0.00,894374.76,23:59:59,2026-02-28
Demo Company Pvt Ltd,1234567890,Demo Bank Ltd,INR,Coimbatore,DEMOINCCXXX,IN00DEMO1234567890,ACTIVE,CURRENT,883702.56,2026-02-27,883702.56,2026-02-27,883702.56,2026-02-28 23:59:59,883702.56,2026-02-28 23:59:59,BNK-AA235AE97548,GL-688BB536CA64 Invoice settlement BANK,CUST-CC2E17C5,TRANSFER,2026-02-28,0.00,10672.20,883702.56,23:59:59,2026-02-28
Demo Company Pvt Ltd,1234567890,Demo Bank Ltd,INR,Coimbatore,DEMOINCCXXX,IN00DEMO1234567890,ACTIVE,CURRENT,880218.69,2026-02-27,880218.69,2026-02-27,880218.69,2026-02-28 23:59:59,880218.69,2026-02-28 23:59:59,BNK-0B9561810461,GL-97C3DDF11C66 UPI transfer,,RECEIPT,2026-02-28,0.00,3483.87,880218.69,23:59:59,2026-02-28
Demo Company Pvt Ltd,1234567890,Demo Bank Ltd,INR,Coimbatore,DEMOINCCXXX,IN00DEMO1234567890,ACTIVE,CURRENT,865110.26,2026-02-27,865110.26,2026-02-27,865110.26,2026-02-28 23:59:59,865110.26,2026-02-28 23:59:59,BNK-B543367D3A27,GL-C440EB992D2C NEFT transfer DATE_POSTING_ERROR,CUST-A581719C,PAYMENT,2026-02-28,0.00,15108.43,865110.26,23:59:59,2026-02-28
Demo Company Pvt Ltd,1234567890,Demo Bank Ltd,INR,Coimbatore,DEMOINCCXXX,IN00DEMO1234567890,ACTIVE,CURRENT,871354.77,2026-02-27,871354.77,2026-02-27,871354.77,2026-02-28 23:59:59,871354.77,2026-02-28 23:59:59,BNK-4679D86B0C7E,GL-B650310FF676 UPI transfer,CUST-C3635312,RECEIPT,2026-02-28,6244.51,0.00,871354.77,23:59:59,2026-02-28
Demo Company Pvt Ltd,1234567890,Demo Bank Ltd,INR,Coimbatore,DEMOINCCXXX,IN00DEMO1234567890,ACTIVE,CURRENT,867782.02,2026-02-27,867782.02,2026-02-27,867782.02,2026-02-28 23:59:59,867782.02,2026-02-28 23:59:59,BNK-CFC9DACAC08E,GL-2370E4073B2D Vendor payout,CUST-FEEA5B01,CHARGEBACK,2026-02-28,0.00,3572.75,867782.02,23:59:59,2026-02-28
Demo Company Pvt Ltd,1234567890,Demo Bank Ltd,INR,Coimbatore,DEMOINCCXXX,IN00DEMO1234567890,ACTIVE,CURRENT,857117.11,2026-02-27,857117.11,2026-02-27,857117.11,2026-02-28 23:59:59,857117.11,2026-02-28 23:59:59,BNK-67260934C194,GL-F7B3034B957D NEFT transfer,CUST-354C9888,RECEIPT,2026-02-28,0.00,10664.91,857117.11,23:59:59,2026-02-28
Demo Company Pvt Ltd,1234567890,Demo Bank Ltd,INR,Coimbatore,DEMOINCCXXX,IN00DEMO1234567890,ACTIVE,CURRENT,860157.48,2026-02-27,860157.48,2026-02-27,860157.48,2026-02-28 23:59:59,860157.48,2026-02-28 23:59:59,,GL-0FBB163BFF9C Customer collection REFERENCE_DROP,,TRANSFER,2026-02-28,3040.37,0.00,860157.48,23:59:59,2026-02-28
Demo Company Pvt Ltd,1234567890,Demo Bank Ltd,INR,Coimbatore,DEMOINCCXXX,IN00DEMO1234567890,ACTIVE,CURRENT,887088.16,2026-02-27,887088.16,2026-02-27,887088.16,2026-02-28 23:59:59,887088.16,2026-02-28 23:59:59,BNK-50BF2A4EE713,GL-BE81A0E61866 Vendor payout,CUST-BCC902D3,RECEIPT,2026-02-28,26930.68,0.00,887088.16,23:59:59,2026-02-28
Demo Company Pvt Ltd,1234567890,Demo Bank Ltd,INR,Coimbatore,DEMOINCCXXX,IN00DEMO1234567890,ACTIVE,CURRENT,885789.69,2026-02-27,885789.69,2026-02-27,885789.69,2026-02-28 23:59:59,885789.69,2026-02-28 23:59:59,BNK-668A552983C9,GL-1B0357CD8760 NEFT transfer BANK,CUST-12AE694F,RECEIPT,2026-02-28,0.00,1298.47,885789.69,23:59:59,2026-02-28
Demo Company Pvt Ltd,1234567890,Demo Bank Ltd,INR,Coimbatore,DEMOINCCXXX,IN00DEMO1234567890,ACTIVE,CURRENT,894267.17,2026-02-27,894267.17,2026-02-27,894267.17,2026-02-28 23:59:59,894267.17,2026-02-28 23:59:59,BNK-1E6D47CF9D0E,GL-A59306F6FB33 Customer collection,CUST-03E92D60,TRANSFER,2026-02-28,8477.48,0.00,894267.17,23:59:59,2026-02-28
Demo Company Pvt Ltd,1234567890,Demo Bank Ltd,INR,Coimbatore,DEMOINCCXXX,IN00DEMO1234567890,ACTIVE,CURRENT,912855.84,2026-02-27,912855.84,2026-02-27,912855.84,2026-02-28 23:59:59,912855.84,2026-02-28 23:59:59,BNK-B20C62962623,GL-53B3B60E94F5 NEFT transfer,CUST-4F3761F7,CHARGEBACK,2026-02-28,18588.67,0.00,912855.84,23:59:59,2026-02-28
Demo Company Pvt Ltd,1234567890,Demo Bank Ltd,INR,Coimbatore,DEMOINCCXXX,IN00DEMO1234567890,ACTIVE,CURRENT,927712.51,2026-02-27,927712.51,2026-02-27,927712.51,2026-02-28 23:59:59,927712.51,2026-02-28 23:59:59,BNK-501F94BED006,GL-C61EEECF844B Vendor payout BANK,CUST-F3C1B405,TRANSFER,2026-02-28,14856.67,0.00,927712.51,23:59:59,2026-02-28
Demo Company Pvt Ltd,1234567890,Demo Bank Ltd,INR,Coimbatore,DEMOINCCXXX,IN00DEMO1234567890,ACTIVE,CURRENT,905138.02,2026-02-27,905138.02,2026-02-27,905138.02,2026-02-28 23:59:59,905138.02,2026-02-28 23:59:59,BNK-B8BE8FD4EF56,GL-0FE9BDBF2497 Vendor payout BANK,CUST-F005D72E,RECEIPT,2026-02-28,0.00,22574.49,905138.02,23:59:59,2026-02-28
Demo Company Pvt Ltd,1234567890,Demo Bank Ltd,INR,Coimbatore,DEMOINCCXXX,IN00DEMO1234567890,ACTIVE,CURRENT,887129.92,2026-02-27,887129.92,2026-02-27,887129.92,2026-02-28 23:59:59,887129.92,2026-02-28 23:59:59,BNK-4BAA5D6B2DA6,GL-BC2C52636D33 NEFT transfer,CUST-BD0B7F07,PAYMENT,2026-02-28,0.00,18008.10,887129.92,23:59:59,2026-02-28
Demo Company Pvt Ltd,1234567890,Demo Bank Ltd,INR,Coimbatore,DEMOINCCXXX,IN00DEMO1234567890,ACTIVE,CURRENT,859406.92,2026-02-27,859406.92,2026-02-27,859406.92,2026-02-28 23:59:59,859406.92,2026-02-28 23:59:59,BNK-DF08B617E67F,GL-E352E8E00EF5 UPI transfer,CUST-15C6E516,PAYMENT,2026-02-28,0.00,27723.00,859406.92,23:59:59,2026-02-28
Demo Company Pvt Ltd,1234567890,Demo Bank Ltd,INR,Coimbatore,DEMOINCCXXX,IN00DEMO1234567890,ACTIVE,CURRENT,838194.32,2026-02-27,838194.32,2026-02-27,838194.32,2026-02-28 23:59:59,838194.32,2026-02-28 23:59:59,BNK-794A8CD980C5,GL-28A60EB760BF Invoice settlement,CUST-1A170656,CHARGEBACK,2026-02-28,0.00,21212.60,838194.32,23:59:59,2026-02-28
Demo Company Pvt Ltd,1234567890,Demo Bank Ltd,INR,Coimbatore,DEMOINCCXXX,IN00DEMO1234567890,ACTIVE,CURRENT,857972.69,2026-02-27,857972.69,2026-02-27,857972.69,2026-02-28 23:59:59,857972.69,2026-02-28 23:59:59,BNK-730633CBDD65,GL-35C47905F387 Vendor payout BANK,CUST-FBB25D08,PAYMENT,2026-02-28,19778.37,0.00,857972.69,23:59:59,2026-02-28
Demo Company Pvt Ltd,1234567890,Demo Bank Ltd,INR,Coimbatore,DEMOINCCXXX,IN00DEMO1234567890,ACTIVE,CURRENT,870574.85,2026-02-27,870574.85,2026-02-27,870574.85,2026-02-28 23:59:59,870574.85,2026-02-28 23:59:59,BNK-6776F2CD4428,GL-B92FC2DE3F19 Invoice settlement BANK,CUST-CB386EF1,RECEIPT,2026-02-28,12602.16,0.00,870574.85,23:59:59,2026-02-28
Demo Company Pvt Ltd,1234567890,Demo Bank Ltd,INR,Coimbatore,DEMOINCCXXX,IN00DEMO1234567890,ACTIVE,CURRENT,851735.64,2026-02-27,851735.64,2026-02-27,851735.64,2026-02-28 23:59:59,851735.64,2026-02-28 23:59:59,BNK-DD7BA6BBB80E,GL-0125DE4E8E9A Vendor payout BANK,CUST-807955AA,PAYMENT,2026-02-28,0.00,18839.21,851735.64,23:59:59,2026-02-28
Demo Company Pvt Ltd,1234567890,Demo Bank Ltd,INR,Coimbatore,DEMOINCCXXX,IN00DEMO1234567890,ACTIVE,CURRENT,840679.57,2026-02-27,840679.57,2026-02-27,840679.57,2026-02-28 23:59:59,840679.57,2026-02-28 23:59:59,BNK-8DBF7D604A20,GL-73A6989D5B7C Customer collection BANK,CUST-B64E0DC2,PAYMENT,2026-02-28,0.00,11056.07,840679.57,23:59:59,2026-02-28
Demo Company Pvt Ltd,1234567890,Demo Bank Ltd,INR,Coimbatore,DEMOINCCXXX,IN00DEMO1234567890,ACTIVE,CURRENT,847630.24,2026-02-27,847630.24,2026-02-27,847630.24,2026-02-28 23:59:59,847630.24,2026-02-28 23:59:59,BNK-1C8219399086,GL-84040E76DD61 Vendor payout BANK,CUST-3B5E80EC,TRANSFER,2026-02-28,6950.67,0.00,847630.24,23:59:59,2026-02-28
Demo Company Pvt Ltd,1234567890,Demo Bank Ltd,INR,Coimbatore,DEMOINCCXXX,IN00DEMO1234567890,ACTIVE,CURRENT,859849.43,2026-02-27,859849.43,2026-02-27,859849.43,2026-02-28 23:59:59,859849.43,2026-02-28 23:59:59,BNK-1C104C995D26,GL-0737B30AD936 NEFT transfer BANK AMOUNT_TYPO,CUST-653D80F8,TRANSFER,2026-02-28,12219.19,0.00,859849.43,23:59:59,2026-02-28
Demo Company Pvt Ltd,1234567890,Demo Bank Ltd,INR,Coimbatore,DEMOINCCXXX,IN00DEMO1234567890,ACTIVE,CURRENT,872068.62,2026-02-27,872068.62,2026-02-27,872068.62,2026-02-28 23:59:59,872068.62,2026-02-28 23:59:59,BNK-1C104C995D26-DUP,GL-0737B30AD936 NEFT transfer BANK AMOUNT_TYPO DUPLICATE_POSTING,CUST-653D80F8,TRANSFER,2026-02-28,12219.19,0.00,872068.62,23:59:59,2026-02-28
Demo Company Pvt Ltd,1234567890,Demo Bank Ltd,INR,Coimbatore,DEMOINCCXXX,IN00DEMO1234567890,ACTIVE,CURRENT,871567.15,2026-02-27,871567.15,2026-02-27,871567.15,2026-02-28 23:59:59,871567.15,2026-02-28 23:59:59,BNK-1E828D5A4442,GL-EF663331CB08 UPI transfer BANK,,RECEIPT,2026-02-28,0.00,501.47,871567.15,23:59:59,2026-02-28
Demo Company Pvt Ltd,1234567890,Demo Bank Ltd,INR,Coimbatore,DEMOINCCXXX,IN00DEMO1234567890,ACTIVE,CURRENT,899003.97,2026-02-27,899003.97,2026-02-27,899003.97,2026-02-28 23:59:59,899003.97,2026-02-28 23:59:59,BNK-138F6D53BF51,GL-04A6BBD99359 Customer collection BANK,CUST-63164C17,RECEIPT,2026-02-28,27436.82,0.00,899003.97,23:59:59,2026-02-28
Demo Company Pvt Ltd,1234567890,Demo Bank Ltd,INR,Coimbatore,DEMOINCCXXX,IN00DEMO1234567890,ACTIVE,CURRENT,913657.45,2026-02-27,913657.45,2026-02-27,913657.45,2026-02-28 23:59:59,913657.45,2026-02-28 23:59:59,,GL-0DC5B66D8CED Customer collection REFERENCE_DROP,,PAYMENT,2026-02-28,14653.48,0.00,913657.45,23:59:59,2026-02-28
Demo Company Pvt Ltd,1234567890,Demo Bank Ltd,INR,Coimbatore,DEMOINCCXXX,IN00DEMO1234567890,ACTIVE,CURRENT,937161.48,2026-02-27,937161.48,2026-02-27,937161.48,2026-02-28 23:59:59,937161.48,2026-02-28 23:59:59,BNK-F1FCB11612D2,GL-3FEEA81C9476 Vendor payout BANK AMOUNT_TYPO,CUST-82E568C0,RECEIPT,2026-02-28,23504.03,0.00,937161.48,23:59:59,2026-02-28
Demo Company Pvt Ltd,1234567890,Demo Bank Ltd,INR,Coimbatore,DEMOINCCXXX,IN00DEMO1234567890,ACTIVE,CURRENT,927321.97,2026-02-27,927321.97,2026-02-27,927321.97,2026-02-28 23:59:59,927321.97,2026-02-28 23:59:59,BNK-3018194F9D65,GL-64CDD931E61D UPI transfer BANK,CUST-37BD3E64,PAYMENT,2026-02-28,0.00,9839.51,927321.97,23:59:59,2026-02-28
Demo Company Pvt Ltd,1234567890,Demo Bank Ltd,INR,Coimbatore,DEMOINCCXXX,IN00DEMO1234567890,ACTIVE,CURRENT,905423.72,2026-02-27,905423.72,2026-02-27,905423.72,2026-02-28 23:59:59,905423.72,2026-02-28 23:59:59,BNK-9765AC5BAA83,GL-49D118CEAFFD NEFT transfer BANK,,TRANSFER,2026-02-28,0.00,21898.25,905423.72,23:59:59,2026-02-28
Demo Company Pvt Ltd,1234567890,Demo Bank Ltd,INR,Coimbatore,DEMOINCCXXX,IN00DEMO1234567890,ACTIVE,CURRENT,922477.06,2026-02-27,922477.06,2026-02-27,922477.06,2026-02-28 23:59:59,922477.06,2026-02-28 23:59:59,BNK-0C27D97A63FC,GL-A709E30A8543 UPI transfer BANK POLARITY_REVERSAL,CUST-4C95C92D,TRANSFER,2026-02-28,17053.34,0.00,922477.06,23:59:59,2026-02-28
Demo Company Pvt Ltd,1234567890,Demo Bank Ltd,INR,Coimbatore,DEMOINCCXXX,IN00DEMO1234567890,ACTIVE,CURRENT,923712.02,2026-02-27,923712.02,2026-02-27,923712.02,2026-02-28 23:59:59,923712.02,2026-02-28 23:59:59,BNK-EDD367439F82,GL-C052A9ADD60E Vendor payout,,TRANSFER,2026-02-28,1234.96,0.00,923712.02,23:59:59,2026-02-28
Demo Company Pvt Ltd,1234567890,Demo Bank Ltd,INR,Coimbatore,DEMOINCCXXX,IN00DEMO1234567890,ACTIVE,CURRENT,900387.69,2026-02-27,900387.69,2026-02-27,900387.69,2026-02-28 23:59:59,900387.69,2026-02-28 23:59:59,BNK-17AD2E25D622,GL-E21EB1754E05 UPI transfer BANK,,TRANSFER,2026-02-28,0.00,23324.33,900387.69,23:59:59,2026-02-28
Demo Company Pvt Ltd,1234567890,Demo Bank Ltd,INR,Coimbatore,DEMOINCCXXX,IN00DEMO1234567890,ACTIVE,CURRENT,874766.50,2026-02-27,874766.50,2026-02-27,874766.50,2026-02-28 23:59:59,874766.50,2026-02-28 23:59:59,BNK-4965CBFA0A75,GL-8B46DC3818E7 Customer collection,CUST-7D2F16CA,CHARGEBACK,2026-02-28,0.00,25621.19,874766.50,23:59:59,2026-02-28
Demo Company Pvt Ltd,1234567890,Demo Bank Ltd,INR,Coimbatore,DEMOINCCXXX,IN00DEMO1234567890,ACTIVE,CURRENT,892206.85,2026-02-27,892206.85,2026-02-27,892206.85,2026-02-28 23:59:59,892206.85,2026-02-28 23:59:59,BNK-B61A7C7A3E27,GL-0D630969B5AF UPI transfer BANK,CUST-753754D0,TRANSFER,2026-02-28,17440.35,0.00,892206.85,23:59:59,2026-02-28
Demo Company Pvt Ltd,1234567890,Demo Bank Ltd,INR,Coimbatore,DEMOINCCXXX,IN00DEMO1234567890,ACTIVE,CURRENT,879845.85,2026-02-27,879845.85,2026-02-27,879845.85,2026-02-28 23:59:59,879845.85,2026-02-28 23:59:59,BNK-F9E09E36FD35,GL-A58D3342EF3C Vendor payout BANK,CUST-2BA6C961,PAYMENT,2026-02-28,0.00,12361.00,879845.85,23:59:59,2026-02-28
Demo Company Pvt Ltd,1234567890,Demo Bank Ltd,INR,Coimbatore,DEMOINCCXXX,IN00DEMO1234567890,ACTIVE,CURRENT,878864.79,2026-02-27,878864.79,2026-02-27,878864.79,2026-02-28 23:59:59,878864.79,2026-02-28 23:59:59,BNK-FE3E3E855B89,GL-4221A6145B28 UPI transfer BANK,,CHARGEBACK,2026-02-28,0.00,981.06,878864.79,23:59:59,2026-02-28
Demo Company Pvt Ltd,1234567890,Demo Bank Ltd,INR,Coimbatore,DEMOINCCXXX,IN00DEMO1234567890,ACTIVE,CURRENT,866490.86,2026-02-27,866490.86,2026-02-27,866490.86,2026-02-28 23:59:59,866490.86,2026-02-28 23:59:59,BNK-C889F321E450,GL-C77778F03C59 UPI transfer,,CHARGEBACK,2026-02-28,0.00,12373.93,866490.86,23:59:59,2026-02-28
Demo Company Pvt Ltd,1234567890,Demo Bank Ltd,INR,Coimbatore,DEMOINCCXXX,IN00DEMO1234567890,ACTIVE,CURRENT,866685.04,2026-02-27,866685.04,2026-02-27,866685.04,2026-02-28 23:59:59,866685.04,2026-02-28 23:59:59,BNK-B8EE4D0CE7AA,GL-F352F3EFE158 NEFT transfer,,TRANSFER,2026-02-28,194.18,0.00,866685.04,23:59:59,2026-02-28
Demo Company Pvt Ltd,1234567890,Demo Bank Ltd,INR,Coimbatore,DEMOINCCXXX,IN00DEMO1234567890,ACTIVE,CURRENT,872311.43,2026-02-27,872311.43,2026-02-27,872311.43,2026-02-28 23:59:59,872311.43,2026-02-28 23:59:59,BNK-B1AEB3535A39,GL-A11E4D1A2348 NEFT transfer,,TRANSFER,2026-02-28,5626.39,0.00,872311.43,23:59:59,2026-02-28
Demo Company Pvt Ltd,1234567890,Demo Bank Ltd,INR,Coimbatore,DEMOINCCXXX,IN00DEMO1234567890,ACTIVE,CURRENT,853254.07,2026-02-27,853254.07,2026-02-27,853254.07,2026-02-28 23:59:59,853254.07,2026-02-28 23:59:59,,GL-D3504BEEDA90 UPI transfer BANK REFERENCE_DROP,,PAYMENT,2026-02-28,0.00,19057.36,853254.07,23:59:59,2026-02-28
Demo Company Pvt Ltd,1234567890,Demo Bank Ltd,INR,Coimbatore,DEMOINCCXXX,IN00DEMO1234567890,ACTIVE,CURRENT,840378.86,2026-02-27,840378.86,2026-02-27,840378.86,2026-02-28 23:59:59,840378.86,2026-02-28 23:59:59,BNK-1251E83106F9,GL-655603B02A9B NEFT transfer BANK,,RECEIPT,2026-02-28,0.00,12875.21,840378.86,23:59:59,2026-02-28
Demo Company Pvt Ltd,1234567890,Demo Bank Ltd,INR,Coimbatore,DEMOINCCXXX,IN00DEMO1234567890,ACTIVE,CURRENT,850109.86,2026-02-27,850109.86,2026-02-27,850109.86,2026-02-28 23:59:59,850109.86,2026-02-28 23:59:59,BNK-5FFD55BAB457,GL-627148510AAC NEFT transfer BANK,CUST-84697CB1,TRANSFER,2026-02-28,9731.00,0.00,850109.86,23:59:59,2026-02-28
Demo Company Pvt Ltd,1234567890,Demo Bank Ltd,INR,Coimbatore,DEMOINCCXXX,IN00DEMO1234567890,ACTIVE,CURRENT,837374.04,2026-02-27,837374.04,2026-02-27,837374.04,2026-02-28 23:59:59,837374.04,2026-02-28 23:59:59,BNK-EDDF44E13A58,GL-C8A9486532C6 NEFT transfer BANK,,TRANSFER,2026-02-28,0.00,12735.82,837374.04,23:59:59,2026-02-28
Demo Company Pvt Ltd,1234567890,Demo Bank Ltd,INR,Coimbatore,DEMOINCCXXX,IN00DEMO1234567890,ACTIVE,CURRENT,826763.92,2026-02-27,826763.92,2026-02-27,826763.92,2026-02-28 23:59:59,826763.92,2026-02-28 23:59:59,BNK-2F8536D51A2E,GL-B48D262DD75C Vendor payout,CUST-B6F2258F,CHARGEBACK,2026-02-28,0.00,10610.12,826763.92,23:59:59,2026-02-28
Demo Company Pvt Ltd,1234567890,Demo Bank Ltd,INR,Coimbatore,DEMOINCCXXX,IN00DEMO1234567890,ACTIVE,CURRENT,822444.45,2026-02-27,822444.45,2026-02-27,822444.45,2026-02-28 23:59:59,822444.45,2026-02-28 23:59:59,BNK-7237BB32ADEA,GL-13373A287C73 Customer collection,CUST-6DE1D042,TRANSFER,2026-02-28,0.00,4319.47,822444.45,23:59:59,2026-02-28
Demo Company Pvt Ltd,1234567890,Demo Bank Ltd,INR,Coimbatore,DEMOINCCXXX,IN00DEMO1234567890,ACTIVE,CURRENT,836724.43,2026-02-27,836724.43,2026-02-27,836724.43,2026-02-28 23:59:59,836724.43,2026-02-28 23:59:59,BNK-5048A0B3B863,GL-20ADCD2F57B8 NEFT transfer AMOUNT_TYPO,CUST-B52A71B6,TRANSFER,2026-02-28,14279.98,0.00,836724.43,23:59:59,2026-02-28
Demo Company Pvt Ltd,1234567890,Demo Bank Ltd,INR,Coimbatore,DEMOINCCXXX,IN00DEMO1234567890,ACTIVE,CURRENT,849212.26,2026-02-27,849212.26,2026-02-27,849212.26,2026-02-28 23:59:59,849212.26,2026-02-28 23:59:59,BNK-C1283F34E06A,GL-9C22C1910EBD NEFT transfer,CUST-B80B2819,TRANSFER,2026-02-28,12487.83,0.00,849212.26,23:59:59,2026-02-28
Demo Company Pvt Ltd,1234567890,Demo Bank Ltd,INR,Coimbatore,DEMOINCCXXX,IN00DEMO1234567890,ACTIVE,CURRENT,876850.88,2026-02-27,876850.88,2026-02-27,876850.88,2026-02-28 23:59:59,876850.88,2026-02-28 23:59:59,BNK-03104CDF8706,GL-C498F1AAFED0 Vendor payout BANK,CUST-C1389DAF,CHARGEBACK,2026-02-28,27638.62,0.00,876850.88,23:59:59,2026-02-28
Demo Company Pvt Ltd,1234567890,Demo Bank Ltd,INR,Coimbatore,DEMOINCCXXX,IN00DEMO1234567890,ACTIVE,CURRENT,900064.69,2026-02-27,900064.69,2026-02-27,900064.69,2026-02-28 23:59:59,900064.69,2026-02-28 23:59:59,BNK-F944B1B615B0,GL-F0306279222A NEFT transfer BANK,CUST-D6D60E51,RECEIPT,2026-02-28,23213.81,0.00,900064.69,23:59:59,2026-02-28
Demo Company Pvt Ltd,1234567890,Demo Bank Ltd,INR,Coimbatore,DEMOINCCXXX,IN00DEMO1234567890,ACTIVE,CURRENT,886098.53,2026-02-27,886098.53,2026-02-27,886098.53,2026-02-28 23:59:59,886098.53,2026-02-28 23:59:59,,GL-29A10B37E410 UPI transfer BANK REFERENCE_DROP,,TRANSFER,2026-02-28,0.00,13966.16,886098.53,23:59:59,2026-02-28
Demo Company Pvt Ltd,1234567890,Demo Bank Ltd,INR,Coimbatore,DEMOINCCXXX,IN00DEMO1234567890,ACTIVE,CURRENT,898680.46,2026-02-27,898680.46,2026-02-27,898680.46,2026-02-28 23:59:59,898680.46,2026-02-28 23:59:59,BNK-93E6017AA4FD,GL-1A725030C8A8 Invoice settlement BANK,CUST-F4EEBB1E,TRANSFER,2026-02-28,12581.93,0.00,898680.46,23:59:59,2026-02-28
Demo Company Pvt Ltd,1234567890,Demo Bank Ltd,INR,Coimbatore,DEMOINCCXXX,IN00DEMO1234567890,ACTIVE,CURRENT,893488.68,2026-02-27,893488.68,2026-02-27,893488.68,2026-02-28 23:59:59,893488.68,2026-02-28 23:59:59,BNK-D112315E2B19,GL-29C777FD4245 Vendor payout,,PAYMENT,2026-02-28,0.00,5191.78,893488.68,23:59:59,2026-02-28
Demo Company Pvt Ltd,1234567890,Demo Bank Ltd,INR,Coimbatore,DEMOINCCXXX,IN00DEMO1234567890,ACTIVE,CURRENT,875735.11,2026-02-27,875735.11,2026-02-27,875735.11,2026-02-28 23:59:59,875735.11,2026-02-28 23:59:59,BNK-7E62678F93B0,GL-972C9FFB0E78 UPI transfer BANK,,TRANSFER,2026-02-28,0.00,17753.57,875735.11,23:59:59,2026-02-28
Demo Company Pvt Ltd,1234567890,Demo Bank Ltd,INR,Coimbatore,DEMOINCCXXX,IN00DEMO1234567890,ACTIVE,CURRENT,867266.20,2026-02-27,867266.20,2026-02-27,867266.20,2026-02-28 23:59:59,867266.20,2026-02-28 23:59:59,BNK-49C266880D85,GL-99923869407A Vendor payout,CUST-B83E1CF7,CHARGEBACK,2026-02-28,0.00,8468.91,867266.20,23:59:59,2026-02-28
Demo Company Pvt Ltd,1234567890,Demo Bank Ltd,INR,Coimbatore,DEMOINCCXXX,IN00DEMO1234567890,ACTIVE,CURRENT,855042.17,2026-02-27,855042.17,2026-02-27,855042.17,2026-02-28 23:59:59,855042.17,2026-02-28 23:59:59,BNK-785AC0D532AD,GL-61CA85CA64F4 UPI transfer,CUST-7F37FF05,PAYMENT,2026-02-28,0.00,12224.03,855042.17,23:59:59,2026-02-28
Demo Company Pvt Ltd,1234567890,Demo Bank Ltd,INR,Coimbatore,DEMOINCCXXX,IN00DEMO1234567890,ACTIVE,CURRENT,879316.47,2026-02-27,879316.47,2026-02-27,879316.47,2026-02-28 23:59:59,879316.47,2026-02-28 23:59:59,BNK-A2219DCCCEFB,GL-E4B255EA702D UPI transfer,CUST-38CB89EF,PAYMENT,2026-02-28,24274.30,0.00,879316.47,23:59:59,2026-02-28
Demo Company Pvt Ltd,1234567890,Demo Bank Ltd,INR,Coimbatore,DEMOINCCXXX,IN00DEMO1234567890,ACTIVE,CURRENT,876785.97,2026-02-27,876785.97,2026-02-27,876785.97,2026-02-28 23:59:59,876785.97,2026-02-28 23:59:59,BNK-52DC0C40E369,GL-1DD295B725F9 UPI transfer BANK,CUST-B7874F2D,TRANSFER,2026-02-28,0.00,2530.50,876785.97,23:59:59,2026-02-28
Demo Company Pvt Ltd,1234567890,Demo Bank Ltd,INR,Coimbatore,DEMOINCCXXX,IN00DEMO1234567890,ACTIVE,CURRENT,895149.42,2026-02-27,895149.42,2026-02-27,895149.42,2026-02-28 23:59:59,895149.42,2026-02-28 23:59:59,BNK-0ED0678CD46C,GL-09715A48FF68 Vendor payout BANK,CUST-B3661C53,RECEIPT,2026-02-28,18363.45,0.00,895149.42,23:59:59,2026-02-28
Demo Company Pvt Ltd,1234567890,Demo Bank Ltd,INR,Coimbatore,DEMOINCCXXX,IN00DEMO1234567890,ACTIVE,CURRENT,894389.45,2026-02-27,894389.45,2026-02-27,894389.45,2026-02-28 23:59:59,894389.45,2026-02-28 23:59:59,BNK-53B505874078,GL-C007FC743EBB NEFT transfer BANK,CUST-B000395E,CHARGEBACK,2026-02-28,0.00,759.97,894389.45,23:59:59,2026-02-28
Demo Company Pvt Ltd,1234567890,Demo Bank Ltd,INR,Coimbatore,DEMOINCCXXX,IN00DEMO1234567890,ACTIVE,CURRENT,902036.69,2026-02-27,902036.69,2026-02-27,902036.69,2026-02-28 23:59:59,902036.69,2026-02-28 23:59:59,BNK-4338EDC9119F,GL-E03BF82C1DFD Customer collection BANK,CUST-5CCB1CB7,TRANSFER,2026-02-28,7647.24,0.00,902036.69,23:59:59,2026-02-28
Demo Company Pvt Ltd,1234567890,Demo Bank Ltd,INR,Coimbatore,DEMOINCCXXX,IN00DEMO1234567890,ACTIVE,CURRENT,910904.58,2026-02-27,910904.58,2026-02-27,910904.58,2026-02-28 23:59:59,910904.58,2026-02-28 23:59:59,BNK-423513313C4C,GL-0F78FBD8B4D0 Invoice settlement BANK,CUST-D24093C5,RECEIPT,2026-02-28,8867.89,0.00,910904.58,23:59:59,2026-02-28
Demo Company Pvt Ltd,1234567890,Demo Bank Ltd,INR,Coimbatore,DEMOINCCXXX,IN00DEMO1234567890,ACTIVE,CURRENT,904541.07,2026-02-27,904541.07,2026-02-27,904541.07,2026-02-28 23:59:59,904541.07,2026-02-28 23:59:59,BNK-E980EAAC73D6,GL-23AD1AF9BA45 Invoice settlement BANK,CUST-7813279E,PAYMENT,2026-02-28,0.00,6363.51,904541.07,23:59:59,2026-02-28
Demo Company Pvt Ltd,1234567890,Demo Bank Ltd,INR,Coimbatore,DEMOINCCXXX,IN00DEMO1234567890,ACTIVE,CURRENT,926254.74,2026-02-27,926254.74,2026-02-27,926254.74,2026-02-28 23:59:59,926254.74,2026-02-28 23:59:59,BNK-6C35AEB35424,GL-CE3A19361C2D Vendor payout BANK,CUST-44DD934E,PAYMENT,2026-02-28,21713.67,0.00,926254.74,23:59:59,2026-02-28
Demo Company Pvt Ltd,1234567890,Demo Bank Ltd,INR,Coimbatore,DEMOINCCXXX,IN00DEMO1234567890,ACTIVE,CURRENT,928694.83,2026-02-27,928694.83,2026-02-27,928694.83,2026-02-28 23:59:59,928694.83,2026-02-28 23:59:59,BNK-F27248BA7F23,GL-C20E0214C07C UPI transfer DATE_POSTING_ERROR,CUST-BB36FD57,CHARGEBACK,2026-02-28,2440.09,0.00,928694.83,23:59:59,2026-02-28
Demo Company Pvt Ltd,1234567890,Demo Bank Ltd,INR,Coimbatore,DEMOINCCXXX,IN00DEMO1234567890,ACTIVE,CURRENT,911354.81,2026-02-27,911354.81,2026-02-27,911354.81,2026-02-28 23:59:59,911354.81,2026-02-28 23:59:59,BNK-C9BD48F7D9F6,GL-7024E204A096 Customer collection BANK,CUST-6CBD1941,RECEIPT,2026-02-28,0.00,17340.02,911354.81,23:59:59,2026-02-28
Demo Company Pvt Ltd,1234567890,Demo Bank Ltd,INR,Coimbatore,DEMOINCCXXX,IN00DEMO1234567890,ACTIVE,CURRENT,937222.04,2026-02-27,937222.04,2026-02-27,937222.04,2026-02-28 23:59:59,937222.04,2026-02-28 23:59:59,BNK-DE83A2C2CBF7,GL-89B28E83DE71 UPI transfer BANK,CUST-6FC1D9CF,RECEIPT,2026-02-28,25867.23,0.00,937222.04,23:59:59,2026-02-28
Demo Company Pvt Ltd,1234567890,Demo Bank Ltd,INR,Coimbatore,DEMOINCCXXX,IN00DEMO1234567890,ACTIVE,CURRENT,952749.58,2026-02-27,952749.58,2026-02-27,952749.58,2026-02-28 23:59:59,952749.58,2026-02-28 23:59:59,BNK-A6E71C13F081,GL-822B53566D68 Customer collection BANK,CUST-A0A22C9E,CHARGEBACK,2026-02-28,15527.54,0.00,952749.58,23:59:59,2026-02-28
Demo Company Pvt Ltd,1234567890,Demo Bank Ltd,INR,Coimbatore,DEMOINCCXXX,IN00DEMO1234567890,ACTIVE,CURRENT,975751.81,2026-02-27,975751.81,2026-02-27,975751.81,2026-02-28 23:59:59,975751.81,2026-02-28 23:59:59,BNK-8F8AB0867668,GL-7BC45F345435 UPI transfer,CUST-091A772F,TRANSFER,2026-02-28,23002.23,0.00,975751.81,23:59:59,2026-02-28
Demo Company Pvt Ltd,1234567890,Demo Bank Ltd,INR,Coimbatore,DEMOINCCXXX,IN00DEMO1234567890,ACTIVE,CURRENT,964571.17,2026-02-27,964571.17,2026-02-27,964571.17,2026-02-28 23:59:59,964571.17,2026-02-28 23:59:59,BNK-3A996B20E114,GL-9154533058E0 UPI transfer BANK,CUST-9E1BF912,PAYMENT,2026-02-28,0.00,11180.64,964571.17,23:59:59,2026-02-28
Demo Company Pvt Ltd,1234567890,Demo Bank Ltd,INR,Coimbatore,DEMOINCCXXX,IN00DEMO1234567890,ACTIVE,CURRENT,964665.27,2026-02-27,964665.27,2026-02-27,964665.27,2026-02-28 23:59:59,964665.27,2026-02-28 23:59:59,,Sweep Interest REFERENCE_DROP,,BANK_ONLY,2026-02-28,94.10,0.00,964665.27,23:59:59,2026-02-28
Demo Company Pvt Ltd,1234567890,Demo Bank Ltd,INR,Coimbatore,DEMOINCCXXX,IN00DEMO1234567890,ACTIVE,CURRENT,964551.05,2026-02-27,964551.05,2026-02-27,964551.05,2026-02-28 23:59:59,964551.05,2026-02-28 23:59:59,BNK-9CD29F9389A8,Monthly Account Fee,,BANK_ONLY,2026-02-28,0.00,114.22,964551.05,23:59:59,2026-02-28
Demo Company Pvt Ltd,1234567890,Demo Bank Ltd,INR,Coimbatore,DEMOINCCXXX,IN00DEMO1234567890,ACTIVE,CURRENT,964704.85,2026-02-27,964704.85,2026-02-27,964704.85,2026-02-28 23:59:59,964704.85,2026-02-28 23:59:59,BNK-742E103CF341,Sweep Interest,,BANK_ONLY,2026-02-28,153.80,0.00,964704.85,23:59:59,2026-02-28
Demo Company Pvt Ltd,1234567890,Demo Bank Ltd,INR,Coimbatore,DEMOINCCXXX,IN00DEMO1234567890,ACTIVE,CURRENT,964682.20,2026-02-27,964682.20,2026-02-27,964682.20,2026-02-28 23:59:59,964682.20,2026-02-28 23:59:59,BNK-55F08DD1BD8A,Card Network Charge,,BANK_ONLY,2026-02-28,0.00,22.65,964682.20,23:59:59,2026-02-28
Demo Company Pvt Ltd,1234567890,Demo Bank Ltd,INR,Coimbatore,DEMOINCCXXX,IN00DEMO1234567890,ACTIVE,CURRENT,964530.30,2026-02-27,964530.30,2026-02-27,964530.30,2026-02-28 23:59:59,964530.30,2026-02-28 23:59:59,BNK-795F45FFD3DC,Card Network Charge,,BANK_ONLY,2026-02-28,0.00,151.90,964530.30,23:59:59,2026-02-28
Demo Company Pvt Ltd,1234567890,Demo Bank Ltd,INR,Coimbatore,DEMOINCCXXX,IN00DEMO1234567890,ACTIVE,CURRENT,964766.81,2026-02-27,964766.81,2026-02-27,964766.81,2026-02-28 23:59:59,964766.81,2026-02-28 23:59:59,BNK-C0E16C1B9A77,Sweep Interest,,BANK_ONLY,2026-02-28,236.51,0.00,964766.81,23:59:59,2026-02-28
Demo Company Pvt Ltd,1234567890,Demo Bank Ltd,INR,Coimbatore,DEMOINCCXXX,IN00DEMO1234567890,ACTIVE,CURRENT,964479.32,2026-02-27,964479.32,2026-02-27,964479.32,2026-02-28 23:59:59,964479.32,2026-02-28 23:59:59,BNK-7F0AB88B190A,Monthly Account Fee,,BANK_ONLY,2026-02-28,0.00,287.49,964479.32,23:59:59,2026-02-28
Demo Company Pvt Ltd,1234567890,Demo Bank Ltd,INR,Coimbatore,DEMOINCCXXX,IN00DEMO1234567890,ACTIVE,CURRENT,964338.53,2026-02-27,964338.53,2026-02-27,964338.53,2026-02-28 23:59:59,964338.53,2026-02-28 23:59:59,BNK-E96E1780EF47,Overdraft Charge,,BANK_ONLY,2026-02-28,0.00,140.79,964338.53,23:59:59,2026-02-28
Demo Company Pvt Ltd,1234567890,Demo Bank Ltd,INR,Coimbatore,DEMOINCCXXX,IN00DEMO1234567890,ACTIVE,CURRENT,964013.34,2026-02-27,964013.34,2026-02-27,964013.34,2026-02-28 23:59:59,964013.34,2026-02-28 23:59:59,BNK-22B8DB0521AE,Overdraft Charge,,BANK_ONLY,2026-02-28,0.00,325.19,964013.34,23:59:59,2026-02-28
Demo Company Pvt Ltd,1234567890,Demo Bank Ltd,INR,Coimbatore,DEMOINCCXXX,IN00DEMO1234567890,ACTIVE,CURRENT,964296.97,2026-02-27,964296.97,2026-02-27,964296.97,2026-02-28 23:59:59,964296.97,2026-02-28 23:59:59,BNK-5EBA6EC60666,Overdraft Charge POLARITY_REVERSAL,,BANK_ONLY,2026-02-28,283.63,0.00,964296.97,23:59:59,2026-02-28
Demo Company Pvt Ltd,1234567890,Demo Bank Ltd,INR,Coimbatore,DEMOINCCXXX,IN00DEMO1234567890,ACTIVE,CURRENT,964032.21,2026-02-27,964032.21,2026-02-27,964032.21,2026-02-28 23:59:59,964032.21,2026-02-28 23:59:59,BNK-E84432093E75,Monthly Account Fee,,BANK_ONLY,2026-02-28,0.00,264.76,964032.21,23:59:59,2026-02-28
Demo Company Pvt Ltd,1234567890,Demo Bank Ltd,INR,Coimbatore,DEMOINCCXXX,IN00DEMO1234567890,ACTIVE,CURRENT,963908.79,2026-02-27,963908.79,2026-02-27,963908.79,2026-02-28 23:59:59,963908.79,2026-02-28 23:59:59,BNK-B3201C849368,Card Network Charge,,BANK_ONLY,2026-02-28,0.00,123.42,963908.79,23:59:59,2026-02-28
Demo Company Pvt Ltd,1234567890,Demo Bank Ltd,INR,Coimbatore,DEMOINCCXXX,IN00DEMO1234567890,ACTIVE,CURRENT,963940.05,2026-02-27,963940.05,2026-02-27,963940.05,2026-02-28 23:59:59,963940.05,2026-02-28 23:59:59,BNK-894CA32ED0F0,Sweep Interest,,BANK_ONLY,2026-02-28,31.26,0.00,963940.05,23:59:59,2026-02-28
Demo Company Pvt Ltd,1234567890,Demo Bank Ltd,INR,Coimbatore,DEMOINCCXXX,IN00DEMO1234567890,ACTIVE,CURRENT,963781.94,2026-02-27,963781.94,2026-02-27,963781.94,2026-02-28 23:59:59,963781.94,2026-02-28 23:59:59,BNK-8BA34BCBDC1D,Card Network Charge,,BANK_ONLY,2026-02-28,0.00,158.11,963781.94,23:59:59,2026-02-28
Demo Company Pvt Ltd,1234567890,Demo Bank Ltd,INR,Coimbatore,DEMOINCCXXX,IN00DEMO1234567890,ACTIVE,CURRENT,963491.98,2026-02-27,963491.98,2026-02-27,963491.98,2026-02-28 23:59:59,963491.98,2026-02-28 23:59:59,BNK-E88D9F58DEF2,Monthly Account Fee,,BANK_ONLY,2026-02-28,0.00,289.96,963491.98,23:59:59,2026-02-28
Demo Company Pvt Ltd,1234567890,Demo Bank Ltd,INR,Coimbatore,DEMOINCCXXX,IN00DEMO1234567890,ACTIVE,CURRENT,963161.69,2026-02-27,963161.69,2026-02-27,963161.69,2026-02-28 23:59:59,963161.69,2026-02-28 23:59:59,BNK-204FD7AE70C3,Monthly Account Fee,,BANK_ONLY,2026-02-28,0.00,330.29,963161.69,23:59:59,2026-02-28
Demo Company Pvt Ltd,1234567890,Demo Bank Ltd,INR,Coimbatore,DEMOINCCXXX,IN00DEMO1234567890,ACTIVE,CURRENT,963479.59,2026-02-27,963479.59,2026-02-27,963479.59,2026-02-28 23:59:59,963479.59,2026-02-28 23:59:59,BNK-AE1276A099CF,Sweep Interest,,BANK_ONLY,2026-02-28,317.90,0.00,963479.59,23:59:59,2026-02-28
Demo Company Pvt Ltd,1234567890,Demo Bank Ltd,INR,Coimbatore,DEMOINCCXXX,IN00DEMO1234567890,ACTIVE,CURRENT,963204.52,2026-02-27,963204.52,2026-02-27,963204.52,2026-02-28 23:59:59,963204.52,2026-02-28 23:59:59,BNK-06589BA03CCB,Monthly Account Fee,,BANK_ONLY,2026-02-28,0.00,275.07,963204.52,23:59:59,2026-02-28
Demo Company Pvt Ltd,1234567890,Demo Bank Ltd,INR,Coimbatore,DEMOINCCXXX,IN00DEMO1234567890,ACTIVE,CURRENT,962987.98,2026-02-27,962987.98,2026-02-27,962987.98,2026-02-28 23:59:59,962987.98,2026-02-28 23:59:59,BNK-2C247767726C,Monthly Account Fee,,BANK_ONLY,2026-02-28,0.00,216.54,962987.98,23:59:59,2026-02-28
Demo Company Pvt Ltd,1234567890,Demo Bank Ltd,INR,Coimbatore,DEMOINCCXXX,IN00DEMO1234567890,ACTIVE,CURRENT,963097.19,2026-02-27,963097.19,2026-02-27,963097.19,2026-02-28 23:59:59,963097.19,2026-02-28 23:59:59,BNK-653B61D48148,Sweep Interest,,BANK_ONLY,2026-02-28,109.21,0.00,963097.19,23:59:59,2026-02-28
Demo Company Pvt Ltd,1234567890,Demo Bank Ltd,INR,Coimbatore,DEMOINCCXXX,IN00DEMO1234567890,ACTIVE,CURRENT,963301.30,2026-02-27,963301.30,2026-02-27,963301.30,2026-02-28 23:59:59,963301.30,2026-02-28 23:59:59,BNK-530FED9FE318,Sweep Interest,,BANK_ONLY,2026-02-28,204.11,0.00,963301.30,23:59:59,2026-02-28
Demo Company Pvt Ltd,1234567890,Demo Bank Ltd,INR,Coimbatore,DEMOINCCXXX,IN00DEMO1234567890,ACTIVE,CURRENT,963531.63,2026-02-27,963531.63,2026-02-27,963531.63,2026-02-28 23:59:59,963531.63,2026-02-28 23:59:59,BNK-C24BF00527A0,Sweep Interest,,BANK_ONLY,2026-02-28,230.33,0.00,963531.63,23:59:59,2026-02-28
Demo Company Pvt Ltd,1234567890,Demo Bank Ltd,INR,Coimbatore,DEMOINCCXXX,IN00DEMO1234567890,ACTIVE,CURRENT,963230.60,2026-02-27,963230.60,2026-02-27,963230.60,2026-02-28 23:59:59,963230.60,2026-02-28 23:59:59,BNK-590C769E6826,Overdraft Charge,,BANK_ONLY,2026-02-28,0.00,301.03,963230.60,23:59:59,2026-02-28
Demo Company Pvt Ltd,1234567890,Demo Bank Ltd,INR,Coimbatore,DEMOINCCXXX,IN00DEMO1234567890,ACTIVE,CURRENT,962887.80,2026-02-27,962887.80,2026-02-27,962887.80,2026-02-28 23:59:59,962887.80,2026-02-28 23:59:59,BNK-DB662B255897,Monthly Account Fee,,BANK_ONLY,2026-02-28,0.00,342.80,962887.80,23:59:59,2026-02-28
Demo Company Pvt Ltd,1234567890,Demo Bank Ltd,INR,Coimbatore,DEMOINCCXXX,IN00DEMO1234567890,ACTIVE,CURRENT,963175.78,2026-02-27,963175.78,2026-02-27,963175.78,2026-02-28 23:59:59,963175.78,2026-02-28 23:59:59,BNK-7CFE758849AB,Sweep Interest,,BANK_ONLY,2026-02-28,287.98,0.00,963175.78,23:59:59,2026-02-28
Demo Company Pvt Ltd,1234567890,Demo Bank Ltd,INR,Coimbatore,DEMOINCCXXX,IN00DEMO1234567890,ACTIVE,CURRENT,962886.93,2026-02-27,962886.93,2026-02-27,962886.93,2026-02-28 23:59:59,962886.93,2026-02-28 23:59:59,BNK-A8FAAAC529BE,Card Network Charge,,BANK_ONLY,2026-02-28,0.00,288.85,962886.93,23:59:59,2026-02-28
Demo Company Pvt Ltd,1234567890,Demo Bank Ltd,INR,Coimbatore,DEMOINCCXXX,IN00DEMO1234567890,ACTIVE,CURRENT,963068.61,2026-02-27,963068.61,2026-02-27,963068.61,2026-02-28 23:59:59,963068.61,2026-02-28 23:59:59,BNK-3B92627DEDA6,Sweep Interest,,BANK_ONLY,2026-02-28,181.68,0.00,963068.61,23:59:59,2026-02-28
Demo Company Pvt Ltd,1234567890,Demo Bank Ltd,INR,Coimbatore,DEMOINCCXXX,IN00DEMO1234567890,ACTIVE,CURRENT,963162.81,2026-02-27,963162.81,2026-02-27,963162.81,2026-02-28 23:59:59,963162.81,2026-02-28 23:59:59,BNK-457E7F1EF485,Overdraft Charge POLARITY_REVERSAL,,BANK_ONLY,2026-02-28,94.20,0.00,963162.81,23:59:59,2026-02-28
Demo Company Pvt Ltd,1234567890,Demo Bank Ltd,INR,Coimbatore,DEMOINCCXXX,IN00DEMO1234567890,ACTIVE,CURRENT,962820.35,2026-02-27,962820.35,2026-02-27,962820.35,2026-02-28 23:59:59,962820.35,2026-02-28 23:59:59,BNK-EB92894D23EC,Overdraft Charge,,BANK_ONLY,2026-02-28,0.00,342.46,962820.35,23:59:59,2026-02-28
Demo Company Pvt Ltd,1234567890,Demo Bank Ltd,INR,Coimbatore,DEMOINCCXXX,IN00DEMO1234567890,ACTIVE,CURRENT,962795.06,2026-02-27,962795.06,2026-02-27,962795.06,2026-02-28 23:59:59,962795.06,2026-02-28 23:59:59,BNK-D3B38B09E20E,Card Network Charge,,BANK_ONLY,2026-02-28,0.00,25.29,962795.06,23:59:59,2026-02-28
Demo Company Pvt Ltd,1234567890,Demo Bank Ltd,INR,Coimbatore,DEMOINCCXXX,IN00DEMO1234567890,ACTIVE,CURRENT,962605.99,2026-02-27,962605.99,2026-02-27,962605.99,2026-02-28 23:59:59,962605.99,2026-02-28 23:59:59,BNK-847E85ACDFF1,Overdraft Charge,,BANK_ONLY,2026-02-28,0.00,189.07,962605.99,23:59:59,2026-02-28
Demo Company Pvt Ltd,1234567890,Demo Bank Ltd,INR,Coimbatore,DEMOINCCXXX,IN00DEMO1234567890,ACTIVE,CURRENT,962927.38,2026-02-27,962927.38,2026-02-27,962927.38,2026-02-28 23:59:59,962927.38,2026-02-28 23:59:59,BNK-2D3F7AAAECD3,Sweep Interest,,BANK_ONLY,2026-02-28,321.39,0.00,962927.38,23:59:59,2026-02-28
Demo Company Pvt Ltd,1234567890,Demo Bank Ltd,INR,Coimbatore,DEMOINCCXXX,IN00DEMO1234567890,ACTIVE,CURRENT,962765.89,2026-02-27,962765.89,2026-02-27,962765.89,2026-02-28 23:59:59,962765.89,2026-02-28 23:59:59,BNK-DED5D3333E25,Card Network Charge,,BANK_ONLY,2026-02-28,0.00,161.49,962765.89,23:59:59,2026-02-28
Demo Company Pvt Ltd,1234567890,Demo Bank Ltd,INR,Coimbatore,DEMOINCCXXX,IN00DEMO1234567890,ACTIVE,CURRENT,962895.49,2026-02-27,962895.49,2026-02-27,962895.49,2026-02-28 23:59:59,962895.49,2026-02-28 23:59:59,BNK-7AC40FA9F0CD,Sweep Interest,,BANK_ONLY,2026-02-28,129.60,0.00,962895.49,23:59:59,2026-02-28
Demo Company Pvt Ltd,1234567890,Demo Bank Ltd,INR,Coimbatore,DEMOINCCXXX,IN00DEMO1234567890,ACTIVE,CURRENT,963007.21,2026-02-27,963007.21,2026-02-27,963007.21,2026-02-28 23:59:59,963007.21,2026-02-28 23:59:59,BNK-46860ABBFD60,Sweep Interest,,BANK_ONLY,2026-02-28,111.72,0.00,963007.21,23:59:59,2026-02-28
Demo Company Pvt Ltd,1234567890,Demo Bank Ltd,INR,Coimbatore,DEMOINCCXXX,IN00DEMO1234567890,ACTIVE,CURRENT,962989.96,2026-02-27,962989.96,2026-02-27,962989.96,2026-02-28 23:59:59,962989.96,2026-02-28 23:59:59,BNK-E5D481F841B3,Monthly Account Fee,,BANK_ONLY,2026-02-28,0.00,17.25,962989.96,23:59:59,2026-02-28
Demo Company Pvt Ltd,1234567890,Demo Bank Ltd,INR,Coimbatore,DEMOINCCXXX,IN00DEMO1234567890,ACTIVE,CURRENT,962749.46,2026-02-27,962749.46,2026-02-27,962749.46,2026-02-28 23:59:59,962749.46,2026-02-28 23:59:59,BNK-E6202CF2F8F6,Overdraft Charge,,BANK_ONLY,2026-02-28,0.00,240.50,962749.46,23:59:59,2026-02-28
Demo Company Pvt Ltd,1234567890,Demo Bank Ltd,INR,Coimbatore,DEMOINCCXXX,IN00DEMO1234567890,ACTIVE,CURRENT,962535.02,2026-02-27,962535.02,2026-02-27,962535.02,2026-02-28 23:59:59,962535.02,2026-02-28 23:59:59,BNK-02D29149FF55,Card Network Charge,,BANK_ONLY,2026-02-28,0.00,214.44,962535.02,23:59:59,2026-02-28
